cache_date;index_name;Date;Open;High;Low;Close;Adj Close;Volume
2026-09-04;Dax;2023-06-28;15922.7099609375;15994.3095703125;15906.8798828125;15949.0;15949.0;69914300
2026-09-04;Dax;2023-06-29;15960.4697265625;15998.669921875;15920.0400390625;15946.7197265625;15946.7197265625;54568800
2026-09-04;Dax;2023-06-30;15989.4296875;16176.5498046875;15978.900390625;16147.900390625;16147.900390625;85583300
2026-09-04;Dax;2023-07-03;16187.91015625;16209.2900390625;16070.490234375;16081.0400390625;16081.0400390625;52047600
2026-09-04;Dax;2023-07-04;16082.9296875;16103.9501953125;16023.7197265625;16039.169921875;16039.169921875;42493900
2026-09-04;Dax;2023-07-05;15930.16015625;15982.9599609375;15901.3896484375;15937.580078125;15937.580078125;66456400
2026-09-04;Dax;2023-07-06;15816.1103515625;15846.25;15495.83984375;15528.5400390625;15528.5400390625;80363000
2026-09-04;Dax;2023-07-07;15515.0;15661.41015625;15456.16015625;15603.400390625;15603.400390625;67259700
2026-09-04;Dax;2023-07-10;15585.33984375;15722.0302734375;15545.330078125;15673.16015625;15673.16015625;53384600
2026-09-04;Dax;2023-07-11;15716.259765625;15807.66015625;15659.099609375;15790.33984375;15790.33984375;60828200
2026-09-04;Dax;2023-07-12;15842.259765625;16044.2802734375;15806.2802734375;16023.0;16023.0;72341400
2026-09-04;Dax;2023-07-13;16009.259765625;16185.1103515625;16000.3798828125;16141.0302734375;16141.0302734375;64992600
2026-09-04;Dax;2023-07-14;16123.1298828125;16149.1201171875;16071.740234375;16105.0703125;16105.0703125;61718900
2026-09-04;Dax;2023-07-17;16013.51953125;16102.509765625;15995.4501953125;16068.650390625;16068.650390625;45553500
2026-09-04;Dax;2023-07-18;16042.0302734375;16140.2001953125;16031.0703125;16125.490234375;16125.490234375;56765300
2026-09-04;Dax;2023-07-19;16190.0;16240.7900390625;16075.169921875;16108.9296875;16108.9296875;62950200
2026-09-04;Dax;2023-07-20;16059.2197265625;16211.4296875;16050.98046875;16204.2197265625;16204.2197265625;66295300
2026-09-04;Dax;2023-07-21;16125.2099609375;16181.33984375;16103.48046875;16177.2197265625;16177.2197265625;69913700
2026-09-04;Dax;2023-07-24;16126.7099609375;16208.759765625;16121.26953125;16190.9501953125;16190.9501953125;51532000
2026-09-04;Dax;2023-07-25;16169.75;16225.8896484375;16135.599609375;16211.58984375;16211.58984375;56468900
2026-09-04;Dax;2023-07-26;16183.7001953125;16212.91015625;16000.0400390625;16131.4599609375;16131.4599609375;76242600
2026-09-04;Dax;2023-07-27;16162.16015625;16408.80078125;16131.6396484375;16406.029296875;16406.029296875;96512200
2026-09-04;Dax;2023-07-28;16356.3798828125;16490.130859375;16336.419921875;16469.75;16469.75;70297300
2026-09-04;Dax;2023-07-31;16434.66015625;16528.970703125;16427.470703125;16446.830078125;16446.830078125;60748100
2026-09-04;Dax;2023-08-01;16414.7890625;16430.66015625;16240.400390625;16240.400390625;16240.400390625;63456600
2026-09-04;Dax;2023-08-02;16027.650390625;16140.759765625;15955.3095703125;16020.01953125;16020.01953125;74404800
2026-09-04;Dax;2023-08-03;15879.0302734375;15920.3203125;15807.849609375;15893.3798828125;15893.3798828125;82642000
2026-09-04;Dax;2023-08-04;15917.009765625;15973.9599609375;15784.51953125;15951.8603515625;15951.8603515625;77046600
2026-09-04;Dax;2023-08-07;15877.5400390625;15962.6103515625;15824.7802734375;15950.759765625;15950.759765625;68246900
2026-09-04;Dax;2023-08-08;15868.3095703125;15946.5703125;15706.3095703125;15774.9296875;15774.9296875;80939300
2026-09-04;Dax;2023-08-09;15918.0595703125;15983.7802734375;15831.080078125;15852.580078125;15852.580078125;65516200
2026-09-04;Dax;2023-08-10;15921.419921875;16060.26953125;15880.41015625;15996.51953125;15996.51953125;74907500
2026-09-04;Dax;2023-08-11;15927.7900390625;15962.4501953125;15803.080078125;15832.169921875;15832.169921875;60296700
2026-09-04;Dax;2023-08-14;15818.2099609375;15937.7802734375;15817.58984375;15904.25;15904.25;43608500
2026-09-04;Dax;2023-08-15;15909.5703125;15923.1298828125;15703.0302734375;15767.2802734375;15767.2802734375;45352200
2026-09-04;Dax;2023-08-16;15737.01953125;15814.66015625;15725.099609375;15789.4501953125;15789.4501953125;39651700
2026-09-04;Dax;2023-08-17;15712.9404296875;15793.5302734375;15664.2998046875;15676.900390625;15676.900390625;48603400
2026-09-04;Dax;2023-08-18;15597.1201171875;15612.8798828125;15468.650390625;15574.259765625;15574.259765625;59909500
2026-09-04;Dax;2023-08-21;15573.9501953125;15710.2099609375;15571.8203125;15603.2802734375;15603.2802734375;45251100
2026-09-04;Dax;2023-08-22;15684.6396484375;15799.33984375;15677.4404296875;15705.6201171875;15705.6201171875;42807400
2026-09-04;Dax;2023-08-23;15761.25;15820.9501953125;15672.4296875;15728.41015625;15728.41015625;53425400
2026-09-04;Dax;2023-08-24;15876.2197265625;15896.740234375;15618.6904296875;15621.490234375;15621.490234375;48251600
2026-09-04;Dax;2023-08-25;15582.9501953125;15739.7802734375;15578.9697265625;15631.8203125;15631.8203125;44315200
2026-09-04;Dax;2023-08-28;15756.4697265625;15804.9501953125;15673.8896484375;15792.6103515625;15792.6103515625;43473300
2026-09-04;Dax;2023-08-29;15844.759765625;15942.1201171875;15805.419921875;15930.8798828125;15930.8798828125;49760000
2026-09-04;Dax;2023-08-30;15956.919921875;15960.400390625;15823.330078125;15891.9296875;15891.9296875;49478600
2026-09-04;Dax;2023-08-31;15937.3896484375;16042.66015625;15914.4296875;15947.080078125;15947.080078125;92766900
2026-09-04;Dax;2023-09-01;15936.33984375;15984.58984375;15840.25;15840.33984375;15840.33984375;54045200
2026-09-04;Dax;2023-09-04;15904.6298828125;15958.740234375;15795.9697265625;15824.849609375;15824.849609375;34752500
2026-09-04;Dax;2023-09-05;15729.7802734375;15838.4404296875;15691.490234375;15771.7099609375;15771.7099609375;73334000
2026-09-04;Dax;2023-09-06;15712.58984375;15781.8896484375;15676.509765625;15741.3701171875;15741.3701171875;63047100
2026-09-04;Dax;2023-09-07;15661.66015625;15794.7197265625;15661.3798828125;15718.66015625;15718.66015625;59410800
2026-09-04;Dax;2023-09-08;15777.5595703125;15783.3798828125;15577.0400390625;15740.2998046875;15740.2998046875;63810400
2026-09-04;Dax;2023-09-11;15799.419921875;15867.5703125;15771.0703125;15800.990234375;15800.990234375;65431300
2026-09-04;Dax;2023-09-12;15804.080078125;15808.3798828125;15686.33984375;15715.5302734375;15715.5302734375;58026400
2026-09-04;Dax;2023-09-13;15648.919921875;15726.599609375;15564.6396484375;15654.0302734375;15654.0302734375;68861200
2026-09-04;Dax;2023-09-14;15652.41015625;15824.0595703125;15588.1201171875;15805.2900390625;15805.2900390625;77633300
2026-09-04;Dax;2023-09-15;15940.3896484375;15989.2998046875;15871.169921875;15893.5302734375;15893.5302734375;179829200
2026-09-04;Dax;2023-09-18;15858.8095703125;15870.6201171875;15693.8701171875;15727.1201171875;15727.1201171875;58899600
2026-09-04;Dax;2023-09-19;15688.0703125;15743.900390625;15630.9404296875;15664.48046875;15664.48046875;53581800
2026-09-04;Dax;2023-09-20;15703.08984375;15810.3603515625;15699.33984375;15781.58984375;15781.58984375;54733100
2026-09-04;Dax;2023-09-21;15650.98046875;15696.66015625;15548.6904296875;15571.8603515625;15571.8603515625;65995100
2026-09-04;Dax;2023-09-22;15473.7998046875;15592.26953125;15471.75;15557.2900390625;15557.2900390625;70200200
2026-09-04;Dax;2023-09-25;15513.3203125;15572.1396484375;15329.400390625;15405.490234375;15405.490234375;64522900
2026-09-04;Dax;2023-09-26;15330.91015625;15360.4296875;15229.349609375;15255.8701171875;15255.8701171875;69660000
2026-09-04;Dax;2023-09-27;15225.580078125;15299.6796875;15194.6796875;15217.4501953125;15217.4501953125;72319500
2026-09-04;Dax;2023-09-28;15229.099609375;15323.73046875;15138.66015625;15323.5;15323.5;60119100
2026-09-04;Dax;2023-09-29;15394.8203125;15515.990234375;15382.5595703125;15386.580078125;15386.580078125;110121500
2026-09-04;Dax;2023-10-02;15439.9599609375;15476.3798828125;15192.009765625;15247.2099609375;15247.2099609375;61416800
2026-09-04;Dax;2023-10-03;15184.490234375;15257.8603515625;15074.849609375;15085.2099609375;15085.2099609375;64881000
2026-09-04;Dax;2023-10-04;14979.8095703125;15174.6298828125;14948.080078125;15099.919921875;15099.919921875;75006400
2026-09-04;Dax;2023-10-05;15113.9404296875;15157.7001953125;15048.419921875;15070.2197265625;15070.2197265625;47650800
2026-09-04;Dax;2023-10-06;15109.16015625;15230.8896484375;15033.5498046875;15229.76953125;15229.76953125;65528500
2026-09-04;Dax;2023-10-09;15143.2900390625;15201.0595703125;15077.66015625;15128.1103515625;15128.1103515625;52471000
2026-09-04;Dax;2023-10-10;15272.5703125;15443.4501953125;15272.5703125;15423.51953125;15423.51953125;62641300
2026-09-04;Dax;2023-10-11;15366.7802734375;15486.1103515625;15361.740234375;15460.009765625;15460.009765625;65776100
2026-09-04;Dax;2023-10-12;15537.8701171875;15575.2802734375;15413.2001953125;15425.0302734375;15425.0302734375;52453700
2026-09-04;Dax;2023-10-13;15400.08984375;15409.8896484375;15178.0703125;15186.66015625;15186.66015625;63240100
2026-09-04;Dax;2023-10-16;15219.419921875;15271.509765625;15103.1201171875;15237.990234375;15237.990234375;55502000
2026-09-04;Dax;2023-10-17;15211.2900390625;15288.3203125;15117.240234375;15251.6904296875;15251.6904296875;49443000
2026-09-04;Dax;2023-10-18;15244.0498046875;15271.150390625;15081.6904296875;15094.91015625;15094.91015625;62492400
2026-09-04;Dax;2023-10-19;15060.650390625;15104.3701171875;14984.58984375;15045.23046875;15045.23046875;69923300
2026-09-04;Dax;2023-10-20;14872.01953125;14936.490234375;14798.4697265625;14798.4697265625;14798.4697265625;90638400
2026-09-04;Dax;2023-10-23;14823.0302734375;14838.009765625;14630.2099609375;14800.7197265625;14800.7197265625;61261000
2026-09-04;Dax;2023-10-24;14802.51953125;14916.599609375;14750.3203125;14879.9404296875;14879.9404296875;62022100
2026-09-04;Dax;2023-10-25;14870.6298828125;14933.6904296875;14789.6298828125;14892.1796875;14892.1796875;88086100
2026-09-04;Dax;2023-10-26;14696.2197265625;14795.41015625;14655.080078125;14731.0498046875;14731.0498046875;121803600
2026-09-04;Dax;2023-10-27;14757.1103515625;14824.2900390625;14667.3701171875;14687.41015625;14687.41015625;86539200
2026-09-04;Dax;2023-10-30;14770.9501953125;14798.0;14678.73046875;14716.5400390625;14716.5400390625;76179000
2026-09-04;Dax;2023-10-31;14741.4404296875;14829.6201171875;14722.3798828125;14810.33984375;14810.33984375;75370200
2026-09-04;Dax;2023-11-01;14851.9599609375;14949.580078125;14786.3203125;14923.26953125;14923.26953125;63588700
2026-09-04;Dax;2023-11-02;15033.650390625;15202.4296875;15028.0302734375;15143.599609375;15143.599609375;89446500
2026-09-04;Dax;2023-11-03;15203.7998046875;15269.5;15149.7197265625;15189.25;15189.25;93603800
2026-09-04;Dax;2023-11-06;15219.3203125;15223.41015625;15110.83984375;15135.9697265625;15135.9697265625;59212500
2026-09-04;Dax;2023-11-07;15084.7900390625;15194.5302734375;15068.25;15152.6396484375;15152.6396484375;62049600
2026-09-04;Dax;2023-11-08;15093.48046875;15287.73046875;15086.41015625;15229.599609375;15229.599609375;107586700
2026-09-04;Dax;2023-11-09;15246.5;15364.490234375;15212.990234375;15352.5400390625;15352.5400390625;68377100
2026-09-04;Dax;2023-11-10;15296.580078125;15309.51953125;15171.580078125;15234.3896484375;15234.3896484375;77014100
2026-09-04;Dax;2023-11-13;15285.1201171875;15346.7900390625;15252.26953125;15345.0;15345.0;65170400
2026-09-04;Dax;2023-11-14;15358.58984375;15632.4404296875;15337.599609375;15614.4296875;15614.4296875;98894400
2026-09-04;Dax;2023-11-15;15631.669921875;15759.83984375;15628.1904296875;15748.169921875;15748.169921875;91670700
2026-09-04;Dax;2023-11-16;15806.91015625;15862.08984375;15783.509765625;15786.6103515625;15786.6103515625;68438900
2026-09-04;Dax;2023-11-17;15828.7802734375;15952.4501953125;15826.669921875;15919.16015625;15919.16015625;81125800
2026-09-04;Dax;2023-11-20;15915.240234375;15929.9296875;15854.8203125;15901.330078125;15901.330078125;93605500
2026-09-04;Dax;2023-11-21;15911.01953125;15948.0703125;15891.3095703125;15900.5302734375;15900.5302734375;70926900
2026-09-04;Dax;2023-11-22;15965.1298828125;15998.41015625;15931.740234375;15957.8203125;15957.8203125;58757800
2026-09-04;Dax;2023-11-23;15976.6201171875;16005.4501953125;15958.0595703125;15994.73046875;15994.73046875;38717400
2026-09-04;Dax;2023-11-24;15988.1904296875;16041.169921875;15972.669921875;16029.490234375;16029.490234375;46227600
2026-09-04;Dax;2023-11-27;16007.259765625;16039.419921875;15957.9599609375;15966.3701171875;15966.3701171875;50564800
2026-09-04;Dax;2023-11-28;15939.1904296875;15993.419921875;15915.400390625;15992.669921875;15992.669921875;60601100
2026-09-04;Dax;2023-11-29;16013.16015625;16208.9697265625;16010.48046875;16166.4501953125;16166.4501953125;69366600
2026-09-04;Dax;2023-11-30;16204.740234375;16262.9599609375;16169.1103515625;16215.4296875;16215.4296875;108532100
2026-09-04;Dax;2023-12-01;16296.919921875;16399.060546875;16279.4501953125;16397.51953125;16397.51953125;68139400
2026-09-04;Dax;2023-12-04;16390.169921875;16455.6796875;16386.80078125;16404.759765625;16404.759765625;52149300
2026-09-04;Dax;2023-12-05;16405.140625;16551.33984375;16394.01953125;16533.109375;16533.109375;63916000
2026-09-04;Dax;2023-12-06;16565.650390625;16727.0703125;16536.119140625;16656.439453125;16656.439453125;78581700
2026-09-04;Dax;2023-12-07;16623.890625;16655.30078125;16595.109375;16628.990234375;16628.990234375;76803200
2026-09-04;Dax;2023-12-08;16644.619140625;16782.720703125;16630.1796875;16759.220703125;16759.220703125;77814500
2026-09-04;Dax;2023-12-11;16760.58984375;16817.810546875;16734.26953125;16794.4296875;16794.4296875;66736100
2026-09-04;Dax;2023-12-12;16823.009765625;16837.1796875;16753.810546875;16791.740234375;16791.740234375;67862500
2026-09-04;Dax;2023-12-13;16811.560546875;16836.44921875;16760.119140625;16766.05078125;16766.05078125;65413500
2026-09-04;Dax;2023-12-14;16948.7890625;17003.279296875;16670.349609375;16752.23046875;16752.23046875;141290100
2026-09-04;Dax;2023-12-15;16822.5;16890.109375;16713.69921875;16751.439453125;16751.439453125;173711500
2026-09-04;Dax;2023-12-18;16683.689453125;16744.26953125;16624.650390625;16650.55078125;16650.55078125;56720400
2026-09-04;Dax;2023-12-19;16657.439453125;16750.509765625;16656.640625;16744.41015625;16744.41015625;59217500
2026-09-04;Dax;2023-12-20;16779.41015625;16789.9609375;16694.560546875;16733.05078125;16733.05078125;63366400
2026-09-04;Dax;2023-12-21;16667.310546875;16708.349609375;16624.16015625;16687.419921875;16687.419921875;57871300
2026-09-04;Dax;2023-12-22;16673.30078125;16735.3203125;16651.779296875;16706.1796875;16706.1796875;46295300
2026-09-04;Dax;2023-12-27;16727.76953125;16775.7109375;16697.580078125;16742.0703125;16742.0703125;37678900
2026-09-04;Dax;2023-12-28;16780.94921875;16783.7890625;16688.51953125;16701.55078125;16701.55078125;36091600
2026-09-04;Dax;2023-12-29;16729.259765625;16758.529296875;16726.970703125;16751.640625;16751.640625;26861900
2026-09-04;Dax;2024-01-02;16828.75;16963.470703125;16648.80078125;16769.359375;16769.359375;59893300
2026-09-04;Dax;2024-01-03;16771.349609375;16784.0703125;16479.919921875;16538.390625;16538.390625;70845800
2026-09-04;Dax;2024-01-04;16563.689453125;16626.83984375;16501.400390625;16617.2890625;16617.2890625;65869400
2026-09-04;Dax;2024-01-05;16504.880859375;16645.890625;16448.7109375;16594.2109375;16594.2109375;66762900
2026-09-04;Dax;2024-01-08;16618.509765625;16716.470703125;16517.490234375;16716.470703125;16716.470703125;55073400
2026-09-04;Dax;2024-01-09;16743.26953125;16743.26953125;16611.529296875;16688.359375;16688.359375;59798500
2026-09-04;Dax;2024-01-10;16703.119140625;16753.689453125;16654.990234375;16689.810546875;16689.810546875;61300900
2026-09-04;Dax;2024-01-11;16775.919921875;16839.490234375;16541.380859375;16547.029296875;16547.029296875;72206800
2026-09-04;Dax;2024-01-12;16649.44921875;16752.240234375;16608.0;16704.560546875;16704.560546875;62163000
2026-09-04;Dax;2024-01-15;16723.240234375;16736.16015625;16609.220703125;16622.220703125;16622.220703125;47795000
2026-09-04;Dax;2024-01-16;16497.5390625;16581.9296875;16476.08984375;16571.6796875;16571.6796875;73101900
2026-09-04;Dax;2024-01-17;16400.419921875;16435.6796875;16345.01953125;16431.689453125;16431.689453125;71437800
2026-09-04;Dax;2024-01-18;16440.66015625;16579.119140625;16421.19921875;16567.349609375;16567.349609375;72318600
2026-09-04;Dax;2024-01-19;16626.529296875;16647.849609375;16513.4609375;16555.130859375;16555.130859375;66146800
2026-09-04;Dax;2024-01-22;16684.099609375;16705.490234375;16607.720703125;16683.359375;16683.359375;67438700
2026-09-04;Dax;2024-01-23;16753.08984375;16753.08984375;16626.58984375;16627.08984375;16627.08984375;64365600
2026-09-04;Dax;2024-01-24;16793.26953125;16921.41015625;16760.919921875;16889.919921875;16889.919921875;74569200
2026-09-04;Dax;2024-01-25;16849.759765625;16916.599609375;16785.689453125;16906.919921875;16906.919921875;62016700
2026-09-04;Dax;2024-01-26;16879.009765625;16967.720703125;16849.310546875;16961.390625;16961.390625;84664200
2026-09-04;Dax;2024-01-29;16925.390625;16941.7109375;16860.05078125;16941.7109375;16941.7109375;65956600
2026-09-04;Dax;2024-01-30;16991.369140625;16999.580078125;16946.560546875;16972.33984375;16972.33984375;61107500
2026-09-04;Dax;2024-01-31;16972.470703125;16991.83984375;16884.869140625;16903.759765625;16903.759765625;84388500
2026-09-04;Dax;2024-02-01;16834.130859375;16915.919921875;16821.599609375;16859.0390625;16859.0390625;89451400
2026-09-04;Dax;2024-02-02;16977.75;17004.55078125;16894.669921875;16918.2109375;16918.2109375;85847300
2026-09-04;Dax;2024-02-05;16925.970703125;16972.619140625;16859.0;16904.060546875;16904.060546875;69935700
2026-09-04;Dax;2024-02-06;16965.890625;17049.51953125;16871.3203125;17033.240234375;17033.240234375;75544200
2026-09-04;Dax;2024-02-07;17020.76953125;17021.55078125;16907.150390625;16921.9609375;16921.9609375;93039700
2026-09-04;Dax;2024-02-08;16936.140625;17029.5390625;16889.130859375;16963.830078125;16963.830078125;67419300
2026-09-04;Dax;2024-02-09;16973.580078125;16993.119140625;16876.359375;16926.5;16926.5;61639700
2026-09-04;Dax;2024-02-12;16975.990234375;17042.740234375;16958.80078125;17037.349609375;17037.349609375;53286500
2026-09-04;Dax;2024-02-13;16987.08984375;16991.609375;16831.529296875;16880.830078125;16880.830078125;62956700
2026-09-04;Dax;2024-02-14;16872.890625;16957.779296875;16857.33984375;16945.48046875;16945.48046875;53717300
2026-09-04;Dax;2024-02-15;17022.5390625;17089.119140625;17003.8203125;17046.689453125;17046.689453125;83791100
2026-09-04;Dax;2024-02-16;17117.369140625;17198.44921875;17060.380859375;17117.439453125;17117.439453125;76375500
2026-09-04;Dax;2024-02-19;17075.740234375;17098.609375;17049.220703125;17092.259765625;17092.259765625;43224700
2026-09-04;Dax;2024-02-20;17066.23046875;17084.869140625;17019.150390625;17068.4296875;17068.4296875;62710700
2026-09-04;Dax;2024-02-21;17102.080078125;17157.94921875;17063.25;17118.119140625;17118.119140625;59403800
2026-09-04;Dax;2024-02-22;17326.759765625;17429.66015625;17279.73046875;17370.44921875;17370.44921875;86130500
2026-09-04;Dax;2024-02-23;17372.009765625;17443.740234375;17354.759765625;17419.330078125;17419.330078125;76799700
2026-09-04;Dax;2024-02-26;17396.740234375;17460.529296875;17396.400390625;17423.23046875;17423.23046875;53156400
2026-09-04;Dax;2024-02-27;17431.369140625;17563.41015625;17428.169921875;17556.490234375;17556.490234375;59725400
2026-09-04;Dax;2024-02-28;17569.609375;17605.609375;17552.98046875;17601.220703125;17601.220703125;56644500
2026-09-04;Dax;2024-02-29;17634.609375;17742.48046875;17620.109375;17678.189453125;17678.189453125;102738500
2026-09-04;Dax;2024-03-01;17793.470703125;17816.51953125;17690.890625;17735.0703125;17735.0703125;85782600
2026-09-04;Dax;2024-03-04;17743.439453125;17756.390625;17684.73046875;17716.169921875;17716.169921875;1220700
2026-09-04;Dax;2024-03-05;17682.779296875;17746.5703125;17643.109375;17698.400390625;17698.400390625;74178400
2026-09-04;Dax;2024-03-06;17685.919921875;17745.16015625;17682.509765625;17716.7109375;17716.7109375;91487700
2026-09-04;Dax;2024-03-07;17648.890625;17879.109375;17619.400390625;17842.849609375;17842.849609375;86702800
2026-09-04;Dax;2024-03-08;17849.849609375;17860.509765625;17795.130859375;17814.509765625;17814.509765625;67940300
2026-09-04;Dax;2024-03-11;17690.94921875;17750.720703125;17662.55078125;17746.26953125;17746.26953125;66646400
2026-09-04;Dax;2024-03-12;17810.150390625;17973.220703125;17746.890625;17965.109375;17965.109375;91388300
2026-09-04;Dax;2024-03-13;17984.5;18001.419921875;17939.560546875;17961.380859375;17961.380859375;92880500
2026-09-04;Dax;2024-03-14;18002.970703125;18039.05078125;17899.9296875;17942.0390625;17942.0390625;93590600
2026-09-04;Dax;2024-03-15;17938.140625;18038.109375;17926.720703125;17936.650390625;17936.650390625;202910600
2026-09-04;Dax;2024-03-18;17936.310546875;18015.490234375;17902.919921875;17932.6796875;17932.6796875;63024300
2026-09-04;Dax;2024-03-19;17932.1796875;17998.0390625;17914.1796875;17987.490234375;17987.490234375;73421100
2026-09-04;Dax;2024-03-20;17987.91015625;18044.490234375;17955.689453125;18015.130859375;18015.130859375;61711000
2026-09-04;Dax;2024-03-21;18019.859375;18179.810546875;18019.859375;18179.25;18179.25;79118500
2026-09-04;Dax;2024-03-22;18175.080078125;18225.970703125;18140.990234375;18205.939453125;18205.939453125;68616300
2026-09-04;Dax;2024-03-25;18206.359375;18285.580078125;18176.849609375;18261.310546875;18261.310546875;53804600
2026-09-04;Dax;2024-03-26;18262.109375;18411.98046875;18256.810546875;18384.349609375;18384.349609375;58786600
2026-09-04;Dax;2024-03-27;18385.169921875;18511.169921875;18385.169921875;18477.08984375;18477.08984375;66344700
2026-09-04;Dax;2024-03-28;18477.400390625;18513.830078125;18468.869140625;18492.490234375;18492.490234375;75716300
2026-09-04;Dax;2024-04-02;18492.359375;18567.16015625;18275.939453125;18283.130859375;18283.130859375;82077300
2026-09-04;Dax;2024-04-03;18281.8203125;18376.080078125;18281.8203125;18367.720703125;18367.720703125;76334900
2026-09-04;Dax;2024-04-04;18366.369140625;18427.4296875;18340.240234375;18403.130859375;18403.130859375;62521400
2026-09-04;Dax;2024-04-05;18401.830078125;18401.830078125;18088.029296875;18175.0390625;18175.0390625;77046500
2026-09-04;Dax;2024-04-08;18163.390625;18326.369140625;18163.390625;18318.970703125;18318.970703125;61073600
2026-09-04;Dax;2024-04-09;18318.400390625;18318.509765625;18058.220703125;18076.689453125;18076.689453125;65276400
2026-09-04;Dax;2024-04-10;18078.890625;18239.5;17975.83984375;18097.30078125;18097.30078125;83348200
2026-09-04;Dax;2024-04-11;18096.509765625;18101.310546875;17864.689453125;17954.48046875;17954.48046875;84365100
2026-09-04;Dax;2024-04-12;17965.94921875;18162.560546875;17860.73046875;17930.3203125;17930.3203125;78993900
2026-09-04;Dax;2024-04-15;17937.619140625;18191.94921875;17937.619140625;18026.580078125;18026.580078125;65138500
2026-09-04;Dax;2024-04-16;18022.169921875;18022.689453125;17713.5;17766.23046875;17766.23046875;73217300
2026-09-04;Dax;2024-04-17;17764.029296875;17907.580078125;17731.7890625;17770.01953125;17770.01953125;55970700
2026-09-04;Dax;2024-04-18;17775.41015625;17863.3203125;17716.919921875;17837.400390625;17837.400390625;60700500
2026-09-04;Dax;2024-04-19;17834.830078125;17834.869140625;17626.900390625;17737.359375;17737.359375;79447700
2026-09-04;Dax;2024-04-22;17738.0390625;17889.470703125;17738.0390625;17860.80078125;17860.80078125;62454400
2026-09-04;Dax;2024-04-23;17861.19921875;18144.66015625;17861.19921875;18137.650390625;18137.650390625;68529200
2026-09-04;Dax;2024-04-24;18140.189453125;18226.3203125;18060.259765625;18088.69921875;18088.69921875;75104600
2026-09-04;Dax;2024-04-25;18088.169921875;18100.75;17795.9609375;17917.279296875;17917.279296875;101517300
2026-09-04;Dax;2024-04-26;17920.73046875;18199.7109375;17920.73046875;18161.009765625;18161.009765625;76008600
2026-09-04;Dax;2024-04-29;18162.150390625;18235.80078125;18103.4296875;18118.3203125;18118.3203125;77251000
2026-09-04;Dax;2024-04-30;18119.9296875;18153.689453125;17920.720703125;17932.169921875;17932.169921875;88206200
2026-09-04;Dax;2024-05-02;17935.779296875;17981.0390625;17875.98046875;17896.5;17896.5;71332200
2026-09-04;Dax;2024-05-03;17900.150390625;18105.8203125;17900.01953125;18001.599609375;18001.599609375;71259900
2026-09-04;Dax;2024-05-06;18001.130859375;18199.150390625;18001.130859375;18175.2109375;18175.2109375;46036600
2026-09-04;Dax;2024-05-07;18175.2109375;18442.400390625;18175.2109375;18430.05078125;18430.05078125;85365200
2026-09-04;Dax;2024-05-08;18430.25;18542.099609375;18427.259765625;18498.380859375;18498.380859375;74222500
2026-09-04;Dax;2024-05-09;18498.08984375;18699.2890625;18488.0390625;18686.599609375;18686.599609375;53613600
2026-09-04;Dax;2024-05-10;18686.849609375;18845.859375;18686.849609375;18772.849609375;18772.849609375;87914100
2026-09-04;Dax;2024-05-13;18773.240234375;18799.76953125;18706.080078125;18742.220703125;18742.220703125;66373100
2026-09-04;Dax;2024-05-14;18735.83984375;18748.759765625;18629.029296875;18716.419921875;18716.419921875;73288600
2026-09-04;Dax;2024-05-15;18719.810546875;18892.919921875;18719.810546875;18869.359375;18869.359375;81628700
2026-09-04;Dax;2024-05-16;18874.849609375;18890.779296875;18716.330078125;18738.810546875;18738.810546875;76322100
2026-09-04;Dax;2024-05-17;18713.25;18724.01953125;18627.91015625;18704.419921875;18704.419921875;75994100
2026-09-04;Dax;2024-05-20;18710.130859375;18804.0;18710.130859375;18768.9609375;18768.9609375;41185400
2026-09-04;Dax;2024-05-21;18768.640625;18768.640625;18638.140625;18726.759765625;18726.759765625;65727800
2026-09-04;Dax;2024-05-22;18731.650390625;18731.650390625;18642.19921875;18680.19921875;18680.19921875;57984200
2026-09-04;Dax;2024-05-23;18682.48046875;18766.6796875;18639.169921875;18691.3203125;18691.3203125;63719300
2026-09-04;Dax;2024-05-24;18687.599609375;18706.650390625;18515.83984375;18693.369140625;18693.369140625;53855900
2026-09-04;Dax;2024-05-27;18703.130859375;18775.130859375;18680.810546875;18774.7109375;18774.7109375;37335400
2026-09-04;Dax;2024-05-28;18775.55078125;18855.05078125;18635.0390625;18677.869140625;18677.869140625;52670400
2026-09-04;Dax;2024-05-29;18677.69921875;18677.69921875;18438.009765625;18473.2890625;18473.2890625;59553600
2026-09-04;Dax;2024-05-30;18465.470703125;18531.849609375;18394.4296875;18496.7890625;18496.7890625;52348300
2026-09-04;Dax;2024-05-31;18495.220703125;18542.26953125;18426.720703125;18497.939453125;18497.939453125;144013800
2026-09-04;Dax;2024-06-03;18503.7890625;18697.08984375;18503.7890625;18608.16015625;18608.16015625;54181600
2026-09-04;Dax;2024-06-04;18608.30078125;18608.30078125;18365.529296875;18405.640625;18405.640625;81414800
2026-09-04;Dax;2024-06-05;18406.060546875;18624.359375;18406.060546875;18575.939453125;18575.939453125;63882100
2026-09-04;Dax;2024-06-06;18576.580078125;18784.650390625;18576.580078125;18652.669921875;18652.669921875;60878800
2026-09-04;Dax;2024-06-07;18649.080078125;18649.080078125;18424.599609375;18557.26953125;18557.26953125;61383200
2026-09-04;Dax;2024-06-10;18550.330078125;18550.330078125;18359.419921875;18494.890625;18494.890625;53451600
2026-09-04;Dax;2024-06-11;18497.849609375;18543.0390625;18281.560546875;18369.939453125;18369.939453125;63755500
2026-09-04;Dax;2024-06-12;18368.51953125;18651.69921875;18368.51953125;18630.859375;18630.859375;61490000
2026-09-04;Dax;2024-06-13;18632.009765625;18632.009765625;18253.419921875;18265.6796875;18265.6796875;72490900
2026-09-04;Dax;2024-06-14;18267.6796875;18304.7890625;17951.169921875;18002.01953125;18002.01953125;92522600
2026-09-04;Dax;2024-06-17;18008.23046875;18149.330078125;17969.5390625;18068.2109375;18068.2109375;57818800
2026-09-04;Dax;2024-06-18;18073.439453125;18214.19921875;18073.240234375;18131.970703125;18131.970703125;50843000
2026-09-04;Dax;2024-06-19;18131.349609375;18148.009765625;18055.630859375;18067.91015625;18067.91015625;52036900
2026-09-04;Dax;2024-06-20;18068.669921875;18254.1796875;18068.580078125;18254.1796875;18254.1796875;59523600
2026-09-04;Dax;2024-06-21;18254.5703125;18257.939453125;18090.0390625;18163.51953125;18163.51953125;154535300
2026-09-04;Dax;2024-06-24;18165.5390625;18354.7109375;18165.5390625;18325.580078125;18325.580078125;61738700
2026-09-04;Dax;2024-06-25;18300.419921875;18307.609375;18075.75;18177.619140625;18177.619140625;54133500
2026-09-04;Dax;2024-06-26;18176.80078125;18363.390625;18045.5390625;18155.240234375;18155.240234375;56452300
2026-09-04;Dax;2024-06-27;18154.970703125;18265.51953125;18141.279296875;18210.55078125;18210.55078125;54448500
2026-09-04;Dax;2024-06-28;18211.970703125;18352.650390625;18198.099609375;18235.44921875;18235.44921875;64588100
2026-09-04;Dax;2024-07-01;18236.349609375;18460.720703125;18236.26953125;18290.66015625;18290.66015625;55846500
2026-09-04;Dax;2024-07-02;18286.859375;18286.859375;18030.490234375;18164.060546875;18164.060546875;57146800
2026-09-04;Dax;2024-07-03;18181.7109375;18395.599609375;18181.7109375;18374.529296875;18374.529296875;59157800
2026-09-04;Dax;2024-07-04;18375.9609375;18468.16015625;18375.6796875;18450.48046875;18450.48046875;34330900
2026-09-04;Dax;2024-07-05;18450.58984375;18650.359375;18420.5703125;18475.44921875;18475.44921875;45501300
2026-09-04;Dax;2024-07-08;18474.26953125;18631.609375;18444.060546875;18472.05078125;18472.05078125;45306600
2026-09-04;Dax;2024-07-09;18471.349609375;18473.0;18213.98046875;18236.189453125;18236.189453125;56403100
2026-09-04;Dax;2024-07-10;18236.75;18420.130859375;18236.75;18407.220703125;18407.220703125;49277300
2026-09-04;Dax;2024-07-11;18409.69921875;18578.44921875;18409.650390625;18534.560546875;18534.560546875;50928500
2026-09-04;Dax;2024-07-12;18534.490234375;18779.400390625;18528.390625;18748.1796875;18748.1796875;49829900
2026-09-04;Dax;2024-07-15;18736.109375;18743.6796875;18581.01953125;18590.890625;18590.890625;42769100
2026-09-04;Dax;2024-07-16;18586.419921875;18586.419921875;18448.26953125;18518.029296875;18518.029296875;45194900
2026-09-04;Dax;2024-07-17;18512.109375;18532.66015625;18347.240234375;18437.30078125;18437.30078125;49011600
2026-09-04;Dax;2024-07-18;18439.330078125;18536.259765625;18352.330078125;18354.759765625;18354.759765625;52139700
2026-09-04;Dax;2024-07-19;18340.849609375;18341.8203125;18162.30078125;18171.9296875;18171.9296875;58262300
2026-09-04;Dax;2024-07-22;18270.849609375;18468.599609375;18231.41015625;18407.0703125;18407.0703125;46821100
2026-09-04;Dax;2024-07-23;18500.669921875;18647.099609375;18464.220703125;18557.69921875;18557.69921875;48611000
2026-09-04;Dax;2024-07-24;18394.30078125;18456.390625;18348.990234375;18387.4609375;18387.4609375;71705700
2026-09-04;Dax;2024-07-25;18209.400390625;18326.1796875;18096.689453125;18298.720703125;18298.720703125;70728300
2026-09-04;Dax;2024-07-26;18255.349609375;18428.880859375;18218.5390625;18417.55078125;18417.55078125;46952600
2026-09-04;Dax;2024-07-29;18542.4296875;18546.3203125;18309.26953125;18320.669921875;18320.669921875;42845500
2026-09-04;Dax;2024-07-30;18363.9296875;18469.080078125;18341.419921875;18411.1796875;18411.1796875;43049700
2026-09-04;Dax;2024-07-31;18503.1796875;18564.390625;18434.8203125;18508.650390625;18508.650390625;62448100
2026-09-04;Dax;2024-08-01;18432.5;18440.919921875;18069.619140625;18083.05078125;18083.05078125;71404300
2026-09-04;Dax;2024-08-02;17884.859375;17918.01953125;17623.970703125;17661.220703125;17661.220703125;93521900
2026-09-04;Dax;2024-08-05;17525.58984375;17525.58984375;17024.8203125;17339.0;17339.0;101880300
2026-09-04;Dax;2024-08-06;17422.5703125;17505.23046875;17233.0703125;17354.3203125;17354.3203125;78115300
2026-09-04;Dax;2024-08-07;17438.650390625;17666.8203125;17386.880859375;17615.150390625;17615.150390625;73601400
2026-09-04;Dax;2024-08-08;17516.05078125;17696.669921875;17439.869140625;17680.400390625;17680.400390625;61730800
2026-09-04;Dax;2024-08-09;17672.900390625;17788.720703125;17618.419921875;17722.880859375;17722.880859375;0
2026-09-04;Dax;2024-08-12;17784.029296875;17829.099609375;17677.7890625;17726.470703125;17726.470703125;38708600
2026-09-04;Dax;2024-08-13;17799.66015625;17817.0703125;17669.640625;17812.05078125;17812.05078125;0
2026-09-04;Dax;2024-08-14;17882.1796875;17921.990234375;17827.080078125;17885.599609375;17885.599609375;0
2026-09-04;Dax;2024-08-15;17977.810546875;18198.08984375;17909.740234375;18183.240234375;18183.240234375;0
2026-09-04;Dax;2024-08-16;18236.01953125;18344.220703125;18226.599609375;18322.400390625;18322.400390625;63794900
2026-09-04;Dax;2024-08-19;18312.509765625;18454.939453125;18284.859375;18421.689453125;18421.689453125;43769700
2026-09-04;Dax;2024-08-20;18473.23046875;18495.279296875;18349.98046875;18357.51953125;18357.51953125;42912000
2026-09-04;Dax;2024-08-21;18358.7890625;18476.630859375;18352.189453125;18448.94921875;18448.94921875;36068100
2026-09-04;Dax;2024-08-22;18459.279296875;18551.390625;18458.609375;18493.390625;18493.390625;40950900
2026-09-04;Dax;2024-08-23;18538.869140625;18670.44921875;18519.2890625;18633.099609375;18633.099609375;41122500
2026-09-04;Dax;2024-08-26;18589.900390625;18638.970703125;18554.509765625;18617.01953125;18617.01953125;23952300
2026-09-04;Dax;2024-08-27;18637.19921875;18724.390625;18622.66015625;18681.810546875;18681.810546875;35308200
2026-09-04;Dax;2024-08-28;18745.140625;18856.58984375;18731.44921875;18782.2890625;18782.2890625;37615100
2026-09-04;Dax;2024-08-29;18791.169921875;18936.0390625;18781.16015625;18912.5703125;18912.5703125;39421500
2026-09-04;Dax;2024-08-30;18891.349609375;18970.7109375;18886.08984375;18906.919921875;18906.919921875;95583000
2026-09-04;Dax;2024-09-02;18913.529296875;18937.98046875;18778.5390625;18930.849609375;18930.849609375;36654700
2026-09-04;Dax;2024-09-03;18979.529296875;18990.779296875;18728.4609375;18747.109375;18747.109375;51866700
2026-09-04;Dax;2024-09-04;18531.98046875;18654.19921875;18531.98046875;18591.849609375;18591.849609375;52360600
2026-09-04;Dax;2024-09-05;18539.150390625;18677.630859375;18536.560546875;18576.5;18576.5;57259500
2026-09-04;Dax;2024-09-06;18534.869140625;18607.7890625;18274.98046875;18301.900390625;18301.900390625;60804900
2026-09-04;Dax;2024-09-09;18379.51953125;18484.279296875;18353.25;18443.560546875;18443.560546875;43109500
2026-09-04;Dax;2024-09-10;18417.109375;18490.6796875;18233.859375;18265.919921875;18265.919921875;70039500
2026-09-04;Dax;2024-09-11;18342.5703125;18434.619140625;18208.83984375;18330.26953125;18330.26953125;87371800
2026-09-04;Dax;2024-09-12;18533.41015625;18595.830078125;18382.259765625;18518.390625;18518.390625;61591100
2026-09-04;Dax;2024-09-13;18546.220703125;18722.189453125;18542.23046875;18699.400390625;18699.400390625;69687600
2026-09-04;Dax;2024-09-16;18621.779296875;18672.23046875;18599.529296875;18633.109375;18633.109375;51208600
2026-09-04;Dax;2024-09-17;18686.759765625;18805.08984375;18671.640625;18726.080078125;18726.080078125;60260500
2026-09-04;Dax;2024-09-18;18729.640625;18756.529296875;18695.369140625;18711.490234375;18711.490234375;56152800
2026-09-04;Dax;2024-09-19;18877.5703125;19044.9609375;18806.16015625;19002.380859375;19002.380859375;80223000
2026-09-04;Dax;2024-09-20;18895.8203125;18900.439453125;18710.33984375;18720.009765625;18720.009765625;155117400
2026-09-04;Dax;2024-09-23;18766.919921875;18857.369140625;18684.33984375;18846.7890625;18846.7890625;67192700
2026-09-04;Dax;2024-09-24;18982.400390625;19029.44921875;18903.48046875;18996.630859375;18996.630859375;57329700
2026-09-04;Dax;2024-09-25;18845.919921875;18965.009765625;18840.130859375;18918.5;18918.5;52174600
2026-09-04;Dax;2024-09-26;19107.859375;19253.0703125;19088.419921875;19238.359375;19238.359375;78292900
2026-09-04;Dax;2024-09-27;19257.6796875;19491.9296875;19239.859375;19473.630859375;19473.630859375;77616700
2026-09-04;Dax;2024-09-30;19412.330078125;19449.98046875;19314.33984375;19324.9296875;19324.9296875;67084500
2026-09-04;Dax;2024-10-01;19409.390625;19448.94921875;19143.7890625;19213.140625;19213.140625;69875300
2026-09-04;Dax;2024-10-02;19221.66015625;19250.890625;19059.599609375;19164.75;19164.75;49480800
2026-09-04;Dax;2024-10-03;19074.44921875;19110.310546875;18964.310546875;19015.41015625;19015.41015625;46992800
2026-09-04;Dax;2024-10-04;18968.849609375;19171.5390625;18952.439453125;19120.9296875;19120.9296875;58396000
2026-09-04;Dax;2024-10-07;19150.26953125;19151.970703125;19011.939453125;19104.099609375;19104.099609375;46285500
2026-09-04;Dax;2024-10-08;18937.69921875;19098.48046875;18911.720703125;19066.470703125;19066.470703125;49308400
2026-09-04;Dax;2024-10-09;19065.1796875;19259.119140625;19007.849609375;19254.9296875;19254.9296875;53333500
2026-09-04;Dax;2024-10-10;19242.849609375;19285.16015625;19145.419921875;19210.900390625;19210.900390625;52366500
2026-09-04;Dax;2024-10-11;19206.310546875;19377.099609375;19175.779296875;19373.830078125;19373.830078125;54978200
2026-09-04;Dax;2024-10-14;19409.689453125;19518.439453125;19392.640625;19508.2890625;19508.2890625;43005800
2026-09-04;Dax;2024-10-15;19581.5703125;19633.91015625;19457.490234375;19486.189453125;19486.189453125;69656200
2026-09-04;Dax;2024-10-16;19465.30078125;19510.259765625;19401.5390625;19432.810546875;19432.810546875;51088700
2026-09-04;Dax;2024-10-17;19509.7890625;19674.6796875;19499.4609375;19583.390625;19583.390625;49000700
2026-09-04;Dax;2024-10-18;19543.7109375;19667.33984375;19540.19921875;19657.369140625;19657.369140625;57112300
2026-09-04;Dax;2024-10-21;19609.419921875;19645.01953125;19451.720703125;19461.189453125;19461.189453125;41631500
2026-09-04;Dax;2024-10-22;19528.91015625;19591.490234375;19368.689453125;19421.91015625;19421.91015625;54438000
2026-09-04;Dax;2024-10-23;19399.330078125;19464.5390625;19330.109375;19377.619140625;19377.619140625;52260500
2026-09-04;Dax;2024-10-24;19417.73046875;19555.44921875;19417.73046875;19443.0;19443.0;55469100
2026-09-04;Dax;2024-10-25;19419.51953125;19516.240234375;19388.91015625;19463.58984375;19463.58984375;46014500
2026-09-04;Dax;2024-10-28;19528.669921875;19570.919921875;19399.16015625;19531.619140625;19531.619140625;46669100
2026-09-04;Dax;2024-10-29;19634.330078125;19643.119140625;19465.0;19478.0703125;19478.0703125;46982400
2026-09-04;Dax;2024-10-30;19403.4296875;19420.939453125;19201.240234375;19257.33984375;19257.33984375;59541100
2026-09-04;Dax;2024-10-31;19096.6796875;19184.310546875;19004.970703125;19077.5390625;19077.5390625;63370400
2026-09-04;Dax;2024-11-01;19093.990234375;19297.640625;19082.099609375;19254.970703125;19254.970703125;45756600
2026-09-04;Dax;2024-11-04;19231.859375;19286.0390625;19147.759765625;19147.849609375;19147.849609375;43111600
2026-09-04;Dax;2024-11-05;19170.150390625;19263.140625;19104.58984375;19256.26953125;19256.26953125;47179800
2026-09-04;Dax;2024-11-06;19360.75;19563.970703125;19007.880859375;19039.310546875;19039.310546875;112726700
2026-09-04;Dax;2024-11-07;19157.220703125;19437.880859375;19148.7890625;19362.51953125;19362.51953125;83268900
2026-09-04;Dax;2024-11-08;19411.58984375;19411.599609375;19146.529296875;19215.48046875;19215.48046875;69792500
2026-09-04;Dax;2024-11-11;19386.69921875;19546.900390625;19382.48046875;19448.599609375;19448.599609375;59016800
2026-09-04;Dax;2024-11-12;19260.580078125;19339.8203125;19019.669921875;19033.640625;19033.640625;92931100
2026-09-04;Dax;2024-11-13;19024.279296875;19125.689453125;18838.6796875;19003.109375;19003.109375;92679600
2026-09-04;Dax;2024-11-14;19072.189453125;19307.5703125;19060.439453125;19263.69921875;19263.69921875;77861900
2026-09-04;Dax;2024-11-15;19135.640625;19288.890625;19121.140625;19210.810546875;19210.810546875;67439800
2026-09-04;Dax;2024-11-18;19249.259765625;19279.16015625;19091.900390625;19189.189453125;19189.189453125;51546500
2026-09-04;Dax;2024-11-19;19175.83984375;19211.80078125;18812.529296875;19060.310546875;19060.310546875;62320400
2026-09-04;Dax;2024-11-20;19153.029296875;19198.740234375;18962.189453125;19004.779296875;19004.779296875;53795400
2026-09-04;Dax;2024-11-21;19060.919921875;19152.609375;18900.01953125;19146.169921875;19146.169921875;55646800
2026-09-04;Dax;2024-11-22;19240.23046875;19338.099609375;19036.41015625;19322.58984375;19322.58984375;71164000
2026-09-04;Dax;2024-11-25;19462.240234375;19468.30078125;19329.880859375;19405.19921875;19405.19921875;121851800
2026-09-04;Dax;2024-11-26;19309.16015625;19385.349609375;19239.369140625;19295.98046875;19295.98046875;60758200
2026-09-04;Dax;2024-11-27;19257.76953125;19287.0390625;19145.009765625;19261.75;19261.75;51794500
2026-09-04;Dax;2024-11-28;19366.720703125;19437.5703125;19346.58984375;19425.73046875;19425.73046875;42531100
2026-09-04;Dax;2024-11-29;19400.380859375;19640.150390625;19380.2109375;19626.44921875;19626.44921875;52162600
2026-09-04;Dax;2024-12-02;19586.169921875;19933.619140625;19568.5;19933.619140625;19933.619140625;63210300
2026-09-04;Dax;2024-12-03;19947.1796875;20038.009765625;19926.259765625;20016.75;20016.75;63234700
2026-09-04;Dax;2024-12-04;20103.890625;20260.609375;20085.310546875;20232.140625;20232.140625;63418900
2026-09-04;Dax;2024-12-05;20218.2890625;20373.4296875;20216.330078125;20358.80078125;20358.80078125;58274500
2026-09-04;Dax;2024-12-06;20374.5390625;20425.859375;20331.240234375;20384.609375;20384.609375;61610000
2026-09-04;Dax;2024-12-09;20461.849609375;20461.849609375;20318.259765625;20345.9609375;20345.9609375;58794900
2026-09-04;Dax;2024-12-10;20278.740234375;20393.859375;20277.630859375;20329.16015625;20329.16015625;66183800
2026-09-04;Dax;2024-12-11;20296.189453125;20415.41015625;20292.859375;20399.16015625;20399.16015625;59728100
2026-09-04;Dax;2024-12-12;20440.0703125;20453.439453125;20388.029296875;20426.26953125;20426.26953125;55684800
2026-09-04;Dax;2024-12-13;20450.9609375;20522.8203125;20367.119140625;20405.919921875;20405.919921875;52015900
2026-09-04;Dax;2024-12-16;20360.75;20387.880859375;20304.779296875;20313.810546875;20313.810546875;64212700
2026-09-04;Dax;2024-12-17;20290.9609375;20356.580078125;20241.5;20246.369140625;20246.369140625;70862400
2026-09-04;Dax;2024-12-18;20273.849609375;20329.669921875;20241.98046875;20242.5703125;20242.5703125;62488100
2026-09-04;Dax;2024-12-19;20032.05078125;20105.099609375;19959.1796875;19969.859375;19969.859375;70045700
2026-09-04;Dax;2024-12-20;19822.869140625;19924.69921875;19649.869140625;19884.75;19884.75;135977900
2026-09-04;Dax;2024-12-23;19847.970703125;19901.3203125;19805.5703125;19848.76953125;19848.76953125;38341600
2026-09-04;Dax;2024-12-27;19831.6796875;19984.3203125;19801.330078125;19984.3203125;19984.3203125;43396400
2026-09-04;Dax;2024-12-30;19892.970703125;19978.0;19882.669921875;19909.140625;19909.140625;26662200
2026-09-04;Dax;2025-01-02;19923.0703125;20024.7890625;19833.8203125;20024.66015625;20024.66015625;52445600
2026-09-04;Dax;2025-01-03;20028.400390625;20031.109375;19868.140625;19906.080078125;19906.080078125;44372900
2026-09-04;Dax;2025-01-06;19982.66015625;20216.189453125;19921.119140625;20216.189453125;20216.189453125;70784900
2026-09-04;Dax;2025-01-07;20206.0390625;20391.169921875;20152.69921875;20340.5703125;20340.5703125;62020000
2026-09-04;Dax;2025-01-08;20322.169921875;20480.490234375;20242.560546875;20329.939453125;20329.939453125;62954900
2026-09-04;Dax;2025-01-09;20284.19921875;20360.380859375;20245.9609375;20317.099609375;20317.099609375;50177100
2026-09-04;Dax;2025-01-10;20316.55078125;20400.51953125;20187.970703125;20214.7890625;20214.7890625;76245500
2026-09-04;Dax;2025-01-13;20157.240234375;20176.109375;20025.279296875;20132.849609375;20132.849609375;56263600
2026-09-04;Dax;2025-01-14;20266.140625;20362.58984375;20234.259765625;20271.330078125;20271.330078125;65394100
2026-09-04;Dax;2025-01-15;20305.240234375;20629.76953125;20290.619140625;20574.6796875;20574.6796875;81035100
2026-09-04;Dax;2025-01-16;20665.609375;20675.080078125;20580.08984375;20655.390625;20655.390625;66273400
2026-09-04;Dax;2025-01-17;20732.0390625;20924.5;20716.380859375;20903.390625;20903.390625;76253100
2026-09-04;Dax;2025-01-20;20900.6796875;21054.599609375;20880.5703125;20990.310546875;20990.310546875;49988700
2026-09-04;Dax;2025-01-21;20925.75;21045.669921875;20922.80078125;21042.0;21042.0;49305500
2026-09-04;Dax;2025-01-22;21169.609375;21330.869140625;21162.310546875;21254.26953125;21254.26953125;63282300
2026-09-04;Dax;2025-01-23;21277.580078125;21423.01953125;21254.080078125;21411.529296875;21411.529296875;56353200
2026-09-04;Dax;2025-01-24;21463.150390625;21520.5;21353.009765625;21394.9296875;21394.9296875;67380500
2026-09-04;Dax;2025-01-27;21201.990234375;21344.98046875;21081.609375;21282.1796875;21282.1796875;79343800
2026-09-04;Dax;2025-01-28;21374.2890625;21475.900390625;21296.330078125;21430.580078125;21430.580078125;68020300
2026-09-04;Dax;2025-01-29;21511.470703125;21671.58984375;21475.640625;21637.529296875;21637.529296875;69568800
2026-09-04;Dax;2025-01-30;21676.220703125;21732.05078125;21650.779296875;21727.19921875;21727.19921875;81446400
2026-09-04;Dax;2025-01-31;21771.490234375;21800.51953125;21689.2890625;21732.05078125;21732.05078125;70233900
2026-09-04;Dax;2025-02-03;21301.529296875;21462.7890625;21252.7109375;21428.240234375;21428.240234375;80512800
2026-09-04;Dax;2025-02-04;21474.7890625;21518.5390625;21298.7109375;21505.69921875;21505.69921875;63679500
2026-09-04;Dax;2025-02-05;21429.830078125;21585.9296875;21387.720703125;21585.9296875;21585.9296875;61173700
2026-09-04;Dax;2025-02-06;21718.099609375;21921.01953125;21691.5703125;21902.419921875;21902.419921875;75964300
2026-09-04;Dax;2025-02-07;21908.48046875;21945.310546875;21759.970703125;21787.0;21787.0;68654900
2026-09-04;Dax;2025-02-10;21830.9296875;21945.5703125;21785.01953125;21911.740234375;21911.740234375;54330700
2026-09-04;Dax;2025-02-11;21909.9609375;22046.41015625;21884.380859375;22037.830078125;22037.830078125;55759600
2026-09-04;Dax;2025-02-12;22077.8203125;22193.650390625;21971.630859375;22148.029296875;22148.029296875;73775600
2026-09-04;Dax;2025-02-13;22410.580078125;22624.5703125;22306.330078125;22612.01953125;22612.01953125;96482400
2026-09-04;Dax;2025-02-14;22526.869140625;22609.970703125;22467.369140625;22513.419921875;22513.419921875;68291600
2026-09-04;Dax;2025-02-17;22589.91015625;22804.19921875;22550.73046875;22798.08984375;22798.08984375;49597100
2026-09-04;Dax;2025-02-18;22851.369140625;22882.76953125;22715.25;22844.5;22844.5;61526100
2026-09-04;Dax;2025-02-19;22875.9609375;22935.060546875;22416.109375;22433.630859375;22433.630859375;72215900
2026-09-04;Dax;2025-02-20;22501.2109375;22574.58984375;22280.23046875;22314.650390625;22314.650390625;70289500
2026-09-04;Dax;2025-02-21;22329.220703125;22393.58984375;22226.33984375;22287.560546875;22287.560546875;73524500
2026-09-04;Dax;2025-02-24;22470.6796875;22515.359375;22235.259765625;22425.9296875;22425.9296875;72044300
2026-09-04;Dax;2025-02-25;22362.810546875;22576.119140625;22332.150390625;22410.26953125;22410.26953125;71533100
2026-09-04;Dax;2025-02-26;22571.9296875;22833.25;22554.369140625;22794.109375;22794.109375;81091100
2026-09-04;Dax;2025-02-27;22587.26953125;22686.41015625;22378.060546875;22550.890625;22550.890625;74227200
2026-09-04;Dax;2025-02-28;22409.25;22551.4296875;22329.060546875;22551.4296875;22551.4296875;119058500
2026-09-04;Dax;2025-03-03;22682.94921875;23307.970703125;22531.599609375;23147.01953125;23147.01953125;94040900
2026-09-04;Dax;2025-03-04;22852.720703125;22869.919921875;22320.0703125;22326.810546875;22326.810546875;108160100
2026-09-04;Dax;2025-03-05;22804.810546875;23176.390625;22790.890625;23081.029296875;23081.029296875;143963500
2026-09-04;Dax;2025-03-06;23245.33984375;23475.880859375;23061.5703125;23419.48046875;23419.48046875;149033300
2026-09-04;Dax;2025-03-07;23195.220703125;23234.279296875;22860.080078125;23008.939453125;23008.939453125;106635100
2026-09-04;Dax;2025-03-10;23163.779296875;23164.240234375;22519.2109375;22620.94921875;22620.94921875;108707000
2026-09-04;Dax;2025-03-11;22680.390625;22835.099609375;22258.30078125;22328.76953125;22328.76953125;97374800
2026-09-04;Dax;2025-03-12;22525.740234375;22813.83984375;22461.76953125;22676.41015625;22676.41015625;80929100
2026-09-04;Dax;2025-03-13;22578.099609375;22752.830078125;22417.51953125;22567.140625;22567.140625;78955600
2026-09-04;Dax;2025-03-14;22501.33984375;23049.48046875;22465.119140625;22986.8203125;22986.8203125;93287400
2026-09-04;Dax;2025-03-17;22998.529296875;23154.5703125;22933.5703125;23154.5703125;23154.5703125;67152000
2026-09-04;Dax;2025-03-18;23266.650390625;23476.009765625;23240.560546875;23380.69921875;23380.69921875;80663300
2026-09-04;Dax;2025-03-19;23272.150390625;23372.080078125;23136.5390625;23288.060546875;23288.060546875;79641400
2026-09-04;Dax;2025-03-20;23295.720703125;23315.490234375;22819.759765625;22999.150390625;22999.150390625;92465800
2026-09-04;Dax;2025-03-21;22926.419921875;22956.98046875;22723.189453125;22891.6796875;22891.6796875;146780700
2026-09-04;Dax;2025-03-24;23075.759765625;23137.48046875;22813.109375;22852.66015625;22852.66015625;66759300
2026-09-04;Dax;2025-03-25;22913.419921875;23182.779296875;22845.51953125;23109.7890625;23109.7890625;60671100
2026-09-04;Dax;2025-03-26;23202.25;23204.58984375;22826.369140625;22839.029296875;22839.029296875;57800000
2026-09-04;Dax;2025-03-27;22574.4609375;22740.470703125;22469.880859375;22678.740234375;22678.740234375;74817500
2026-09-04;Dax;2025-03-28;22558.83984375;22614.9609375;22377.91015625;22461.51953125;22461.51953125;81650800
2026-09-04;Dax;2025-03-31;22253.05078125;22320.01953125;21978.4609375;22163.490234375;22163.490234375;83869100
2026-09-04;Dax;2025-04-01;22343.41015625;22573.7109375;22297.369140625;22539.98046875;22539.98046875;67890100
2026-09-04;Dax;2025-04-02;22483.9296875;22485.41015625;22139.26953125;22390.83984375;22390.83984375;61146900
2026-09-04;Dax;2025-04-03;21842.080078125;22147.44921875;21670.9609375;21717.390625;21717.390625;117129300
2026-09-04;Dax;2025-04-04;21543.470703125;21642.169921875;20437.369140625;20641.720703125;20641.720703125;188118500
2026-09-04;Dax;2025-04-07;18751.75;20799.6796875;18489.91015625;19789.619140625;19789.619140625;246525700
2026-09-04;Dax;2025-04-08;20039.689453125;20468.4296875;19884.48046875;20280.259765625;20280.259765625;137326200
2026-09-04;Dax;2025-04-09;19833.560546875;20025.380859375;19384.390625;19670.880859375;19670.880859375;141645300
2026-09-04;Dax;2025-04-10;21207.759765625;21300.310546875;20562.73046875;20562.73046875;20562.73046875;135458900
2026-09-04;Dax;2025-04-11;20787.060546875;20796.44921875;20114.5390625;20374.099609375;20374.099609375;100475700
2026-09-04;Dax;2025-04-14;20802.419921875;21048.330078125;20698.91015625;20954.830078125;20954.830078125;74524500
2026-09-04;Dax;2025-04-15;21076.060546875;21288.119140625;21042.26953125;21253.69921875;21253.69921875;66922800
2026-09-04;Dax;2025-04-16;21117.779296875;21315.9609375;20956.380859375;21311.01953125;21311.01953125;62776400
2026-09-04;Dax;2025-04-17;21433.55078125;21436.66015625;21142.259765625;21205.859375;21205.859375;66669900
2026-09-04;Dax;2025-04-22;21150.5390625;21296.91015625;21044.609375;21293.529296875;21293.529296875;62154800
2026-09-04;Dax;2025-04-23;21801.66015625;22043.75;21722.83984375;21961.970703125;21961.970703125;88573200
2026-09-04;Dax;2025-04-24;21890.099609375;22081.51953125;21731.7890625;22064.509765625;22064.509765625;62636800
2026-09-04;Dax;2025-04-25;22210.509765625;22318.359375;22078.33984375;22242.44921875;22242.44921875;70917400
2026-09-04;Dax;2025-04-28;22339.890625;22443.41015625;22255.330078125;22271.669921875;22271.669921875;55883200
2026-09-04;Dax;2025-04-29;22377.169921875;22455.6796875;22319.279296875;22425.830078125;22425.830078125;75547100
2026-09-04;Dax;2025-04-30;22520.490234375;22607.3203125;22235.740234375;22496.98046875;22496.98046875;99189800
2026-09-04;Dax;2025-05-02;22818.1796875;23086.650390625;22764.509765625;23086.650390625;23086.650390625;84456300
2026-09-04;Dax;2025-05-05;23064.259765625;23364.240234375;23064.259765625;23344.5390625;23344.5390625;48831900
2026-09-04;Dax;2025-05-06;23387.349609375;23389.859375;22861.400390625;23249.650390625;23249.650390625;67251500
2026-09-04;Dax;2025-05-07;23252.94921875;23300.880859375;23100.9296875;23115.9609375;23115.9609375;66591700
2026-09-04;Dax;2025-05-08;23265.76953125;23408.5;23238.4609375;23352.689453125;23352.689453125;68153300
2026-09-04;Dax;2025-05-09;23480.380859375;23543.26953125;23428.880859375;23499.3203125;23499.3203125;69225600
2026-09-04;Dax;2025-05-12;23758.580078125;23911.98046875;23361.720703125;23566.5390625;23566.5390625;92750000
2026-09-04;Dax;2025-05-13;23583.740234375;23649.880859375;23543.05078125;23638.560546875;23638.560546875;79961500
2026-09-04;Dax;2025-05-14;23679.029296875;23702.19921875;23444.41015625;23527.009765625;23527.009765625;80368900
2026-09-04;Dax;2025-05-15;23422.1796875;23696.6796875;23338.890625;23695.58984375;23695.58984375;74787600
2026-09-04;Dax;2025-05-16;23775.6796875;23887.140625;23664.390625;23767.4296875;23767.4296875;71976600
2026-09-04;Dax;2025-05-19;23705.9296875;23935.08984375;23676.349609375;23934.98046875;23934.98046875;47854200
2026-09-04;Dax;2025-05-20;24004.390625;24082.48046875;23898.849609375;24036.109375;24036.109375;66388300
2026-09-04;Dax;2025-05-21;23966.419921875;24152.240234375;23871.470703125;24122.400390625;24122.400390625;58543400
2026-09-04;Dax;2025-05-22;24017.060546875;24040.2109375;23843.0703125;23999.169921875;23999.169921875;56102000
2026-09-04;Dax;2025-05-23;24026.689453125;24149.080078125;23274.849609375;23629.580078125;23629.580078125;94245400
2026-09-04;Dax;2025-05-26;24009.099609375;24050.599609375;23932.0390625;24027.650390625;24027.650390625;37001300
2026-09-04;Dax;2025-05-27;24054.16015625;24300.970703125;24027.75;24226.490234375;24226.490234375;53474100
2026-09-04;Dax;2025-05-28;24250.990234375;24325.970703125;24038.189453125;24038.189453125;24038.189453125;57894000
2026-09-04;Dax;2025-05-29;24255.009765625;24255.009765625;23917.060546875;23933.23046875;23933.23046875;42765200
2026-09-04;Dax;2025-05-30;23963.490234375;24181.529296875;23958.4296875;23997.48046875;23997.48046875;110527000
2026-09-04;Dax;2025-06-02;23865.380859375;23993.220703125;23740.08984375;23930.669921875;23930.669921875;53147300
2026-09-04;Dax;2025-06-03;24031.9609375;24101.55078125;23826.390625;24091.619140625;24091.619140625;50506800
2026-09-04;Dax;2025-06-04;24253.689453125;24346.150390625;24129.3203125;24276.48046875;24276.48046875;54182400
2026-09-04;Dax;2025-06-05;24281.2109375;24479.419921875;24220.7109375;24323.580078125;24323.580078125;53665700
2026-09-04;Dax;2025-06-06;24304.369140625;24355.029296875;24214.529296875;24304.4609375;24304.4609375;41235800
2026-09-04;Dax;2025-06-09;24252.259765625;24289.509765625;24097.08984375;24174.3203125;24174.3203125;35991400
2026-09-04;Dax;2025-06-10;24156.529296875;24168.58984375;23964.76953125;23987.560546875;23987.560546875;59033500
2026-09-04;Dax;2025-06-11;23996.66015625;24151.390625;23948.5703125;23948.900390625;23948.900390625;62192700
2026-09-04;Dax;2025-06-12;23768.05078125;23885.060546875;23618.849609375;23771.44921875;23771.44921875;63677900
2026-09-04;Dax;2025-06-13;23448.189453125;23557.7109375;23360.16015625;23516.23046875;23516.23046875;73193600
2026-09-04;Dax;2025-06-16;23589.470703125;23711.73046875;23505.5390625;23699.119140625;23699.119140625;55479100
2026-09-04;Dax;2025-06-17;23495.060546875;23550.990234375;23315.0703125;23434.650390625;23434.650390625;55135600
2026-09-04;Dax;2025-06-18;23426.970703125;23502.94921875;23262.640625;23317.810546875;23317.810546875;56994800
2026-09-04;Dax;2025-06-19;23178.599609375;23254.859375;23051.55078125;23057.380859375;23057.380859375;41395300
2026-09-04;Dax;2025-06-20;23197.119140625;23481.970703125;23187.48046875;23350.55078125;23350.55078125;153406000
2026-09-04;Dax;2025-06-23;23242.900390625;23385.599609375;23080.2890625;23269.009765625;23269.009765625;50041400
2026-09-04;Dax;2025-06-24;23689.189453125;23812.7890625;23580.2109375;23641.580078125;23641.580078125;63913800
2026-09-04;Dax;2025-06-25;23713.240234375;23713.240234375;23466.73046875;23498.330078125;23498.330078125;57280500
2026-09-04;Dax;2025-06-26;23609.30078125;23710.580078125;23521.099609375;23649.30078125;23649.30078125;51552300
2026-09-04;Dax;2025-06-27;23864.669921875;24040.55078125;23784.619140625;24033.220703125;24033.220703125;57584600
2026-09-04;Dax;2025-06-30;24109.150390625;24120.8203125;23854.310546875;23909.609375;23909.609375;70772100
2026-09-04;Dax;2025-07-01;23966.94921875;23978.30078125;23671.26953125;23673.2890625;23673.2890625;61850200
2026-09-04;Dax;2025-07-02;23789.060546875;23824.5;23620.419921875;23790.109375;23790.109375;53388000
2026-09-04;Dax;2025-07-03;23884.80078125;23944.099609375;23762.419921875;23934.130859375;23934.130859375;46650200
2026-09-04;Dax;2025-07-04;23833.140625;23868.9296875;23702.650390625;23787.44921875;23787.44921875;34239700
2026-09-04;Dax;2025-07-07;23845.880859375;24073.669921875;23836.580078125;24073.669921875;24073.669921875;39606000
2026-09-04;Dax;2025-07-08;24135.740234375;24244.08984375;24063.419921875;24206.91015625;24206.91015625;60796000
2026-09-04;Dax;2025-07-09;24278.890625;24609.150390625;24261.009765625;24549.560546875;24549.560546875;60620400
2026-09-04;Dax;2025-07-10;24638.580078125;24639.099609375;24450.970703125;24456.810546875;24456.810546875;58767400
2026-09-04;Dax;2025-07-11;24333.109375;24369.05078125;24166.630859375;24255.310546875;24255.310546875;45562600
2026-09-04;Dax;2025-07-14;24038.2890625;24168.140625;23975.4609375;24160.640625;24160.640625;42197100
2026-09-04;Dax;2025-07-15;24220.51953125;24266.810546875;24060.2890625;24060.2890625;24060.2890625;41804800
2026-09-04;Dax;2025-07-16;24011.990234375;24207.810546875;23968.94921875;24009.380859375;24009.380859375;51694600
2026-09-04;Dax;2025-07-17;24227.5390625;24374.5;24174.759765625;24370.9296875;24370.9296875;47542100
2026-09-04;Dax;2025-07-18;24483.66015625;24494.880859375;24251.359375;24289.509765625;24289.509765625;47707700
2026-09-04;Dax;2025-07-21;24309.390625;24335.259765625;24191.630859375;24307.80078125;24307.80078125;42777100
2026-09-04;Dax;2025-07-22;24236.08984375;24237.41015625;23921.830078125;24041.900390625;24041.900390625;49151300
2026-09-04;Dax;2025-07-23;24246.80078125;24310.9609375;24122.189453125;24240.8203125;24240.8203125;80487800
2026-09-04;Dax;2025-07-24;24502.990234375;24514.9296875;24235.439453125;24295.9296875;24295.9296875;78043300
2026-09-04;Dax;2025-07-25;24097.330078125;24252.58984375;24065.189453125;24217.5;24217.5;54010400
2026-09-04;Dax;2025-07-28;24424.669921875;24444.470703125;23942.119140625;23970.359375;23970.359375;52660400
2026-09-04;Dax;2025-07-29;24051.7109375;24310.0;24051.7109375;24217.369140625;24217.369140625;50189600
2026-09-04;Dax;2025-07-30;24169.259765625;24302.76953125;24138.2109375;24262.220703125;24262.220703125;51182600
2026-09-04;Dax;2025-07-31;24340.2109375;24433.400390625;24039.919921875;24065.470703125;24065.470703125;61019200
2026-09-04;Dax;2025-08-01;23786.91015625;23802.73046875;23380.939453125;23425.970703125;23425.970703125;69500600
2026-09-04;Dax;2025-08-04;23523.240234375;23783.7890625;23521.609375;23757.689453125;23757.689453125;50796000
2026-09-04;Dax;2025-08-05;23914.3203125;23979.58984375;23785.080078125;23846.0703125;23846.0703125;58127500
2026-09-04;Dax;2025-08-06;23972.029296875;23996.890625;23806.919921875;23924.359375;23924.359375;66327800
2026-09-04;Dax;2025-08-07;23910.869140625;24392.0390625;23899.4609375;24192.5;24192.5;75743300
2026-09-04;Dax;2025-08-08;24165.880859375;24268.8203125;24095.990234375;24162.859375;24162.859375;55854700
2026-09-04;Dax;2025-08-11;24206.259765625;24219.08984375;24030.05078125;24081.33984375;24081.33984375;41591600
2026-09-04;Dax;2025-08-12;24147.009765625;24156.25;23940.240234375;24024.779296875;24024.779296875;55507100
2026-09-04;Dax;2025-08-13;24156.509765625;24247.390625;24138.7890625;24185.58984375;24185.58984375;48580100
2026-09-04;Dax;2025-08-14;24205.58984375;24409.349609375;24205.369140625;24377.5;24377.5;47940900
2026-09-04;Dax;2025-08-15;24530.69921875;24536.109375;24327.599609375;24359.30078125;24359.30078125;47125900
2026-09-04;Dax;2025-08-18;24313.8203125;24336.740234375;24245.169921875;24314.76953125;24314.76953125;40221600
2026-09-04;Dax;2025-08-19;24357.23046875;24441.0;24283.55078125;24423.0703125;24423.0703125;43710500
2026-09-04;Dax;2025-08-20;24252.720703125;24369.869140625;24217.509765625;24276.970703125;24276.970703125;44783600
2026-09-04;Dax;2025-08-21;24274.419921875;24306.060546875;24179.91015625;24293.33984375;24293.33984375;39351400
2026-09-04;Dax;2025-08-22;24254.810546875;24444.41015625;24222.5390625;24363.08984375;24363.08984375;44811700
2026-09-04;Dax;2025-08-25;24232.01953125;24377.380859375;24224.150390625;24273.119140625;24273.119140625;31480100
2026-09-04;Dax;2025-08-26;24110.080078125;24263.109375;24036.880859375;24152.869140625;24152.869140625;78930600
2026-09-04;Dax;2025-08-27;24174.619140625;24198.30078125;23977.990234375;24046.2109375;24046.2109375;43590200
2026-09-04;Dax;2025-08-28;24180.619140625;24206.529296875;23972.5390625;24039.919921875;24039.919921875;42293000
2026-09-04;Dax;2025-08-29;23949.4296875;24063.55078125;23881.98046875;23902.2109375;23902.2109375;45696500
2026-09-04;Dax;2025-09-01;24012.0390625;24046.849609375;23969.359375;24037.330078125;24037.330078125;26626400
2026-09-04;Dax;2025-09-02;23975.33984375;23990.810546875;23482.669921875;23487.330078125;23487.330078125;54299900
2026-09-04;Dax;2025-09-03;23606.689453125;23705.94921875;23507.109375;23594.80078125;23594.80078125;53264000
2026-09-04;Dax;2025-09-04;23664.7890625;23800.119140625;23610.44921875;23770.330078125;23770.330078125;46931400
2026-09-04;Dax;2025-09-05;23851.939453125;23854.6796875;23546.69921875;23596.98046875;23596.98046875;46854600
2026-09-04;Dax;2025-09-08;23771.859375;23830.119140625;23655.470703125;23807.130859375;23807.130859375;48616500
2026-09-04;Dax;2025-09-09;23802.609375;23859.560546875;23633.94921875;23718.44921875;23718.44921875;44540300
2026-09-04;Dax;2025-09-10;23837.169921875;23883.580078125;23600.470703125;23632.94921875;23632.94921875;49060600
2026-09-04;Dax;2025-09-11;23654.9296875;23787.1796875;23563.369140625;23703.650390625;23703.650390625;47690900
2026-09-04;Dax;2025-09-12;23767.33984375;23793.060546875;23604.359375;23698.150390625;23698.150390625;43830600
2026-09-04;Dax;2025-09-15;23785.259765625;23855.349609375;23664.109375;23748.859375;23748.859375;40171100
2026-09-04;Dax;2025-09-16;23711.990234375;23717.669921875;23317.30078125;23329.240234375;23329.240234375;51217300
2026-09-04;Dax;2025-09-17;23407.390625;23476.7109375;23284.669921875;23359.1796875;23359.1796875;50053900
2026-09-04;Dax;2025-09-18;23577.060546875;23690.470703125;23557.810546875;23674.529296875;23674.529296875;54290600
2026-09-04;Dax;2025-09-19;23723.33984375;23785.240234375;23599.259765625;23639.41015625;23639.41015625;213887300
2026-09-04;Dax;2025-09-22;23567.490234375;23589.25;23424.439453125;23527.05078125;23527.05078125;53681300
2026-09-04;Dax;2025-09-23;23604.359375;23723.19921875;23564.970703125;23611.330078125;23611.330078125;48153500
2026-09-04;Dax;2025-09-24;23601.5;23736.599609375;23499.98046875;23666.810546875;23666.810546875;54163200
2026-09-04;Dax;2025-09-25;23620.400390625;23629.369140625;23383.83984375;23534.830078125;23534.830078125;55308500
2026-09-04;Dax;2025-09-26;23601.189453125;23756.0390625;23579.25;23739.470703125;23739.470703125;45110800
2026-09-04;Dax;2025-09-29;23835.609375;23835.609375;23666.810546875;23745.060546875;23745.060546875;39242000
2026-09-04;Dax;2025-09-30;23726.4296875;23887.73046875;23676.359375;23880.720703125;23880.720703125;47602500
2026-09-04;Dax;2025-10-01;23755.23046875;24162.23046875;23753.080078125;24113.619140625;24113.619140625;53499000
2026-09-04;Dax;2025-10-02;24293.830078125;24502.330078125;24247.44921875;24422.560546875;24422.560546875;54187900
2026-09-04;Dax;2025-10-03;24511.5703125;24524.109375;24343.2109375;24378.80078125;24378.80078125;38220200
2026-09-04;Dax;2025-10-06;24357.58984375;24482.900390625;24269.939453125;24378.2890625;24378.2890625;43413400
2026-09-04;Dax;2025-10-07;24400.76953125;24452.9296875;24308.0390625;24385.779296875;24385.779296875;41564700
2026-09-04;Dax;2025-10-08;24382.66015625;24630.970703125;24360.650390625;24597.130859375;24597.130859375;56849900
2026-09-04;Dax;2025-10-09;24674.650390625;24771.33984375;24602.119140625;24611.25;24611.25;41008500
2026-09-04;Dax;2025-10-10;24664.23046875;24690.720703125;24241.4609375;24241.4609375;24241.4609375;50177500
2026-09-04;Dax;2025-10-13;24372.900390625;24448.76953125;24260.76953125;24387.9296875;24387.9296875;36995100
2026-09-04;Dax;2025-10-14;24169.029296875;24242.849609375;23986.9296875;24236.939453125;24236.939453125;45092500
2026-09-04;Dax;2025-10-15;24263.7109375;24339.26953125;24179.990234375;24181.369140625;24181.369140625;43493500
2026-09-04;Dax;2025-10-16;24188.150390625;24283.5703125;24051.849609375;24272.189453125;24272.189453125;45218300
2026-09-04;Dax;2025-10-17;23833.109375;23987.75;23684.369140625;23830.990234375;23830.990234375;69383400
2026-09-04;Dax;2025-10-20;24035.189453125;24296.390625;24026.58984375;24258.80078125;24258.80078125;46610300
2026-09-04;Dax;2025-10-21;24310.439453125;24384.240234375;24201.2890625;24330.029296875;24330.029296875;42704200
2026-09-04;Dax;2025-10-22;24296.16015625;24342.1796875;24138.25;24151.130859375;24151.130859375;57734300
2026-09-04;Dax;2025-10-23;24202.779296875;24222.83984375;24035.2109375;24207.7890625;24207.7890625;51148200
2026-09-04;Dax;2025-10-24;24275.990234375;24275.990234375;24145.259765625;24239.890625;24239.890625;43268900
2026-09-04;Dax;2025-10-27;24332.849609375;24348.58984375;24185.83984375;24308.779296875;24308.779296875;43352700
2026-09-04;Dax;2025-10-28;24228.1796875;24339.939453125;24188.369140625;24278.630859375;24278.630859375;41976200
2026-09-04;Dax;2025-10-29;24261.08984375;24322.900390625;24090.580078125;24124.2109375;24124.2109375;63568200
2026-09-04;Dax;2025-10-30;24187.8203125;24215.30078125;24034.75;24118.890625;24118.890625;53909400
2026-09-04;Dax;2025-10-31;24115.310546875;24119.66015625;23922.94921875;23958.30078125;23958.30078125;42904400
2026-09-04;Dax;2025-11-03;23990.33984375;24248.669921875;23982.279296875;24132.41015625;24132.41015625;48002500
2026-09-04;Dax;2025-11-04;23801.240234375;23974.310546875;23674.650390625;23949.109375;23949.109375;51570100
2026-09-04;Dax;2025-11-05;23774.55078125;24103.529296875;23732.380859375;24049.740234375;24049.740234375;55196800
2026-09-04;Dax;2025-11-06;23996.240234375;24058.73046875;23721.990234375;23734.01953125;23734.01953125;58267000
2026-09-04;Dax;2025-11-07;23801.970703125;23837.119140625;23452.890625;23569.9609375;23569.9609375;53123300
2026-09-04;Dax;2025-11-10;23925.359375;24022.689453125;23854.490234375;23959.990234375;23959.990234375;52658900
2026-09-04;Dax;2025-11-11;23990.140625;24108.4296875;23952.41015625;24088.060546875;24088.060546875;47222500
2026-09-04;Dax;2025-11-12;24245.890625;24441.279296875;24234.939453125;24381.4609375;24381.4609375;75344600
2026-09-04;Dax;2025-11-13;24367.69921875;24416.330078125;24027.919921875;24041.619140625;24041.619140625;60792900
2026-09-04;Dax;2025-11-14;23977.720703125;23992.119140625;23609.060546875;23876.55078125;23876.55078125;64036000
2026-09-04;Dax;2025-11-17;23890.48046875;23928.48046875;23529.73046875;23590.51953125;23590.51953125;46448300
2026-09-04;Dax;2025-11-18;23238.330078125;23358.75;23085.380859375;23180.529296875;23180.529296875;61389400
2026-09-04;Dax;2025-11-19;23180.9296875;23379.359375;23105.55078125;23162.919921875;23162.919921875;52349100
2026-09-04;Dax;2025-11-20;23387.419921875;23512.490234375;23277.08984375;23278.849609375;23278.849609375;47727200
2026-09-04;Dax;2025-11-21;22963.169921875;23256.26953125;22943.060546875;23091.869140625;23091.869140625;68913200
2026-09-04;Dax;2025-11-24;23280.3203125;23392.220703125;23149.69921875;23239.1796875;23239.1796875;129335900
2026-09-04;Dax;2025-11-25;23254.4609375;23487.23046875;23139.26953125;23464.630859375;23464.630859375;50045500
2026-09-04;Dax;2025-11-26;23585.259765625;23727.25;23445.279296875;23726.220703125;23726.220703125;45525300
2026-09-04;Dax;2025-11-27;23732.810546875;23830.970703125;23708.419921875;23767.9609375;23767.9609375;31160000
2026-09-04;Dax;2025-11-28;23780.75;23883.98046875;23720.560546875;23836.7890625;23836.7890625;37179100
2026-09-04;Dax;2025-12-01;23731.2890625;23734.19921875;23433.48046875;23589.439453125;23589.439453125;48999700
2026-09-04;Dax;2025-12-02;23637.490234375;23792.05078125;23607.69921875;23710.859375;23710.859375;50968100
2026-09-04;Dax;2025-12-03;23788.8203125;23838.05078125;23646.4296875;23693.7109375;23693.7109375;51721300
2026-09-04;Dax;2025-12-04;23836.23046875;23930.51953125;23797.7109375;23882.029296875;23882.029296875;52994000
2026-09-04;Dax;2025-12-05;23942.73046875;24130.919921875;23929.259765625;24028.140625;24028.140625;46889600
2026-09-04;Dax;2025-12-08;24015.970703125;24116.990234375;23985.279296875;24046.009765625;24046.009765625;46456700
2026-09-04;Dax;2025-12-09;24094.990234375;24186.919921875;24092.5;24162.650390625;24162.650390625;49105800
2026-09-04;Dax;2025-12-10;24131.390625;24168.720703125;24001.4296875;24130.140625;24130.140625;47603300
2026-09-04;Dax;2025-12-11;24055.169921875;24364.009765625;24007.98046875;24294.609375;24294.609375;52093700
2026-09-04;Dax;2025-12-12;24368.939453125;24474.619140625;24173.279296875;24186.490234375;24186.490234375;45470300
2026-09-04;Dax;2025-12-15;24297.640625;24318.30078125;24170.44921875;24229.91015625;24229.91015625;47059700
2026-09-04;Dax;2025-12-16;24124.109375;24191.599609375;24011.80078125;24076.869140625;24076.869140625;53280600
2026-09-04;Dax;2025-12-17;24159.619140625;24185.470703125;23949.169921875;23960.58984375;23960.58984375;52418200
2026-09-04;Dax;2025-12-18;23947.029296875;24215.98046875;23923.970703125;24199.5;24199.5;51639200
2026-09-04;Dax;2025-12-19;24196.189453125;24305.8203125;24153.23046875;24288.400390625;24288.400390625;131439800
2026-09-04;Dax;2025-12-22;24291.849609375;24356.109375;24203.369140625;24283.970703125;24283.970703125;32252800
2026-09-04;Dax;2025-12-23;24297.619140625;24362.009765625;24257.470703125;24340.060546875;24340.060546875;28299400
2026-09-04;Dax;2025-12-29;24370.939453125;24389.150390625;24253.73046875;24351.119140625;24351.119140625;35372300
2026-09-04;Dax;2025-12-30;24343.189453125;24527.939453125;24328.419921875;24490.41015625;24490.41015625;23179300
2026-09-04;Dax;2026-01-02;24499.509765625;24676.7890625;24448.98046875;24539.33984375;24539.33984375;48788700
2026-09-04;Dax;2026-01-05;24681.349609375;24872.919921875;24639.6796875;24868.689453125;24868.689453125;53518200
2026-09-04;Dax;2026-01-06;24904.6796875;24969.169921875;24836.330078125;24892.19921875;24892.19921875;57420800
2026-09-04;Dax;2026-01-07;24995.0;25122.4609375;24982.619140625;25122.259765625;25122.259765625;57897000
2026-09-04;Dax;2026-01-08;25128.4609375;25217.51953125;25024.650390625;25127.4609375;25127.4609375;57587500
2026-09-04;Dax;2026-01-09;25124.01953125;25281.1796875;25107.919921875;25261.640625;25261.640625;55247900
2026-09-04;Dax;2026-01-12;25248.369140625;25421.419921875;25236.880859375;25405.33984375;25405.33984375;47091400
2026-09-04;Dax;2026-01-13;25408.369140625;25507.7890625;25338.30078125;25420.66015625;25420.66015625;51680900
2026-09-04;Dax;2026-01-14;25429.75;25461.359375;25268.26953125;25286.240234375;25286.240234375;64458300
2026-09-04;Dax;2026-01-15;25275.830078125;25378.55078125;25233.3203125;25352.390625;25352.390625;58342400
2026-09-04;Dax;2026-01-16;25336.009765625;25354.109375;25198.529296875;25297.130859375;25297.130859375;62873300
2026-09-04;Dax;2026-01-19;24940.470703125;25070.609375;24911.58984375;24959.060546875;24959.060546875;59769000
2026-09-04;Dax;2026-01-20;24747.349609375;24758.3203125;24507.109375;24703.119140625;24703.119140625;61404900
2026-09-04;Dax;2026-01-21;24636.55078125;24656.73046875;24349.5390625;24560.98046875;24560.98046875;60845300
2026-09-04;Dax;2026-01-22;24877.630859375;24937.080078125;24772.5390625;24856.470703125;24856.470703125;68349500
2026-09-04;Dax;2026-01-23;24819.939453125;24930.150390625;24796.9296875;24900.7109375;24900.7109375;51854400
2026-09-04;Dax;2026-01-26;24890.30078125;24985.150390625;24790.740234375;24933.080078125;24933.080078125;46863200
2026-09-04;Dax;2026-01-27;25008.029296875;25020.220703125;24848.529296875;24894.439453125;24894.439453125;54957100
2026-09-04;Dax;2026-01-28;24878.23046875;24926.029296875;24707.189453125;24822.7890625;24822.7890625;64693800
2026-09-04;Dax;2026-01-29;24697.380859375;24758.73046875;24266.330078125;24309.4609375;24309.4609375;72617900
2026-09-04;Dax;2026-01-30;24376.150390625;24585.44921875;24366.390625;24538.810546875;24538.810546875;65569500
2026-09-04;Dax;2026-02-02;24392.08984375;24851.69921875;24384.2109375;24797.51953125;24797.51953125;57389000
2026-09-04;Dax;2026-02-03;24956.759765625;25098.7109375;24703.619140625;24780.7890625;24780.7890625;69071000
2026-09-04;Dax;2026-02-04;24845.58984375;24877.91015625;24602.880859375;24603.0390625;24603.0390625;89361200
2026-09-04;Dax;2026-02-05;24607.470703125;24663.810546875;24272.619140625;24491.060546875;24491.060546875;77762500
2026-09-04;Dax;2026-02-06;24452.150390625;24737.970703125;24393.109375;24721.4609375;24721.4609375;57339100
2026-09-04;Dax;2026-02-09;24860.669921875;25016.009765625;24714.890625;25014.869140625;25014.869140625;50684100
2026-09-04;Dax;2026-02-10;24960.58984375;25075.75;24935.33984375;24987.849609375;24987.849609375;61273800
2026-09-04;Dax;2026-02-11;24956.4609375;25001.51953125;24834.7890625;24856.150390625;24856.150390625;81192800
2026-09-04;Dax;2026-02-12;25060.80078125;25239.009765625;24813.23046875;24852.689453125;24852.689453125;83215100
2026-09-04;Dax;2026-02-13;24822.30078125;24953.150390625;24750.470703125;24914.880859375;24914.880859375;83099200
2026-09-04;Dax;2026-02-16;24988.609375;25020.830078125;24793.580078125;24800.91015625;24800.91015625;47149400
2026-09-04;Dax;2026-02-17;24796.8203125;25020.640625;24734.0390625;24998.400390625;24998.400390625;64755400
2026-09-04;Dax;2026-02-18;25127.130859375;25315.009765625;25100.919921875;25278.2109375;25278.2109375;67611600
2026-09-04;Dax;2026-02-19;25198.380859375;25228.939453125;24983.890625;25043.5703125;25043.5703125;57793900
2026-09-04;Dax;2026-02-20;25070.0;25331.060546875;25004.810546875;25260.689453125;25260.689453125;61964100
2026-09-04;Dax;2026-02-23;25114.390625;25194.9296875;24937.560546875;24991.970703125;24991.970703125;51828500
2026-09-04;Dax;2026-02-24;24952.16015625;25091.94921875;24878.099609375;24986.25;24986.25;60643200
2026-09-04;Dax;2026-02-25;25051.83984375;25184.41015625;24988.609375;25175.939453125;25175.939453125;55165100
2026-09-04;Dax;2026-02-26;25095.859375;25318.94921875;25088.490234375;25289.01953125;25289.01953125;57068300
2026-09-04;Dax;2026-02-27;25294.369140625;25405.970703125;25188.30078125;25284.259765625;25284.259765625;95190700
2026-09-04;Dax;2026-03-02;24695.439453125;24897.609375;24577.419921875;24638.0;24638.0;78329800
2026-09-04;Dax;2026-03-03;24207.439453125;24239.51953125;23601.109375;23790.650390625;23790.650390625;105244400
2026-09-04;Dax;2026-03-04;23901.3203125;24242.490234375;23814.890625;24205.359375;24205.359375;74842200
2026-09-04;Dax;2026-03-05;24145.439453125;24366.810546875;23754.650390625;23815.75;23815.75;77049300
2026-09-04;Dax;2026-03-06;23942.890625;24028.439453125;23342.880859375;23591.029296875;23591.029296875;88264600
2026-09-04;Dax;2026-03-09;22998.939453125;23470.80078125;22927.55078125;23409.369140625;23409.369140625;71540700
2026-09-04;Dax;2026-03-10;23886.380859375;24061.150390625;23765.240234375;23968.630859375;23968.630859375;76604500
2026-09-04;Dax;2026-03-11;23725.2109375;23824.73046875;23533.69921875;23640.029296875;23640.029296875;59778300
2026-09-04;Dax;2026-03-12;23577.8203125;23703.55078125;23368.0703125;23589.650390625;23589.650390625;78270100
2026-09-04;Dax;2026-03-13;23381.91015625;23762.119140625;23293.51953125;23447.2890625;23447.2890625;62336900
2026-09-04;Dax;2026-03-16;23480.5;23699.5;23334.970703125;23564.009765625;23564.009765625;63894500
2026-09-04;Dax;2026-03-17;23500.33984375;23820.580078125;23464.83984375;23730.919921875;23730.919921875;62749800
2026-09-04;Dax;2026-03-18;23837.19921875;23957.099609375;23449.560546875;23502.25;23502.25;76065300
2026-09-04;Dax;2026-03-19;23160.580078125;23180.140625;22759.419921875;22839.560546875;22839.560546875;106709300
2026-09-04;Dax;2026-03-20;23083.890625;23176.169921875;22369.470703125;22380.189453125;22380.189453125;174316700
2026-09-04;Dax;2026-03-23;21947.8203125;23178.69921875;21863.810546875;22653.859375;22653.859375;104919900
2026-09-04;Dax;2026-03-24;22677.08984375;22730.830078125;22350.33984375;22636.91015625;22636.91015625;57909800
2026-09-04;Dax;2026-03-25;22961.890625;23079.369140625;22815.7109375;22957.080078125;22957.080078125;60508800
2026-09-04;Dax;2026-03-26;22740.7109375;22813.41015625;22557.099609375;22612.970703125;22612.970703125;57630400
2026-09-04;Dax;2026-03-27;22612.9296875;22631.759765625;22215.859375;22300.75;22300.75;59200300
2026-09-04;Dax;2026-03-30;22213.859375;22562.880859375;22209.44921875;22562.880859375;22562.880859375;56264500
2026-09-04;Dax;2026-03-31;22578.83984375;22850.69921875;22491.509765625;22680.0390625;22680.0390625;68687100
2026-09-04;Dax;2026-04-01;23326.890625;23377.650390625;23027.0390625;23298.890625;23298.890625;75354600
2026-09-04;Dax;2026-04-02;22935.23046875;23235.16015625;22677.919921875;23168.080078125;23168.080078125;62871800
2026-09-04;Dax;2026-04-07;23181.650390625;23397.890625;22842.140625;22921.58984375;22921.58984375;59120900
2026-09-04;Dax;2026-04-08;24021.810546875;24163.91015625;23875.7890625;24080.630859375;24080.630859375;93935800
2026-09-04;Dax;2026-04-09;23981.220703125;23989.009765625;23673.119140625;23806.990234375;23806.990234375;56947100
2026-09-04;Dax;2026-04-10;23827.5390625;24043.58984375;23767.7109375;23803.94921875;23803.94921875;60876600
2026-09-04;Dax;2026-04-13;23562.189453125;23756.849609375;23482.009765625;23742.439453125;23742.439453125;53370100
2026-09-04;Dax;2026-04-14;23953.9296875;24087.30078125;23938.109375;24044.220703125;24044.220703125;68252700
2026-09-04;Dax;2026-04-15;24060.970703125;24127.009765625;23996.80078125;24066.69921875;24066.69921875;53562800
2026-09-04;Dax;2026-04-16;24135.490234375;24259.66015625;24059.169921875;24154.470703125;24154.470703125;56596400
2026-09-04;Dax;2026-04-17;24150.470703125;24792.4609375;24146.580078125;24702.240234375;24702.240234375;96842000
2026-09-04;Dax;2026-04-20;24385.0390625;24497.380859375;24290.0;24417.80078125;24417.80078125;52076000
2026-09-04;Dax;2026-04-21;24508.19921875;24606.83984375;24247.310546875;24270.869140625;24270.869140625;51571500
2026-09-04;Dax;2026-04-22;24373.41015625;24399.5703125;24151.890625;24194.900390625;24194.900390625;62517200
2026-09-04;Dax;2026-04-23;24076.69921875;24204.470703125;23991.779296875;24155.44921875;24155.44921875;61724000
2026-09-04;Dax;2026-04-24;24217.69921875;24330.619140625;23998.0703125;24128.98046875;24128.98046875;65318300
2026-09-04;Dax;2026-04-27;24196.4296875;24382.3203125;24049.439453125;24083.529296875;24083.529296875;49745100
2026-09-04;Dax;2026-04-28;24067.91015625;24153.990234375;23897.240234375;24018.259765625;24018.259765625;56781800
2026-09-04;Dax;2026-04-29;24072.900390625;24110.0;23880.51953125;23954.560546875;23954.560546875;65994600
2026-09-04;Dax;2026-04-30;23715.7109375;24293.109375;23715.7109375;24292.380859375;24292.380859375;76834200
2026-09-04;Dax;2026-05-04;24274.5;24406.640625;23974.740234375;23991.26953125;23991.26953125;68242300
2026-09-04;Dax;2026-05-05;24014.650390625;24403.560546875;23988.919921875;24401.69921875;24401.69921875;67678500
2026-09-04;Dax;2026-05-06;24636.16015625;25152.509765625;24634.759765625;24918.689453125;24918.689453125;95396000
2026-09-04;Dax;2026-05-07;24940.359375;25021.01953125;24650.990234375;24663.609375;24663.609375;70027300
2026-09-04;Dax;2026-05-08;24447.650390625;24513.51953125;24289.720703125;24338.630859375;24338.630859375;60390000
2026-09-04;Dax;2026-05-11;24333.310546875;24362.80078125;24202.330078125;24350.279296875;24350.279296875;62653300
2026-09-04;Dax;2026-05-12;24048.25;24210.740234375;23920.69921875;23954.9296875;23954.9296875;65296100
2026-09-04;Dax;2026-05-13;24129.5703125;24226.169921875;24002.4609375;24136.810546875;24136.810546875;63497600
2026-09-04;Dax;2026-05-14;24366.419921875;24492.94921875;24329.740234375;24456.259765625;24456.259765625;50440400
2026-09-04;Dax;2026-05-15;24229.2890625;24297.94921875;23917.630859375;23950.5703125;23950.5703125;65376400
2026-09-04;Dax;2026-05-18;23833.109375;24430.98046875;23797.330078125;24307.919921875;24307.919921875;62451100
2026-09-04;Dax;2026-05-19;24370.5;24690.810546875;24358.75;24400.650390625;24400.650390625;61338300
2026-09-04;Dax;2026-05-20;24345.3203125;24885.560546875;24287.669921875;24737.240234375;24737.240234375;58522100
2026-09-04;Dax;2026-05-21;24692.2109375;24894.630859375;24534.7890625;24606.76953125;24606.76953125;53378800
2026-09-04;Dax;2026-05-22;24768.490234375;24943.75;24676.26953125;24888.560546875;24888.560546875;53886500
2026-09-04;Dax;2026-05-25;25181.26953125;25438.41015625;25062.720703125;25389.099609375;25389.099609375;34143700
2026-09-04;Dax;2026-05-26;25359.75;25361.640625;25180.5;25184.890625;25184.890625;44487100
2026-09-04;Dax;2026-05-27;25324.810546875;25394.810546875;25113.150390625;25177.80078125;25177.80078125;60651600
2026-09-04;Dax;2026-05-28;25083.76953125;25244.7109375;24973.25;25092.25;25092.25;54115300
2026-09-04;Dax;2026-05-29;25126.349609375;25204.130859375;25040.44921875;25104.69921875;25104.69921875;162698500
2026-09-04;Dax;2026-06-01;25083.240234375;25301.73046875;24901.76953125;25003.0390625;25003.0390625;64662000
2026-09-04;Dax;2026-06-02;25197.900390625;25362.830078125;25061.66015625;25124.169921875;25124.169921875;61018300
2026-09-04;Dax;2026-06-03;24912.310546875;24973.150390625;24761.9609375;24795.939453125;24795.939453125;65247500
2026-09-04;Dax;2026-06-04;24849.4296875;25009.01953125;24830.630859375;24944.94921875;24944.94921875;53175800
2026-09-04;Dax;2026-06-05;24881.869140625;25024.05078125;24756.470703125;24759.05078125;24759.05078125;54254000
2026-09-04;Dax;2026-06-08;24447.3203125;24732.599609375;24426.609375;24616.220703125;24616.220703125;54486200
2026-09-04;Dax;2026-06-09;24589.2890625;24820.94921875;24398.869140625;24433.060546875;24433.060546875;56771800
2026-09-04;Dax;2026-06-10;24507.400390625;24517.48046875;24043.51953125;24195.310546875;24195.310546875;60079100
2026-09-04;Dax;2026-06-11;24205.16015625;24327.689453125;24080.640625;24209.7109375;24209.7109375;59171400
2026-09-04;Dax;2026-06-12;24549.25;24753.890625;24421.8203125;24635.30078125;24635.30078125;60407200
2026-09-04;Dax;2026-06-15;25068.369140625;25085.80078125;24882.009765625;24894.009765625;24894.009765625;62077400
2026-09-04;Dax;2026-06-16;24942.73046875;25110.279296875;24900.73046875;24910.41015625;24910.41015625;50319200
2026-09-04;Dax;2026-06-17;24816.9609375;24956.48046875;24763.529296875;24934.669921875;24934.669921875;74720700
2026-09-04;Dax;2026-06-18;24996.5390625;25059.369140625;24840.26953125;25026.80078125;25026.80078125;88252000
2026-09-04;Dax;2026-06-19;25075.330078125;25173.01953125;24951.5390625;24985.8203125;24985.8203125;168134800
2026-09-04;Dax;2026-06-22;25035.9296875;25176.2109375;24896.189453125;25139.689453125;25139.689453125;64174400
2026-09-04;Dax;2026-06-23;24835.560546875;24988.7109375;24728.5703125;24893.580078125;24893.580078125;63415400
2026-09-04;Dax;2026-06-24;24790.69921875;24800.66015625;24593.48046875;24740.359375;24740.359375;61210500
2026-09-04;Dax;2026-06-25;24810.0;25088.279296875;24761.720703125;24994.830078125;24994.830078125;71276400
2026-09-04;Dax;2026-06-26;24848.509765625;24869.630859375;24547.69921875;24671.220703125;24671.220703125;61917200
2026-09-04;Dax;2026-06-29;24724.33984375;24762.240234375;24556.779296875;24626.890625;24626.890625;56335000
2026-09-04;Dax;2026-06-30;24815.220703125;25024.26953125;24794.83984375;24995.810546875;24995.810546875;75930500
2026-09-04;Dax;2026-07-01;25028.9296875;25095.66015625;24887.0;25040.279296875;25040.279296875;56044400
2026-09-04;Dax;2026-07-02;25025.130859375;25655.8203125;24994.640625;25580.880859375;25580.880859375;75071900
2026-09-04;Dax;2026-07-03;25763.970703125;25826.779296875;25611.689453125;25779.310546875;25779.310546875;49882400
2026-09-04;Dax;2026-07-06;25811.900390625;25900.099609375;25698.560546875;25817.890625;25817.890625;42803800
2026-09-04;Dax;2026-07-07;25770.44921875;25811.970703125;25465.119140625;25465.25;25465.25;54584900
2026-09-04;Dax;2026-07-08;25274.939453125;25280.16015625;24830.169921875;24897.44921875;24897.44921875;65668500
2026-09-04;Dax;2026-07-09;25097.48046875;25127.759765625;24867.3203125;25118.26953125;25118.26953125;48782700
2026-09-04;Dax;2026-07-10;25081.189453125;25195.830078125;24937.51953125;25067.08984375;25067.08984375;48006700
2026-09-04;Dax;2026-07-13;24963.80078125;25154.580078125;24963.80078125;25114.25;25114.25;39531800
2026-09-04;Dax;2026-07-14;24932.619140625;25204.6796875;24869.25;25147.029296875;25147.029296875;50222100
2026-09-04;Dax;2026-07-15;24970.05078125;25055.48046875;24839.23046875;24999.529296875;24999.529296875;49359900
2026-09-04;Dax;2026-07-16;25018.94921875;25021.509765625;24696.169921875;24915.490234375;24915.490234375;44374100
2026-09-04;Dax;2026-07-17;24755.08984375;24850.75;24651.33984375;24830.98046875;24830.98046875;61314800
2026-09-04;Dax;2026-07-20;24769.150390625;24974.529296875;24751.130859375;24846.689453125;24846.689453125;43984100
2026-09-04;Dax;2026-07-21;24922.099609375;25011.349609375;24817.33984375;25011.349609375;25011.349609375;45461100
2026-09-04;Dax;2026-07-22;25001.310546875;25271.33984375;24984.26953125;25155.41015625;25155.41015625;52334100
2026-09-04;Dax;2026-07-23;24994.05078125;25074.279296875;24696.58984375;24763.119140625;24763.119140625;62750700
2026-09-04;Dax;2026-07-24;24830.41015625;25099.6796875;24821.669921875;25099.0;25099.0;44806700
2026-09-04;Dax;2026-07-27;25459.3203125;25560.400390625;25361.029296875;25361.029296875;25361.029296875;52434200
2026-09-04;Dax;2026-07-28;25496.130859375;25553.470703125;25307.169921875;25464.009765625;25464.009765625;57351100
2026-09-04;Dax;2026-07-29;25551.970703125;25571.44921875;25336.390625;25460.48046875;25460.48046875;62068900
2026-09-04;Dax;2026-07-30;25487.44921875;25651.16015625;25303.109375;25612.029296875;25612.029296875;61023700
2026-09-04;Dax;2026-07-31;25709.369140625;25891.509765625;25549.529296875;25629.240234375;25629.240234375;62199500
2026-09-04;Dax;2026-08-03;25855.119140625;26096.9296875;25855.119140625;26001.310546875;26001.310546875;64941600
2026-09-04;Dax;2026-08-04;26189.619140625;26266.5;26082.4296875;26202.349609375;26202.349609375;64214500
2026-09-04;Dax;2026-08-05;26393.4296875;26403.810546875;26123.1796875;26126.30078125;26126.30078125;62436000
2026-09-04;Dax;2026-08-06;26116.26953125;26229.330078125;26081.689453125;26140.130859375;26140.130859375;63074000
2026-09-04;Dax;2026-08-07;26235.80078125;26445.1796875;26223.640625;26319.44921875;26319.44921875;50440500
2026-09-04;Dax;2026-08-10;26360.439453125;26441.91015625;26302.189453125;26323.880859375;26323.880859375;41472700
2026-09-04;Dax;2026-08-11;26378.0;26504.5390625;26245.5703125;26391.419921875;26391.419921875;39840100
2026-09-04;Dax;2026-08-12;26452.0;26573.5;26313.580078125;26331.0703125;26331.0703125;47126300
2026-09-04;Dax;2026-08-13;26437.349609375;26489.779296875;26285.23046875;26299.740234375;26299.740234375;45248900
2026-09-04;Dax;2026-08-14;26445.990234375;26541.33984375;26404.94921875;26440.310546875;26440.310546875;52369300
2026-09-04;Dax;2026-08-17;26490.30078125;26493.5;26338.609375;26338.609375;26338.609375;38194400
2026-09-04;Dax;2026-08-18;26280.859375;26292.94921875;26119.5390625;26128.359375;26128.359375;47429900
2026-09-04;Dax;2026-08-19;26146.119140625;26187.8203125;26063.369140625;26091.330078125;26091.330078125;46190700
2026-09-04;Dax;2026-08-20;26050.94921875;26062.150390625;25914.109375;25983.0390625;25983.0390625;37334800
2026-09-04;Dax;2026-08-21;25998.94921875;26166.25;25969.51953125;26136.560546875;26136.560546875;43329100
2026-09-04;Dax;2026-08-24;26091.2890625;26171.69921875;26038.0703125;26106.599609375;26106.599609375;35640300
2026-09-04;Dax;2026-08-25;26206.009765625;26341.51953125;26164.109375;26266.140625;26266.140625;41726700
2026-09-04;Dax;2026-08-26;26255.41015625;26466.759765625;26196.919921875;26285.9609375;26285.9609375;48781700
2026-09-04;Dax;2026-08-27;26354.369140625;26402.810546875;26241.76953125;26367.240234375;26367.240234375;49230700
2026-09-04;Dax;2026-08-28;26494.609375;26618.740234375;26467.359375;26569.990234375;26569.990234375;45045000
2026-09-04;Dax;2026-08-31;26464.140625;26471.7890625;26249.58984375;26258.109375;26258.109375;81710600
2026-09-04;Dax;2026-09-01;26150.75;26206.130859375;25916.759765625;25970.109375;25970.109375;48552400
2026-09-04;Dax;2026-09-02;25886.669921875;25924.2109375;25727.9296875;25839.330078125;25839.330078125;47864100
2026-09-04;Dax;2026-09-03;25840.919921875;26007.7890625;25784.83984375;;;0
2026-09-04;EURO STOXX 50;2023-06-12;4291.0400390625;4332.97021484375;4291.0400390625;4316.490234375;4316.490234375;21540000
2026-09-04;EURO STOXX 50;2023-06-13;4317.75;4352.009765625;4316.52001953125;4347.5498046875;4347.5498046875;25599500
2026-09-04;EURO STOXX 50;2023-06-14;4346.52001953125;4385.83984375;4343.5498046875;4375.97998046875;4375.97998046875;31344800
2026-09-04;EURO STOXX 50;2023-06-15;4373.580078125;4373.580078125;4333.64013671875;4365.1201171875;4365.1201171875;25489800
2026-09-04;EURO STOXX 50;2023-06-16;4365.740234375;4410.2001953125;4363.9599609375;4394.81982421875;4394.81982421875;75504300
2026-09-04;EURO STOXX 50;2023-06-19;4392.169921875;4392.169921875;4356.509765625;4362.3798828125;4362.3798828125;22395700
2026-09-04;EURO STOXX 50;2023-06-20;4361.5;4365.22998046875;4338.35009765625;4343.14013671875;4343.14013671875;24006500
2026-09-04;EURO STOXX 50;2023-06-21;4339.47021484375;4350.10009765625;4316.47021484375;4322.75;4322.75;25127500
2026-09-04;EURO STOXX 50;2023-06-22;4304.02001953125;4304.58984375;4261.33984375;4304.47021484375;4304.47021484375;25390500
2026-09-04;EURO STOXX 50;2023-06-23;4296.75;4296.75;4253.14990234375;4271.60986328125;4271.60986328125;28404300
2026-09-04;EURO STOXX 50;2023-06-26;4272.10009765625;4294.16015625;4238.06982421875;4280.56982421875;4280.56982421875;23755200
2026-09-04;EURO STOXX 50;2023-06-27;4286.18017578125;4311.1201171875;4272.27001953125;4305.259765625;4305.259765625;23665500
2026-09-04;EURO STOXX 50;2023-06-28;4313.0400390625;4349.39013671875;4313.0400390625;4344.75;4344.75;24695700
2026-09-04;EURO STOXX 50;2023-06-29;4345.22998046875;4371.60009765625;4341.64013671875;4354.68994140625;4354.68994140625;24417400
2026-09-04;EURO STOXX 50;2023-06-30;4354.9501953125;4409.5;4346.39990234375;4399.08984375;4399.08984375;39197800
2026-09-04;EURO STOXX 50;2023-07-03;4401.02978515625;4420.009765625;4397.759765625;4398.14990234375;4398.14990234375;24607100
2026-09-04;EURO STOXX 50;2023-07-04;4398.0498046875;4412.5400390625;4389.52001953125;4390.990234375;4390.990234375;18592200
2026-09-04;EURO STOXX 50;2023-07-05;4388.2998046875;4388.2998046875;4342.8701171875;4350.7099609375;4350.7099609375;24348900
2026-09-04;EURO STOXX 50;2023-07-06;4349.2998046875;4349.2998046875;4213.81005859375;4223.08984375;4223.08984375;35240600
2026-09-04;EURO STOXX 50;2023-07-07;4222.72998046875;4257.990234375;4197.97021484375;4236.60009765625;4236.60009765625;24779800
2026-09-04;EURO STOXX 50;2023-07-10;4235.35009765625;4272.490234375;4217.75;4256.509765625;4256.509765625;17025200
2026-09-04;EURO STOXX 50;2023-07-11;4257.89990234375;4301.22998046875;4257.89990234375;4286.56005859375;4286.56005859375;18458500
2026-09-04;EURO STOXX 50;2023-07-12;4289.009765625;4367.43994140625;4289.009765625;4360.4599609375;4360.4599609375;30453000
2026-09-04;EURO STOXX 50;2023-07-13;4361.16015625;4410.27978515625;4361.16015625;4391.759765625;4391.759765625;27774800
2026-09-04;EURO STOXX 50;2023-07-14;4389.93017578125;4411.18017578125;4388.759765625;4400.10986328125;4400.10986328125;28865100
2026-09-04;EURO STOXX 50;2023-07-17;4397.330078125;4397.330078125;4342.5400390625;4356.7900390625;4356.7900390625;18521300
2026-09-04;EURO STOXX 50;2023-07-18;4354.6201171875;4374.6298828125;4345.16015625;4369.72998046875;4369.72998046875;20708700
2026-09-04;EURO STOXX 50;2023-07-19;4370.91015625;4404.58984375;4362.08984375;4362.27978515625;4362.27978515625;25254500
2026-09-04;EURO STOXX 50;2023-07-20;4360.919921875;4376.580078125;4340.68994140625;4373.72998046875;4373.72998046875;27574900
2026-09-04;EURO STOXX 50;2023-07-21;4374.06982421875;4391.41015625;4355.27978515625;4391.41015625;4391.41015625;26761900
2026-09-04;EURO STOXX 50;2023-07-24;4386.8701171875;4386.8701171875;4364.259765625;4383.02978515625;4383.02978515625;19924300
2026-09-04;EURO STOXX 50;2023-07-25;4382.490234375;4399.5;4374.1298828125;4391.2998046875;4391.2998046875;18477800
2026-09-04;EURO STOXX 50;2023-07-26;4390.9599609375;4390.9599609375;4312.06982421875;4346.14990234375;4346.14990234375;32513000
2026-09-04;EURO STOXX 50;2023-07-27;4347.18017578125;4448.9599609375;4347.18017578125;4447.43994140625;4447.43994140625;38245800
2026-09-04;EURO STOXX 50;2023-07-28;4448.60009765625;4476.0400390625;4423.64013671875;4466.5;4466.5;41694700
2026-09-04;EURO STOXX 50;2023-07-31;4466.41015625;4491.509765625;4458.3701171875;4471.31005859375;4471.31005859375;30435800
2026-09-04;EURO STOXX 50;2023-08-02;4403.0400390625;4403.0400390625;4329.91015625;4336.5;4336.5;31188400
2026-09-04;EURO STOXX 50;2023-08-03;4335.14013671875;4335.14013671875;4279.0498046875;4304.6298828125;4304.6298828125;28069400
2026-09-04;EURO STOXX 50;2023-08-04;4306.06982421875;4336.64990234375;4288.7998046875;4332.91015625;4332.91015625;25844500
2026-09-04;EURO STOXX 50;2023-08-07;4330.22998046875;4341.10986328125;4304.1298828125;4337.5;4337.5;18241300
2026-09-04;EURO STOXX 50;2023-08-08;4329.47021484375;4330.22021484375;4259.83984375;4288.85009765625;4288.85009765625;58697200
2026-09-04;EURO STOXX 50;2023-08-09;4289.02001953125;4354.97021484375;4289.02001953125;4317.330078125;4317.330078125;34469100
2026-09-04;EURO STOXX 50;2023-08-10;4320.919921875;4402.08984375;4320.919921875;4384.0400390625;4384.0400390625;29363000
2026-09-04;EURO STOXX 50;2023-08-11;4381.72021484375;4381.72021484375;4311.10986328125;4321.330078125;4321.330078125;21770200
2026-09-04;EURO STOXX 50;2023-08-14;4318.7099609375;4343.89013671875;4306.259765625;4330.22998046875;4330.22998046875;16990700
2026-09-04;EURO STOXX 50;2023-08-15;4334.06982421875;4336.72021484375;4269.85986328125;4288.56982421875;4288.56982421875;23268200
2026-09-04;EURO STOXX 50;2023-08-16;4284.56982421875;4304.08984375;4268.85009765625;4284.27001953125;4284.27001953125;18498000
2026-09-04;EURO STOXX 50;2023-08-17;4281.56982421875;4281.56982421875;4224.77978515625;4227.830078125;4227.830078125;22270100
2026-09-04;EURO STOXX 50;2023-08-18;4224.4501953125;4224.4501953125;4175.3701171875;4212.9501953125;4212.9501953125;23253500
2026-09-04;EURO STOXX 50;2023-08-21;4212.60009765625;4262.169921875;4212.60009765625;4224.8701171875;4224.8701171875;20937300
2026-09-04;EURO STOXX 50;2023-08-22;4226.10009765625;4291.81005859375;4226.10009765625;4260.3701171875;4260.3701171875;19604800
2026-09-04;EURO STOXX 50;2023-08-23;4260.97021484375;4294.2900390625;4248.81982421875;4266.669921875;4266.669921875;20544100
2026-09-04;EURO STOXX 50;2023-08-24;4278.10986328125;4322.080078125;4229.669921875;4232.22021484375;4232.22021484375;22628100
2026-09-04;EURO STOXX 50;2023-08-25;4230.81982421875;4269.52001953125;4219.990234375;4236.25;4236.25;18675600
2026-09-04;EURO STOXX 50;2023-08-28;4245.60009765625;4299.169921875;4245.60009765625;4293.68994140625;4293.68994140625;19004900
2026-09-04;EURO STOXX 50;2023-08-29;4297.6201171875;4329.2900390625;4291.35009765625;4326.47021484375;4326.47021484375;22557700
2026-09-04;EURO STOXX 50;2023-08-30;4326.5498046875;4340.830078125;4294.6201171875;4315.31005859375;4315.31005859375;21390900
2026-09-04;EURO STOXX 50;2023-08-31;4316.16015625;4336.740234375;4297.10986328125;4297.10986328125;4297.10986328125;44880800
2026-09-04;EURO STOXX 50;2023-09-01;4296.31005859375;4319.990234375;4282.35986328125;4282.64013671875;4282.64013671875;23648700
2026-09-04;EURO STOXX 50;2023-09-04;4286.60009765625;4323.31005859375;4272.06005859375;4279.8701171875;4279.8701171875;13821400
2026-09-04;EURO STOXX 50;2023-09-05;4275.919921875;4286.77001953125;4234.7900390625;4269.16015625;4269.16015625;19961600
2026-09-04;EURO STOXX 50;2023-09-06;4265.5400390625;4265.5400390625;4224.35009765625;4238.259765625;4238.259765625;27595200
2026-09-04;EURO STOXX 50;2023-09-07;4235.740234375;4252.830078125;4209.97998046875;4221.02001953125;4221.02001953125;23792100
2026-09-04;EURO STOXX 50;2023-09-08;4224.1298828125;4244.41015625;4179.97021484375;4237.18994140625;4237.18994140625;23027300
2026-09-04;EURO STOXX 50;2023-09-11;4241.43017578125;4278.9599609375;4241.43017578125;4254.330078125;4254.330078125;27643500
2026-09-04;EURO STOXX 50;2023-09-12;4258.7001953125;4264.5;4230.64013671875;4242.27001953125;4242.27001953125;25763700
2026-09-04;EURO STOXX 50;2023-09-13;4236.919921875;4238.68994140625;4198.990234375;4223.47998046875;4223.47998046875;24763800
2026-09-04;EURO STOXX 50;2023-09-14;4223.39990234375;4288.22998046875;4205.68017578125;4279.75;4279.75;39852400
2026-09-04;EURO STOXX 50;2023-09-15;4287.64990234375;4326.89990234375;4287.64990234375;4295.0498046875;4295.0498046875;68337300
2026-09-04;EURO STOXX 50;2023-09-18;4291.080078125;4291.080078125;4234.72998046875;4245.8798828125;4245.8798828125;23664700
2026-09-04;EURO STOXX 50;2023-09-19;4245.39013671875;4264.14013671875;4230.330078125;4242.7001953125;4242.7001953125;19670300
2026-09-04;EURO STOXX 50;2023-09-20;4242.41015625;4286.52978515625;4241.56982421875;4275.97998046875;4275.97998046875;33987400
2026-09-04;EURO STOXX 50;2023-09-21;4271.10009765625;4271.10009765625;4200.72021484375;4212.58984375;4212.58984375;29527400
2026-09-04;EURO STOXX 50;2023-09-22;4211.0400390625;4218.68994140625;4178.43994140625;4207.16015625;4207.16015625;27408500
2026-09-04;EURO STOXX 50;2023-09-25;4204.22021484375;4213.22998046875;4144.7099609375;4167.3701171875;4167.3701171875;23905300
2026-09-04;EURO STOXX 50;2023-09-26;4165.02978515625;4165.02978515625;4114.97021484375;4129.18017578125;4129.18017578125;25884300
2026-09-04;EURO STOXX 50;2023-09-27;4129.91015625;4153.43017578125;4121.31005859375;4131.68017578125;4131.68017578125;21446100
2026-09-04;EURO STOXX 50;2023-09-28;4131.43994140625;4161.58984375;4106.47998046875;4161.56005859375;4161.56005859375;27903400
2026-09-04;EURO STOXX 50;2023-09-29;4171.330078125;4215.27978515625;4171.330078125;4174.66015625;4174.66015625;27198900
2026-09-04;EURO STOXX 50;2023-10-02;4181.6201171875;4204.169921875;4119.4501953125;4137.6298828125;4137.6298828125;25582100
2026-09-04;EURO STOXX 50;2023-10-03;4124.97998046875;4146.47021484375;4091.0;4095.590087890625;4095.590087890625;29719600
2026-09-04;EURO STOXX 50;2023-10-04;4084.780029296875;4126.60009765625;4061.93994140625;4099.85009765625;4099.85009765625;30296300
2026-09-04;EURO STOXX 50;2023-10-05;4104.169921875;4122.52001953125;4092.030029296875;4099.81005859375;4099.81005859375;21890900
2026-09-04;EURO STOXX 50;2023-10-06;4106.16015625;4144.66015625;4094.010009765625;4144.43017578125;4144.43017578125;26042400
2026-09-04;EURO STOXX 50;2023-10-09;4139.509765625;4139.509765625;4097.93994140625;4112.56982421875;4112.56982421875;24824600
2026-09-04;EURO STOXX 50;2023-10-10;4118.4599609375;4208.43017578125;4118.4599609375;4205.22998046875;4205.22998046875;26945500
2026-09-04;EURO STOXX 50;2023-10-11;4203.83984375;4217.0;4172.91015625;4200.7998046875;4200.7998046875;25125600
2026-09-04;EURO STOXX 50;2023-10-12;4202.7900390625;4234.490234375;4193.97998046875;4198.22998046875;4198.22998046875;28124600
2026-09-04;EURO STOXX 50;2023-10-13;4197.2998046875;4198.10009765625;4133.1298828125;4136.1201171875;4136.1201171875;29475800
2026-09-04;EURO STOXX 50;2023-10-16;4137.06982421875;4163.39990234375;4110.830078125;4149.85986328125;4149.85986328125;22046300
2026-09-04;EURO STOXX 50;2023-10-17;4148.08984375;4163.10009765625;4111.52001953125;4152.31982421875;4152.31982421875;19074800
2026-09-04;EURO STOXX 50;2023-10-18;4152.52978515625;4161.5;4099.89990234375;4105.85986328125;4105.85986328125;22690500
2026-09-04;EURO STOXX 50;2023-10-19;4104.7900390625;4109.81005859375;4069.2900390625;4090.330078125;4090.330078125;31261500
2026-09-04;EURO STOXX 50;2023-10-20;4077.43994140625;4077.43994140625;4024.679931640625;4024.679931640625;4024.679931640625;37662200
2026-09-04;EURO STOXX 50;2023-10-23;4025.47998046875;4044.6201171875;3993.10009765625;4041.75;4041.75;26974400
2026-09-04;EURO STOXX 50;2023-10-24;4045.419921875;4074.320068359375;4026.64990234375;4065.3701171875;4065.3701171875;25258900
2026-09-04;EURO STOXX 50;2023-10-25;4062.340087890625;4082.489990234375;4040.510009765625;4073.35009765625;4073.35009765625;22484800
2026-09-04;EURO STOXX 50;2023-10-26;4070.75;4070.75;4017.739990234375;4049.39990234375;4049.39990234375;27690700
2026-09-04;EURO STOXX 50;2023-10-27;4056.10009765625;4068.52001953125;4006.639892578125;4014.360107421875;4014.360107421875;24394700
2026-09-04;EURO STOXX 50;2023-10-30;4023.419921875;4050.97998046875;4023.419921875;4028.320068359375;4028.320068359375;25448600
2026-09-04;EURO STOXX 50;2023-10-31;4030.830078125;4073.489990234375;4026.929931640625;4061.1201171875;4061.1201171875;33313900
2026-09-04;EURO STOXX 50;2023-11-01;4069.64990234375;4103.64990234375;4049.8701171875;4091.7099609375;4091.7099609375;28092900
2026-09-04;EURO STOXX 50;2023-11-02;4102.08984375;4188.31005859375;4102.08984375;4169.6201171875;4169.6201171875;35274500
2026-09-04;EURO STOXX 50;2023-11-03;4175.85009765625;4195.9599609375;4163.85986328125;4174.669921875;4174.669921875;35837400
2026-09-04;EURO STOXX 50;2023-11-06;4178.31982421875;4188.64990234375;4152.080078125;4158.64013671875;4158.64013671875;25431900
2026-09-04;EURO STOXX 50;2023-11-07;4150.52001953125;4164.8798828125;4135.52978515625;4153.3701171875;4153.3701171875;20870700
2026-09-04;EURO STOXX 50;2023-11-08;4148.419921875;4197.6298828125;4133.4599609375;4178.490234375;4178.490234375;27660500
2026-09-04;EURO STOXX 50;2023-11-09;4179.35009765625;4234.0;4166.89013671875;4229.2001953125;4229.2001953125;25142800
2026-09-04;EURO STOXX 50;2023-11-10;4218.259765625;4218.259765625;4176.16015625;4197.35986328125;4197.35986328125;25219100
2026-09-04;EURO STOXX 50;2023-11-13;4205.41015625;4234.72998046875;4205.41015625;4232.18994140625;4232.18994140625;26669400
2026-09-04;EURO STOXX 50;2023-11-14;4232.39990234375;4304.72021484375;4230.91015625;4291.72021484375;4291.72021484375;37242600
2026-09-04;EURO STOXX 50;2023-11-15;4294.97998046875;4326.72021484375;4294.97998046875;4315.52978515625;4315.52978515625;29961300
2026-09-04;EURO STOXX 50;2023-11-16;4315.56982421875;4323.60009765625;4302.4501953125;4302.4501953125;4302.4501953125;32963100
2026-09-04;EURO STOXX 50;2023-11-17;4304.0;4347.52978515625;4304.0;4340.77001953125;4340.77001953125;41324200
2026-09-04;EURO STOXX 50;2023-11-20;4338.39990234375;4348.490234375;4330.47021484375;4342.41015625;4342.41015625;31874800
2026-09-04;EURO STOXX 50;2023-11-21;4343.06982421875;4345.06982421875;4329.52978515625;4331.89990234375;4331.89990234375;24992700
2026-09-04;EURO STOXX 50;2023-11-22;4335.77978515625;4357.10009765625;4335.77978515625;4352.02001953125;4352.02001953125;22322500
2026-09-04;EURO STOXX 50;2023-11-23;4352.72998046875;4363.64990234375;4350.419921875;4361.31982421875;4361.31982421875;18317400
2026-09-04;EURO STOXX 50;2023-11-24;4357.9501953125;4375.830078125;4356.080078125;4372.10009765625;4372.10009765625;21635400
2026-09-04;EURO STOXX 50;2023-11-27;4369.919921875;4376.7001953125;4353.27001953125;4354.41015625;4354.41015625;22306300
2026-09-04;EURO STOXX 50;2023-11-28;4350.33984375;4350.33984375;4328.1201171875;4348.02001953125;4348.02001953125;23473700
2026-09-04;EURO STOXX 50;2023-11-29;4341.2998046875;4382.14990234375;4341.2998046875;4370.52978515625;4370.52978515625;30478700
2026-09-04;EURO STOXX 50;2023-11-30;4370.39013671875;4392.81005859375;4361.830078125;4382.47021484375;4382.47021484375;55338100
2026-09-04;EURO STOXX 50;2023-12-01;4393.0400390625;4420.56982421875;4393.0400390625;4418.509765625;4418.509765625;23410400
2026-09-04;EURO STOXX 50;2023-12-04;4414.2998046875;4426.5498046875;4405.330078125;4414.9501953125;4414.9501953125;25291700
2026-09-04;EURO STOXX 50;2023-12-05;4414.330078125;4457.81982421875;4412.669921875;4452.77001953125;4452.77001953125;31965100
2026-09-04;EURO STOXX 50;2023-12-06;4460.330078125;4495.2998046875;4458.52978515625;4483.259765625;4483.259765625;32538500
2026-09-04;EURO STOXX 50;2023-12-07;4480.52001953125;4480.52001953125;4465.25;4473.77001953125;4473.77001953125;31121800
2026-09-04;EURO STOXX 50;2023-12-08;4477.0400390625;4531.5400390625;4477.0400390625;4523.31005859375;4523.31005859375;26886000
2026-09-04;EURO STOXX 50;2023-12-11;4522.7900390625;4544.1298828125;4519.6201171875;4540.18994140625;4540.18994140625;24134800
2026-09-04;EURO STOXX 50;2023-12-12;4544.41015625;4561.10986328125;4535.0400390625;4536.60986328125;4536.60986328125;26300000
2026-09-04;EURO STOXX 50;2023-12-13;4539.4501953125;4554.1298828125;4528.990234375;4530.18994140625;4530.18994140625;27793300
2026-09-04;EURO STOXX 50;2023-12-14;4541.47021484375;4593.10986328125;4515.919921875;4539.16015625;4539.16015625;47268300
2026-09-04;EURO STOXX 50;2023-12-15;4551.02978515625;4579.89990234375;4542.10986328125;4549.43994140625;4549.43994140625;62263800
2026-09-04;EURO STOXX 50;2023-12-18;4540.1201171875;4541.419921875;4513.10009765625;4521.1298828125;4521.1298828125;22240500
2026-09-04;EURO STOXX 50;2023-12-19;4522.1298828125;4538.31982421875;4519.27978515625;4535.39990234375;4535.39990234375;23305200
2026-09-04;EURO STOXX 50;2023-12-20;4538.1201171875;4546.06005859375;4515.52001953125;4533.81982421875;4533.81982421875;22434600
2026-09-04;EURO STOXX 50;2023-12-21;4522.490234375;4524.85986328125;4503.35986328125;4524.85986328125;4524.85986328125;16748300
2026-09-04;EURO STOXX 50;2023-12-22;4520.60009765625;4528.0498046875;4505.72998046875;4521.47021484375;4521.47021484375;17782200
2026-09-04;EURO STOXX 50;2023-12-27;4521.7998046875;4542.330078125;4520.509765625;4528.3798828125;4528.3798828125;16854400
2026-09-04;EURO STOXX 50;2023-12-28;4536.68017578125;4542.75;4512.64013671875;4514.3798828125;4514.3798828125;14425000
2026-09-04;EURO STOXX 50;2023-12-29;4518.1201171875;4536.43994140625;4517.31005859375;4521.64990234375;4521.64990234375;13276900
2026-09-04;EURO STOXX 50;2024-01-03;4514.2001953125;4515.7001953125;4433.14013671875;4448.1298828125;4448.1298828125;26376200
2026-09-04;EURO STOXX 50;2024-01-04;4451.72021484375;4476.72021484375;4443.419921875;4474.009765625;4474.009765625;28082800
2026-09-04;EURO STOXX 50;2024-01-05;4458.740234375;4474.8798828125;4418.080078125;4463.509765625;4463.509765625;28778100
2026-09-04;EURO STOXX 50;2024-01-08;4461.7998046875;4487.259765625;4438.490234375;4485.47998046875;4485.47998046875;21900200
2026-09-04;EURO STOXX 50;2024-01-09;4486.990234375;4486.990234375;4446.6201171875;4467.169921875;4467.169921875;25544800
2026-09-04;EURO STOXX 50;2024-01-10;4467.14990234375;4484.7998046875;4459.5400390625;4468.97998046875;4468.97998046875;20341000
2026-09-04;EURO STOXX 50;2024-01-11;4481.39990234375;4510.009765625;4441.4599609375;4442.27978515625;4442.27978515625;24082000
2026-09-04;EURO STOXX 50;2024-01-12;4453.240234375;4492.77001953125;4453.240234375;4480.02001953125;4480.02001953125;20703500
2026-09-04;EURO STOXX 50;2024-01-15;4483.97998046875;4489.490234375;4451.02978515625;4454.68017578125;4454.68017578125;16286900
2026-09-04;EURO STOXX 50;2024-01-16;4443.2099609375;4448.4501953125;4414.43994140625;4446.509765625;4446.509765625;22717700
2026-09-04;EURO STOXX 50;2024-01-17;4420.60009765625;4420.60009765625;4380.97021484375;4403.080078125;4403.080078125;26429000
2026-09-04;EURO STOXX 50;2024-01-18;4417.56005859375;4455.47021484375;4408.419921875;4453.0498046875;4453.0498046875;25615800
2026-09-04;EURO STOXX 50;2024-01-19;4465.2001953125;4476.77978515625;4437.5;4448.830078125;4448.830078125;26267800
2026-09-04;EURO STOXX 50;2024-01-22;4454.4501953125;4495.43017578125;4454.4501953125;4480.31982421875;4480.31982421875;24707800
2026-09-04;EURO STOXX 50;2024-01-23;4487.509765625;4496.39013671875;4456.77978515625;4465.91015625;4465.91015625;21306700
2026-09-04;EURO STOXX 50;2024-01-24;4469.7900390625;4564.10986328125;4469.60009765625;4564.10986328125;4564.10986328125;30202900
2026-09-04;EURO STOXX 50;2024-01-25;4562.33984375;4584.8701171875;4545.52001953125;4582.259765625;4582.259765625;30570800
2026-09-04;EURO STOXX 50;2024-01-26;4572.1298828125;4639.0498046875;4572.1298828125;4635.47021484375;4635.47021484375;24797100
2026-09-04;EURO STOXX 50;2024-01-29;4636.77001953125;4639.35986328125;4622.4599609375;4639.35986328125;4639.35986328125;26589700
2026-09-04;EURO STOXX 50;2024-01-30;4647.41015625;4667.419921875;4642.259765625;4662.7001953125;4662.7001953125;31631300
2026-09-04;EURO STOXX 50;2024-01-31;4659.8701171875;4674.740234375;4642.68994140625;4648.39990234375;4648.39990234375;36656800
2026-09-04;EURO STOXX 50;2024-02-01;4641.93994140625;4656.52001953125;4619.47998046875;4638.60009765625;4638.60009765625;38356000
2026-09-04;EURO STOXX 50;2024-02-02;4645.77978515625;4676.7099609375;4645.77978515625;4654.5498046875;4654.5498046875;29245500
2026-09-04;EURO STOXX 50;2024-02-05;4656.0498046875;4667.39990234375;4638.330078125;4655.27001953125;4655.27001953125;41764000
2026-09-04;EURO STOXX 50;2024-02-06;4667.5;4692.43994140625;4660.02001953125;4690.8701171875;4690.8701171875;40126800
2026-09-04;EURO STOXX 50;2024-02-07;4691.56982421875;4694.8798828125;4677.919921875;4678.85009765625;4678.85009765625;36290900
2026-09-04;EURO STOXX 50;2024-02-08;4687.2099609375;4720.77978515625;4682.830078125;4710.77978515625;4710.77978515625;26948800
2026-09-04;EURO STOXX 50;2024-02-09;4711.330078125;4723.77001953125;4696.509765625;4715.8701171875;4715.8701171875;30842300
2026-09-04;EURO STOXX 50;2024-02-12;4720.2998046875;4746.35009765625;4720.2998046875;4746.35009765625;4746.35009765625;21602800
2026-09-04;EURO STOXX 50;2024-02-13;4746.4599609375;4746.4599609375;4671.990234375;4689.27978515625;4689.27978515625;22710500
2026-09-04;EURO STOXX 50;2024-02-14;4685.93994140625;4712.89013671875;4681.6201171875;4709.22021484375;4709.22021484375;20156500
2026-09-04;EURO STOXX 50;2024-02-15;4713.77978515625;4749.27001953125;4713.77978515625;4743.169921875;4743.169921875;26284000
2026-09-04;EURO STOXX 50;2024-02-16;4754.43017578125;4782.7900390625;4750.759765625;4765.64990234375;4765.64990234375;28820000
2026-09-04;EURO STOXX 50;2024-02-19;4755.75;4765.81982421875;4744.58984375;4763.06982421875;4763.06982421875;17297200
2026-09-04;EURO STOXX 50;2024-02-20;4757.9501953125;4766.6201171875;4749.18017578125;4760.27978515625;4760.27978515625;20499400
2026-09-04;EURO STOXX 50;2024-02-21;4761.240234375;4782.56005859375;4756.68017578125;4775.31005859375;4775.31005859375;27017300
2026-09-04;EURO STOXX 50;2024-02-22;4812.02001953125;4866.06005859375;4812.02001953125;4855.35986328125;4855.35986328125;29131200
2026-09-04;EURO STOXX 50;2024-02-23;4857.41015625;4881.66015625;4850.31982421875;4872.56982421875;4872.56982421875;28690800
2026-09-04;EURO STOXX 50;2024-02-26;4865.8701171875;4870.43017578125;4859.490234375;4864.2900390625;4864.2900390625;25387100
2026-09-04;EURO STOXX 50;2024-02-27;4865.5400390625;4887.85009765625;4863.81005859375;4885.740234375;4885.740234375;24235200
2026-09-04;EURO STOXX 50;2024-02-28;4883.83984375;4887.18017578125;4874.93994140625;4883.77001953125;4883.77001953125;22071200
2026-09-04;EURO STOXX 50;2024-02-29;4883.77001953125;4898.3701171875;4872.6298828125;4877.77001953125;4877.77001953125;52106500
2026-09-04;EURO STOXX 50;2024-03-01;4888.580078125;4904.85009765625;4874.02978515625;4894.85986328125;4894.85986328125;36359400
2026-09-04;EURO STOXX 50;2024-03-04;4904.580078125;4915.43994140625;4897.93994140625;4912.919921875;4912.919921875;19696200
2026-09-04;EURO STOXX 50;2024-03-05;4909.419921875;4913.10009765625;4886.06982421875;4893.06982421875;4893.06982421875;29832800
2026-09-04;EURO STOXX 50;2024-03-06;4890.83984375;4920.56982421875;4889.580078125;4915.490234375;4915.490234375;31096700
2026-09-04;EURO STOXX 50;2024-03-07;4901.009765625;4978.18994140625;4891.7900390625;4974.22021484375;4974.22021484375;33778900
2026-09-04;EURO STOXX 50;2024-03-08;4974.97021484375;4986.56982421875;4961.10986328125;4961.10986328125;4961.10986328125;25083600
2026-09-04;EURO STOXX 50;2024-03-11;4932.2001953125;4938.64990234375;4913.83984375;4930.419921875;4930.419921875;28433100
2026-09-04;EURO STOXX 50;2024-03-12;4937.759765625;4985.10009765625;4926.2099609375;4983.2001953125;4983.2001953125;33567600
2026-09-04;EURO STOXX 50;2024-03-13;4985.830078125;5016.240234375;4983.81982421875;5000.5498046875;5000.5498046875;33871200
2026-09-04;EURO STOXX 50;2024-03-14;5007.72998046875;5031.81982421875;4986.60009765625;4993.1201171875;4993.1201171875;33713900
2026-09-04;EURO STOXX 50;2024-03-15;4993.43994140625;5023.64990234375;4986.02001953125;4986.02001953125;4986.02001953125;83894000
2026-09-04;EURO STOXX 50;2024-03-18;4993.66015625;5004.080078125;4976.60986328125;4982.759765625;4982.759765625;24806900
2026-09-04;EURO STOXX 50;2024-03-19;4979.06005859375;5007.919921875;4976.3701171875;5007.919921875;5007.919921875;27400600
2026-09-04;EURO STOXX 50;2024-03-20;4991.3701171875;5009.1298828125;4980.9501953125;5000.31005859375;5000.31005859375;23453900
2026-09-04;EURO STOXX 50;2024-03-21;5042.31982421875;5058.91015625;5021.14013671875;5052.31005859375;5052.31005859375;27735100
2026-09-04;EURO STOXX 50;2024-03-22;5035.1298828125;5037.740234375;5008.89990234375;5031.14990234375;5031.14990234375;27334500
2026-09-04;EURO STOXX 50;2024-03-25;5029.25;5051.47021484375;5013.60009765625;5044.18994140625;5044.18994140625;22818800
2026-09-04;EURO STOXX 50;2024-03-26;5046.259765625;5072.75;5038.72998046875;5064.18017578125;5064.18017578125;25325900
2026-09-04;EURO STOXX 50;2024-03-27;5063.27001953125;5095.10986328125;5063.27001953125;5081.740234375;5081.740234375;25287000
2026-09-04;EURO STOXX 50;2024-03-28;5085.25;5103.259765625;5081.77978515625;5083.419921875;5083.419921875;31375500
2026-09-04;EURO STOXX 50;2024-04-02;5096.85986328125;5121.7099609375;5038.6298828125;5042.0;5042.0;31803000
2026-09-04;EURO STOXX 50;2024-04-03;5047.7998046875;5071.2001953125;5046.22998046875;5069.25;5069.25;27231600
2026-09-04;EURO STOXX 50;2024-04-04;5071.830078125;5089.330078125;5065.64990234375;5070.759765625;5070.759765625;23602100
2026-09-04;EURO STOXX 50;2024-04-05;5043.60986328125;5043.60986328125;4985.669921875;5014.75;5014.75;36778900
2026-09-04;EURO STOXX 50;2024-04-08;5012.02001953125;5053.0;5005.31005859375;5046.0498046875;5046.0498046875;19822200
2026-09-04;EURO STOXX 50;2024-04-09;5038.72998046875;5038.72998046875;4981.22998046875;4990.89990234375;4990.89990234375;24097700
2026-09-04;EURO STOXX 50;2024-04-10;5006.5;5037.18017578125;4951.18994140625;5000.830078125;5000.830078125;28802000
2026-09-04;EURO STOXX 50;2024-04-11;4994.14990234375;5010.08984375;4934.39990234375;4966.68017578125;4966.68017578125;30613200
2026-09-04;EURO STOXX 50;2024-04-12;4986.02978515625;5023.89990234375;4935.02978515625;4955.009765625;4955.009765625;27782600
2026-09-04;EURO STOXX 50;2024-04-15;4969.0;5034.72998046875;4969.0;4984.47998046875;4984.47998046875;24465200
2026-09-04;EURO STOXX 50;2024-04-16;4962.14990234375;4962.14990234375;4899.41015625;4916.990234375;4916.990234375;27874400
2026-09-04;EURO STOXX 50;2024-04-17;4918.72998046875;4968.41015625;4898.89990234375;4914.1298828125;4914.1298828125;22788100
2026-09-04;EURO STOXX 50;2024-04-18;4924.830078125;4943.97998046875;4907.60986328125;4936.56982421875;4936.56982421875;27889700
2026-09-04;EURO STOXX 50;2024-04-19;4911.58984375;4933.3798828125;4884.1201171875;4918.08984375;4918.08984375;35229800
2026-09-04;EURO STOXX 50;2024-04-22;4921.0400390625;4954.18017578125;4913.7001953125;4936.85009765625;4936.85009765625;28703100
2026-09-04;EURO STOXX 50;2024-04-23;4941.2900390625;5011.10009765625;4941.2900390625;5008.169921875;5008.169921875;35178000
2026-09-04;EURO STOXX 50;2024-04-24;5004.91015625;5031.83984375;4981.81005859375;4989.8798828125;4989.8798828125;30866000
2026-09-04;EURO STOXX 50;2024-04-25;4993.35009765625;4994.41015625;4900.27001953125;4939.009765625;4939.009765625;27537300
2026-09-04;EURO STOXX 50;2024-04-26;4950.22021484375;5017.97998046875;4950.22021484375;5006.85009765625;5006.85009765625;26649800
2026-09-04;EURO STOXX 50;2024-04-29;5014.22021484375;5026.81982421875;4980.419921875;4981.08984375;4981.08984375;28179400
2026-09-04;EURO STOXX 50;2024-04-30;4985.5400390625;4988.1201171875;4916.56982421875;4921.22021484375;4921.22021484375;33802300
2026-09-04;EURO STOXX 50;2024-05-02;4907.330078125;4913.7099609375;4888.10986328125;4890.60986328125;4890.60986328125;35992100
2026-09-04;EURO STOXX 50;2024-05-03;4901.0400390625;4944.81982421875;4896.41015625;4921.47998046875;4921.47998046875;35280900
2026-09-04;EURO STOXX 50;2024-05-06;4921.02001953125;4969.1201171875;4920.93017578125;4956.9599609375;4956.9599609375;22143800
2026-09-04;EURO STOXX 50;2024-05-07;4969.81982421875;5016.7099609375;4967.81005859375;5016.10009765625;5016.10009765625;29592800
2026-09-04;EURO STOXX 50;2024-05-08;5025.2998046875;5047.5400390625;5023.740234375;5038.169921875;5038.169921875;28177000
2026-09-04;EURO STOXX 50;2024-05-10;5060.72998046875;5096.89013671875;5060.72998046875;5085.080078125;5085.080078125;33566400
2026-09-04;EURO STOXX 50;2024-05-13;5083.5400390625;5087.919921875;5068.06005859375;5078.9599609375;5078.9599609375;23625800
2026-09-04;EURO STOXX 50;2024-05-14;5079.3701171875;5083.5498046875;5057.93994140625;5080.2900390625;5080.2900390625;35579700
2026-09-04;EURO STOXX 50;2024-05-15;5083.25;5102.2998046875;5075.06005859375;5100.89990234375;5100.89990234375;28208300
2026-09-04;EURO STOXX 50;2024-05-16;5094.77001953125;5101.41015625;5068.10986328125;5072.4501953125;5072.4501953125;26348900
2026-09-04;EURO STOXX 50;2024-05-17;5061.43994140625;5068.39013671875;5040.22998046875;5064.14013671875;5064.14013671875;33517100
2026-09-04;EURO STOXX 50;2024-05-21;5064.8701171875;5064.8701171875;5026.06982421875;5046.990234375;5046.990234375;24688000
2026-09-04;EURO STOXX 50;2024-05-22;5044.22021484375;5045.08984375;5020.7001953125;5025.169921875;5025.169921875;22042400
2026-09-04;EURO STOXX 50;2024-05-23;5026.7001953125;5064.5;5025.27978515625;5037.60009765625;5037.60009765625;20899200
2026-09-04;EURO STOXX 50;2024-05-24;5027.93994140625;5040.89013671875;4991.7001953125;5035.41015625;5035.41015625;19360800
2026-09-04;EURO STOXX 50;2024-05-27;5038.919921875;5059.2001953125;5033.56005859375;5059.2001953125;5059.2001953125;12097600
2026-09-04;EURO STOXX 50;2024-05-28;5060.3798828125;5071.39013671875;5015.85009765625;5030.35009765625;5030.35009765625;20622600
2026-09-04;EURO STOXX 50;2024-05-29;5027.52001953125;5027.52978515625;4955.83984375;4963.2001953125;4963.2001953125;23440400
2026-09-04;EURO STOXX 50;2024-05-30;4954.77978515625;4985.8701171875;4947.2099609375;4982.18017578125;4982.18017578125;22460800
2026-09-04;EURO STOXX 50;2024-05-31;4985.7099609375;5000.759765625;4967.18994140625;4983.669921875;4983.669921875;58901800
2026-09-04;EURO STOXX 50;2024-06-03;5008.10009765625;5039.5498046875;4997.009765625;5003.5400390625;5003.5400390625;22739000
2026-09-04;EURO STOXX 50;2024-06-04;5001.97021484375;5001.97021484375;4942.14013671875;4953.3701171875;4953.3701171875;31519300
2026-09-04;EURO STOXX 50;2024-06-05;4972.72021484375;5044.02001953125;4972.72021484375;5035.66015625;5035.66015625;23775000
2026-09-04;EURO STOXX 50;2024-06-06;5051.93994140625;5082.06982421875;5049.8798828125;5069.08984375;5069.08984375;23370200
2026-09-04;EURO STOXX 50;2024-06-07;5072.8798828125;5077.2099609375;5018.35009765625;5051.31005859375;5051.31005859375;21974200
2026-09-04;EURO STOXX 50;2024-06-10;5027.85986328125;5027.85986328125;4973.8798828125;5016.47998046875;5016.47998046875;23406000
2026-09-04;EURO STOXX 50;2024-06-11;5025.1298828125;5034.580078125;4941.39013671875;4965.08984375;4965.08984375;29062300
2026-09-04;EURO STOXX 50;2024-06-12;4970.60986328125;5042.39013671875;4970.60986328125;5034.43017578125;5034.43017578125;26424900
2026-09-04;EURO STOXX 50;2024-06-13;5031.0400390625;5031.0400390625;4929.8701171875;4935.5;4935.5;34937200
2026-09-04;EURO STOXX 50;2024-06-14;4942.81982421875;4942.81982421875;4819.56005859375;4839.14013671875;4839.14013671875;50978300
2026-09-04;EURO STOXX 50;2024-06-17;4858.68017578125;4900.31005859375;4837.8798828125;4880.419921875;4880.419921875;26706000
2026-09-04;EURO STOXX 50;2024-06-18;4898.330078125;4922.60986328125;4883.18017578125;4915.47021484375;4915.47021484375;25530900
2026-09-04;EURO STOXX 50;2024-06-19;4913.5400390625;4916.68994140625;4883.2998046875;4885.4501953125;4885.4501953125;22300600
2026-09-04;EURO STOXX 50;2024-06-20;4894.1298828125;4948.89013671875;4894.1298828125;4947.72998046875;4947.72998046875;25837100
2026-09-04;EURO STOXX 50;2024-06-21;4945.02001953125;4945.02001953125;4890.080078125;4907.2998046875;4907.2998046875;57824200
2026-09-04;EURO STOXX 50;2024-06-24;4911.169921875;4964.83984375;4911.169921875;4950.97998046875;4950.97998046875;23168300
2026-09-04;EURO STOXX 50;2024-06-25;4938.43994140625;4938.43994140625;4910.919921875;4935.97021484375;4935.97021484375;21344600
2026-09-04;EURO STOXX 50;2024-06-26;4954.7900390625;4975.81005859375;4889.22998046875;4915.93994140625;4915.93994140625;23577100
2026-09-04;EURO STOXX 50;2024-06-27;4918.6298828125;4935.10986328125;4897.18017578125;4902.60009765625;4902.60009765625;22558000
2026-09-04;EURO STOXX 50;2024-06-28;4909.2998046875;4922.83984375;4880.97998046875;4894.02001953125;4894.02001953125;25149300
2026-09-04;EURO STOXX 50;2024-07-01;4924.080078125;4981.31005859375;4923.31982421875;4929.990234375;4929.990234375;26805400
2026-09-04;EURO STOXX 50;2024-07-02;4918.2099609375;4918.2099609375;4869.47998046875;4906.330078125;4906.330078125;22898000
2026-09-04;EURO STOXX 50;2024-07-03;4922.02978515625;4977.56982421875;4922.02978515625;4965.7998046875;4965.7998046875;22544600
2026-09-04;EURO STOXX 50;2024-07-04;4972.669921875;4993.66015625;4972.669921875;4987.47998046875;4987.47998046875;16024800
2026-09-04;EURO STOXX 50;2024-07-05;4993.990234375;5019.64990234375;4960.509765625;4979.39013671875;4979.39013671875;18457500
2026-09-04;EURO STOXX 50;2024-07-08;4976.52978515625;5029.25;4965.240234375;4969.830078125;4969.830078125;22230800
2026-09-04;EURO STOXX 50;2024-07-09;4960.14990234375;4960.5498046875;4894.759765625;4903.6201171875;4903.6201171875;20009900
2026-09-04;EURO STOXX 50;2024-07-10;4909.14013671875;4960.990234375;4896.85009765625;4958.85986328125;4958.85986328125;20128100
2026-09-04;EURO STOXX 50;2024-07-11;4970.31982421875;5005.7001953125;4964.1201171875;4976.1298828125;4976.1298828125;19626200
2026-09-04;EURO STOXX 50;2024-07-12;4980.9599609375;5051.58984375;4980.9599609375;5043.02001953125;5043.02001953125;20388600
2026-09-04;EURO STOXX 50;2024-07-15;5029.27978515625;5038.2998046875;4982.419921875;4983.10986328125;4983.10986328125;16535700
2026-09-04;EURO STOXX 50;2024-07-16;4968.2099609375;4968.2099609375;4939.169921875;4947.830078125;4947.830078125;19239700
2026-09-04;EURO STOXX 50;2024-07-17;4939.43994140625;4939.43994140625;4877.14990234375;4891.4599609375;4891.4599609375;19295600
2026-09-04;EURO STOXX 50;2024-07-18;4902.41015625;4923.85986328125;4870.1201171875;4870.1201171875;4870.1201171875;24394200
2026-09-04;EURO STOXX 50;2024-07-19;4868.97021484375;4868.97021484375;4822.5498046875;4827.240234375;4827.240234375;26875500
2026-09-04;EURO STOXX 50;2024-07-22;4833.169921875;4911.43017578125;4833.169921875;4897.43994140625;4897.43994140625;23104500
2026-09-04;EURO STOXX 50;2024-07-23;4906.89013671875;4949.27001953125;4896.330078125;4916.7998046875;4916.7998046875;20665500
2026-09-04;EURO STOXX 50;2024-07-24;4892.66015625;4892.66015625;4847.39013671875;4861.8701171875;4861.8701171875;25416200
2026-09-04;EURO STOXX 50;2024-07-25;4832.68017578125;4832.68017578125;4767.14990234375;4811.27978515625;4811.27978515625;27180100
2026-09-04;EURO STOXX 50;2024-07-26;4810.8701171875;4867.8798828125;4810.2001953125;4862.5;4862.5;20424600
2026-09-04;EURO STOXX 50;2024-07-29;4873.83984375;4886.60009765625;4810.81005859375;4815.39013671875;4815.39013671875;20131100
2026-09-04;EURO STOXX 50;2024-07-30;4830.52001953125;4861.85009765625;4829.919921875;4841.0;4841.0;27562700
2026-09-04;EURO STOXX 50;2024-07-31;4852.18017578125;4907.39013671875;4852.18017578125;4872.93994140625;4872.93994140625;30027500
2026-09-04;EURO STOXX 50;2024-08-02;4752.10009765625;4752.10009765625;4627.27001953125;4638.7001953125;4638.7001953125;43378400
2026-09-04;EURO STOXX 50;2024-08-05;4605.72021484375;4605.72021484375;4473.93994140625;4571.60009765625;4571.60009765625;46732100
2026-09-04;EURO STOXX 50;2024-08-06;4580.1201171875;4607.81982421875;4538.2001953125;4575.22021484375;4575.22021484375;32680300
2026-09-04;EURO STOXX 50;2024-08-07;4592.8701171875;4683.72021484375;4591.58984375;4668.06005859375;4668.06005859375;33109900
2026-09-04;EURO STOXX 50;2024-08-08;4661.81982421875;4673.66015625;4606.7001953125;4668.740234375;4668.740234375;24942300
2026-09-04;EURO STOXX 50;2024-08-09;4678.43994140625;4703.22021484375;4646.7099609375;4675.27978515625;4675.27978515625;17631200
2026-09-04;EURO STOXX 50;2024-08-12;4686.85009765625;4699.91015625;4658.85986328125;4671.8798828125;4671.8798828125;15137800
2026-09-04;EURO STOXX 50;2024-08-13;4680.2099609375;4697.9599609375;4659.22998046875;4694.919921875;4694.919921875;18609000
2026-09-04;EURO STOXX 50;2024-08-14;4710.18017578125;4728.68017578125;4706.759765625;4727.60009765625;4727.60009765625;14410100
2026-09-04;EURO STOXX 50;2024-08-15;4736.83984375;4809.8798828125;4727.6298828125;4807.77001953125;4807.77001953125;17524400
2026-09-04;EURO STOXX 50;2024-08-16;4813.72021484375;4850.740234375;4813.72021484375;4840.52001953125;4840.52001953125;22741100
2026-09-04;EURO STOXX 50;2024-08-19;4838.02001953125;4879.2998046875;4835.580078125;4871.41015625;4871.41015625;15847100
2026-09-04;EURO STOXX 50;2024-08-20;4878.22021484375;4897.43017578125;4855.89990234375;4857.580078125;4857.580078125;15896900
2026-09-04;EURO STOXX 50;2024-08-21;4856.22998046875;4889.72021484375;4856.22998046875;4885.27978515625;4885.27978515625;13750000
2026-09-04;EURO STOXX 50;2024-08-22;4885.740234375;4911.43017578125;4883.97998046875;4885.0;4885.0;14706200
2026-09-04;EURO STOXX 50;2024-08-23;4890.33984375;4918.85009765625;4887.7001953125;4909.2001953125;4909.2001953125;16243400
2026-09-04;EURO STOXX 50;2024-08-26;4907.0400390625;4911.02001953125;4892.18994140625;4896.68994140625;4896.68994140625;10423800
2026-09-04;EURO STOXX 50;2024-08-27;4897.27001953125;4916.68017578125;4892.509765625;4898.77978515625;4898.77978515625;16777900
2026-09-04;EURO STOXX 50;2024-08-28;4904.759765625;4932.759765625;4904.759765625;4913.02978515625;4913.02978515625;15945100
2026-09-04;EURO STOXX 50;2024-08-29;4915.490234375;4966.27001953125;4913.490234375;4966.27001953125;4966.27001953125;19542700
2026-09-04;EURO STOXX 50;2024-08-30;4959.02978515625;4980.85986328125;4957.9599609375;4957.97998046875;4957.97998046875;34038900
2026-09-04;EURO STOXX 50;2024-09-02;4955.8701171875;4973.39013671875;4924.18017578125;4973.06982421875;4973.06982421875;14223700
2026-09-04;EURO STOXX 50;2024-09-03;4977.97021484375;4986.740234375;4906.97998046875;4912.52001953125;4912.52001953125;21266200
2026-09-04;EURO STOXX 50;2024-09-04;4889.169921875;4889.169921875;4838.830078125;4848.18017578125;4848.18017578125;20836300
2026-09-04;EURO STOXX 50;2024-09-05;4840.7001953125;4854.330078125;4814.77001953125;4815.14990234375;4815.14990234375;20335200
2026-09-04;EURO STOXX 50;2024-09-06;4806.58984375;4829.27978515625;4732.85986328125;4738.06005859375;4738.06005859375;26621300
2026-09-04;EURO STOXX 50;2024-09-09;4745.2099609375;4797.75;4745.2099609375;4778.66015625;4778.66015625;18482000
2026-09-04;EURO STOXX 50;2024-09-10;4779.5498046875;4803.3701171875;4736.89013671875;4747.2001953125;4747.2001953125;25144200
2026-09-04;EURO STOXX 50;2024-09-11;4752.580078125;4796.490234375;4735.9501953125;4763.580078125;4763.580078125;22657000
2026-09-04;EURO STOXX 50;2024-09-12;4777.77001953125;4836.64013671875;4777.77001953125;4814.080078125;4814.080078125;21940200
2026-09-04;EURO STOXX 50;2024-09-13;4817.740234375;4853.89013671875;4817.740234375;4843.990234375;4843.990234375;19220400
2026-09-04;EURO STOXX 50;2024-09-16;4835.16015625;4852.7099609375;4820.10986328125;4827.6298828125;4827.6298828125;16651400
2026-09-04;EURO STOXX 50;2024-09-17;4832.81982421875;4879.60986328125;4832.81982421875;4860.77978515625;4860.77978515625;22514000
2026-09-04;EURO STOXX 50;2024-09-18;4861.52001953125;4864.60009765625;4831.08984375;4835.2998046875;4835.2998046875;19646100
2026-09-04;EURO STOXX 50;2024-09-19;4862.41015625;4943.3798828125;4862.41015625;4943.3798828125;4943.3798828125;29177300
2026-09-04;EURO STOXX 50;2024-09-20;4929.14990234375;4930.22021484375;4868.7998046875;4871.5400390625;4871.5400390625;53929600
2026-09-04;EURO STOXX 50;2024-09-23;4875.6201171875;4893.97998046875;4854.93017578125;4885.56982421875;4885.56982421875;21857300
2026-09-04;EURO STOXX 50;2024-09-24;4907.580078125;4953.68994140625;4907.580078125;4940.72021484375;4940.72021484375;20384300
2026-09-04;EURO STOXX 50;2024-09-25;4928.14990234375;4933.3701171875;4905.330078125;4916.89013671875;4916.89013671875;19762000
2026-09-04;EURO STOXX 50;2024-09-26;4956.33984375;5035.43994140625;4956.33984375;5032.58984375;5032.58984375;31632800
2026-09-04;EURO STOXX 50;2024-09-27;5028.35009765625;5071.41015625;5028.35009765625;5067.4501953125;5067.4501953125;27219500
2026-09-04;EURO STOXX 50;2024-09-30;5060.759765625;5060.759765625;5000.4501953125;5000.4501953125;5000.4501953125;35002300
2026-09-04;EURO STOXX 50;2024-10-01;5004.3701171875;5016.8798828125;4933.39013671875;4954.14990234375;4954.14990234375;31880300
2026-09-04;EURO STOXX 50;2024-10-02;4961.72998046875;4983.22021484375;4931.56005859375;4963.2900390625;4963.2900390625;25211300
2026-09-04;EURO STOXX 50;2024-10-03;4959.2001953125;4959.2001953125;4907.60009765625;4921.330078125;4921.330078125;25759100
2026-09-04;EURO STOXX 50;2024-10-04;4920.2001953125;4976.02001953125;4911.35986328125;4954.93994140625;4954.93994140625;26483200
2026-09-04;EURO STOXX 50;2024-10-07;4959.240234375;4976.669921875;4930.7900390625;4969.7099609375;4969.7099609375;22137000
2026-09-04;EURO STOXX 50;2024-10-08;4953.91015625;4955.9599609375;4911.830078125;4949.0;4949.0;19750400
2026-09-04;EURO STOXX 50;2024-10-09;4948.7900390625;4984.7900390625;4930.1298828125;4982.56982421875;4982.56982421875;19722000
2026-09-04;EURO STOXX 50;2024-10-10;4980.1201171875;4986.7001953125;4950.16015625;4970.33984375;4970.33984375;23590200
2026-09-04;EURO STOXX 50;2024-10-11;4970.64013671875;5005.830078125;4953.81982421875;5003.919921875;5003.919921875;23466400
2026-09-04;EURO STOXX 50;2024-10-14;5007.27001953125;5044.740234375;4999.18017578125;5041.009765625;5041.009765625;20396700
2026-09-04;EURO STOXX 50;2024-10-15;5045.6298828125;5053.22998046875;4946.72998046875;4946.72998046875;4946.72998046875;32911000
2026-09-04;EURO STOXX 50;2024-10-16;4918.43994140625;4926.080078125;4898.9501953125;4908.7099609375;4908.7099609375;28222200
2026-09-04;EURO STOXX 50;2024-10-17;4913.990234375;4973.7900390625;4913.990234375;4947.2998046875;4947.2998046875;28481200
2026-09-04;EURO STOXX 50;2024-10-18;4950.0498046875;4986.27001953125;4944.1298828125;4986.27001953125;4986.27001953125;29694700
2026-09-04;EURO STOXX 50;2024-10-21;4977.89990234375;4989.31982421875;4938.10009765625;4941.22021484375;4941.22021484375;21927800
2026-09-04;EURO STOXX 50;2024-10-22;4941.0400390625;4965.75;4910.31982421875;4939.31005859375;4939.31005859375;21402800
2026-09-04;EURO STOXX 50;2024-10-23;4924.39990234375;4948.3798828125;4906.27978515625;4922.5498046875;4922.5498046875;19834500
2026-09-04;EURO STOXX 50;2024-10-24;4929.02001953125;4970.47998046875;4929.02001953125;4935.4501953125;4935.4501953125;19464200
2026-09-04;EURO STOXX 50;2024-10-25;4940.35009765625;4953.33984375;4915.56982421875;4943.08984375;4943.08984375;19199300
2026-09-04;EURO STOXX 50;2024-10-28;4962.16015625;4982.740234375;4932.60986328125;4969.830078125;4969.830078125;22492100
2026-09-04;EURO STOXX 50;2024-10-29;4978.72998046875;4999.72021484375;4948.83984375;4950.02001953125;4950.02001953125;25522100
2026-09-04;EURO STOXX 50;2024-10-30;4931.31982421875;4931.31982421875;4866.58984375;4885.75;4885.75;24928700
2026-09-04;EURO STOXX 50;2024-10-31;4866.02978515625;4866.02978515625;4805.22998046875;4827.6298828125;4827.6298828125;34467100
2026-09-04;EURO STOXX 50;2024-11-01;4829.47998046875;4889.490234375;4829.47998046875;4877.75;4877.75;25851600
2026-09-04;EURO STOXX 50;2024-11-04;4873.9501953125;4893.35009765625;4852.10009765625;4852.10009765625;4852.10009765625;24556600
2026-09-04;EURO STOXX 50;2024-11-05;4853.66015625;4874.5498046875;4839.43994140625;4870.330078125;4870.330078125;22998800
2026-09-04;EURO STOXX 50;2024-11-06;4880.35009765625;4946.47998046875;4788.41015625;4800.6298828125;4800.6298828125;43567000
2026-09-04;EURO STOXX 50;2024-11-07;4812.6298828125;4869.39013671875;4810.6298828125;4851.9599609375;4851.9599609375;34828800
2026-09-04;EURO STOXX 50;2024-11-08;4853.5;4862.64013671875;4791.06005859375;4802.759765625;4802.759765625;29190000
2026-09-04;EURO STOXX 50;2024-11-11;4825.5;4875.75;4825.5;4854.02978515625;4854.02978515625;21244700
2026-09-04;EURO STOXX 50;2024-11-12;4834.33984375;4834.33984375;4741.990234375;4744.68994140625;4744.68994140625;30605900
2026-09-04;EURO STOXX 50;2024-11-13;4740.93017578125;4761.08984375;4699.77978515625;4740.33984375;4740.33984375;25868600
2026-09-04;EURO STOXX 50;2024-11-14;4759.77001953125;4835.77978515625;4747.56982421875;4833.52978515625;4833.52978515625;25660800
2026-09-04;EURO STOXX 50;2024-11-15;4810.58984375;4829.68017578125;4785.64990234375;4794.85009765625;4794.85009765625;26340500
2026-09-04;EURO STOXX 50;2024-11-18;4786.5400390625;4800.47021484375;4755.7900390625;4790.330078125;4790.330078125;23568600
2026-09-04;EURO STOXX 50;2024-11-19;4791.89013671875;4801.22998046875;4688.68017578125;4751.22998046875;4751.22998046875;31162100
2026-09-04;EURO STOXX 50;2024-11-20;4760.60986328125;4786.27978515625;4717.4501953125;4729.7099609375;4729.7099609375;21527100
2026-09-04;EURO STOXX 50;2024-11-21;4731.22998046875;4757.58984375;4690.4501953125;4755.830078125;4755.830078125;22655300
2026-09-04;EURO STOXX 50;2024-11-22;4772.830078125;4797.9501953125;4722.77001953125;4789.080078125;4789.080078125;32450100
2026-09-04;EURO STOXX 50;2024-11-25;4806.2900390625;4831.27978515625;4790.77001953125;4799.8701171875;4799.8701171875;46758600
2026-09-04;EURO STOXX 50;2024-11-26;4781.47021484375;4792.7099609375;4747.009765625;4761.990234375;4761.990234375;25243100
2026-09-04;EURO STOXX 50;2024-11-27;4752.43017578125;4752.43017578125;4705.97021484375;4733.14990234375;4733.14990234375;23573200
2026-09-04;EURO STOXX 50;2024-11-28;4759.22021484375;4781.08984375;4747.3701171875;4758.64990234375;4758.64990234375;15604900
2026-09-04;EURO STOXX 50;2024-11-29;4754.6201171875;4810.490234375;4741.89013671875;4804.39990234375;4804.39990234375;23066300
2026-09-04;EURO STOXX 50;2024-12-02;4785.14990234375;4848.8701171875;4764.3798828125;4846.72998046875;4846.72998046875;27358500
2026-09-04;EURO STOXX 50;2024-12-03;4854.14013671875;4902.0400390625;4854.14013671875;4878.509765625;4878.509765625;25253600
2026-09-04;EURO STOXX 50;2024-12-04;4884.93994140625;4929.52978515625;4884.52001953125;4919.02001953125;4919.02001953125;22678700
2026-09-04;EURO STOXX 50;2024-12-05;4914.06005859375;4954.919921875;4912.75;4951.580078125;4951.580078125;29752700
2026-09-04;EURO STOXX 50;2024-12-06;4953.93017578125;4985.22021484375;4944.2900390625;4977.77978515625;4977.77978515625;23202100
2026-09-04;EURO STOXX 50;2024-12-09;4991.83984375;5007.7001953125;4974.0498046875;4985.4599609375;4985.4599609375;23029000
2026-09-04;EURO STOXX 50;2024-12-10;4979.169921875;4979.169921875;4949.31982421875;4951.740234375;4951.740234375;21325000
2026-09-04;EURO STOXX 50;2024-12-11;4947.43994140625;4966.22998046875;4940.080078125;4959.35009765625;4959.35009765625;21651000
2026-09-04;EURO STOXX 50;2024-12-12;4964.169921875;4974.89990234375;4953.2099609375;4965.52978515625;4965.52978515625;24883500
2026-09-04;EURO STOXX 50;2024-12-13;4964.080078125;4996.9599609375;4955.2900390625;4967.9501953125;4967.9501953125;20682200
2026-09-04;EURO STOXX 50;2024-12-16;4963.8798828125;4963.8798828125;4940.39013671875;4947.02978515625;4947.02978515625;23759900
2026-09-04;EURO STOXX 50;2024-12-17;4936.52001953125;4966.14013671875;4922.33984375;4942.580078125;4942.580078125;23939700
2026-09-04;EURO STOXX 50;2024-12-18;4945.60986328125;4970.35009765625;4940.2998046875;4957.27978515625;4957.27978515625;22981700
2026-09-04;EURO STOXX 50;2024-12-19;4916.31982421875;4916.31982421875;4869.10986328125;4879.0;4879.0;23122400
2026-09-04;EURO STOXX 50;2024-12-20;4861.58984375;4872.66015625;4803.2001953125;4862.27978515625;4862.27978515625;52536500
2026-09-04;EURO STOXX 50;2024-12-23;4859.0400390625;4862.509765625;4832.14990234375;4852.93017578125;4852.93017578125;13206800
2026-09-04;EURO STOXX 50;2024-12-27;4854.16015625;4898.8798828125;4847.89013671875;4898.8798828125;4898.8798828125;17347300
2026-09-04;EURO STOXX 50;2024-12-30;4890.52001953125;4904.080078125;4862.16015625;4869.27978515625;4869.27978515625;14296800
2026-09-04;EURO STOXX 50;2025-01-03;4915.5400390625;4917.33984375;4861.1201171875;4871.4501953125;4871.4501953125;17720300
2026-09-04;EURO STOXX 50;2025-01-06;4893.31982421875;4986.64013671875;4893.18994140625;4986.64013671875;4986.64013671875;27330700
2026-09-04;EURO STOXX 50;2025-01-07;4987.3798828125;5030.830078125;4969.2998046875;5011.81982421875;5011.81982421875;23984900
2026-09-04;EURO STOXX 50;2025-01-08;5013.33984375;5036.240234375;4966.43994140625;4996.39013671875;4996.39013671875;25784400
2026-09-04;EURO STOXX 50;2025-01-09;4982.75;5022.14990234375;4967.6201171875;5017.91015625;5017.91015625;17482000
2026-09-04;EURO STOXX 50;2025-01-10;5013.56005859375;5031.56005859375;4970.7900390625;4977.259765625;4977.259765625;23934100
2026-09-04;EURO STOXX 50;2025-01-13;4964.77978515625;4964.77978515625;4916.8701171875;4954.2099609375;4954.2099609375;20145300
2026-09-04;EURO STOXX 50;2025-01-14;4978.509765625;5014.2998046875;4974.02978515625;4980.47021484375;4980.47021484375;24052900
2026-09-04;EURO STOXX 50;2025-01-15;4980.2099609375;5051.68994140625;4975.39013671875;5032.31005859375;5032.31005859375;26485400
2026-09-04;EURO STOXX 50;2025-01-16;5065.22998046875;5107.31982421875;5065.22998046875;5106.93017578125;5106.93017578125;25068600
2026-09-04;EURO STOXX 50;2025-01-17;5118.31005859375;5158.6298828125;5118.31005859375;5148.2998046875;5148.2998046875;30777500
2026-09-04;EURO STOXX 50;2025-01-20;5150.759765625;5183.27978515625;5142.60009765625;5164.43994140625;5164.43994140625;24733800
2026-09-04;EURO STOXX 50;2025-01-21;5162.35986328125;5171.22998046875;5151.830078125;5165.9599609375;5165.9599609375;20525600
2026-09-04;EURO STOXX 50;2025-01-22;5166.2998046875;5228.97998046875;5166.2998046875;5205.830078125;5205.830078125;21163300
2026-09-04;EURO STOXX 50;2025-01-23;5212.2998046875;5220.83984375;5184.830078125;5217.5;5217.5;20593300
2026-09-04;EURO STOXX 50;2025-01-24;5229.60986328125;5260.27978515625;5209.64990234375;5219.3701171875;5219.3701171875;25905900
2026-09-04;EURO STOXX 50;2025-01-27;5212.89013671875;5223.10009765625;5131.759765625;5188.4501953125;5188.4501953125;25310800
2026-09-04;EURO STOXX 50;2025-01-28;5189.93017578125;5219.490234375;5179.490234375;5195.7099609375;5195.7099609375;22040700
2026-09-04;EURO STOXX 50;2025-01-29;5197.669921875;5244.47021484375;5185.22998046875;5230.66015625;5230.66015625;25665300
2026-09-04;EURO STOXX 50;2025-01-30;5248.5;5285.22021484375;5248.5;5282.2099609375;5282.2099609375;23607500
2026-09-04;EURO STOXX 50;2025-01-31;5291.41015625;5314.2900390625;5273.490234375;5286.8701171875;5286.8701171875;22051800
2026-09-04;EURO STOXX 50;2025-02-03;5228.60986328125;5228.669921875;5174.009765625;5217.91015625;5217.91015625;31040000
2026-09-04;EURO STOXX 50;2025-02-04;5226.16015625;5267.58984375;5191.6201171875;5264.58984375;5264.58984375;27864700
2026-09-04;EURO STOXX 50;2025-02-05;5262.0;5271.1201171875;5242.8798828125;5271.1201171875;5271.1201171875;20217100
2026-09-04;EURO STOXX 50;2025-02-06;5279.3798828125;5363.14013671875;5279.3798828125;5356.6298828125;5356.6298828125;35728700
2026-09-04;EURO STOXX 50;2025-02-07;5348.3701171875;5358.66015625;5317.169921875;5325.39990234375;5325.39990234375;25721200
2026-09-04;EURO STOXX 50;2025-02-10;5328.5400390625;5365.02978515625;5328.5400390625;5358.2998046875;5358.2998046875;20502800
2026-09-04;EURO STOXX 50;2025-02-11;5360.009765625;5394.85986328125;5356.22998046875;5390.91015625;5390.91015625;25696000
2026-09-04;EURO STOXX 50;2025-02-12;5399.89990234375;5414.14013671875;5366.0;5405.64990234375;5405.64990234375;29850300
2026-09-04;EURO STOXX 50;2025-02-13;5424.3798828125;5502.10986328125;5424.3798828125;5500.5;5500.5;25967500
2026-09-04;EURO STOXX 50;2025-02-14;5496.669921875;5520.580078125;5483.2001953125;5493.39990234375;5493.39990234375;25071600
2026-09-04;EURO STOXX 50;2025-02-17;5496.8701171875;5524.27001953125;5489.81005859375;5519.830078125;5519.830078125;16925000
2026-09-04;EURO STOXX 50;2025-02-18;5531.52978515625;5544.1201171875;5506.56982421875;5533.83984375;5533.83984375;21729400
2026-09-04;EURO STOXX 50;2025-02-19;5530.5400390625;5539.97021484375;5453.509765625;5461.169921875;5461.169921875;23584800
2026-09-04;EURO STOXX 50;2025-02-20;5458.080078125;5500.14990234375;5454.7998046875;5461.02978515625;5461.02978515625;18755500
2026-09-04;EURO STOXX 50;2025-02-21;5469.22998046875;5489.919921875;5454.580078125;5474.85009765625;5474.85009765625;25029300
2026-09-04;EURO STOXX 50;2025-02-24;5478.39013671875;5483.18017578125;5422.85986328125;5453.759765625;5453.759765625;19233800
2026-09-04;EURO STOXX 50;2025-02-25;5431.43994140625;5477.2099609375;5424.8701171875;5447.89990234375;5447.89990234375;29797400
2026-09-04;EURO STOXX 50;2025-02-26;5459.8701171875;5533.9501953125;5459.8701171875;5527.990234375;5527.990234375;31216800
2026-09-04;EURO STOXX 50;2025-02-27;5515.0400390625;5515.0400390625;5437.3798828125;5472.56005859375;5472.56005859375;27652300
2026-09-04;EURO STOXX 50;2025-02-28;5455.9599609375;5463.5400390625;5411.5400390625;5463.5400390625;5463.5400390625;45816200
2026-09-04;EURO STOXX 50;2025-03-03;5469.10009765625;5568.18994140625;5434.6201171875;5540.68994140625;5540.68994140625;27293200
2026-09-04;EURO STOXX 50;2025-03-04;5511.64990234375;5511.64990234375;5370.75;5387.31005859375;5387.31005859375;40445000
2026-09-04;EURO STOXX 50;2025-03-05;5409.93017578125;5533.18017578125;5409.93017578125;5489.1201171875;5489.1201171875;38074800
2026-09-04;EURO STOXX 50;2025-03-06;5507.8798828125;5541.41015625;5452.35009765625;5520.47021484375;5520.47021484375;35804500
2026-09-04;EURO STOXX 50;2025-03-07;5503.9599609375;5503.9599609375;5434.85986328125;5468.41015625;5468.41015625;31361000
2026-09-04;EURO STOXX 50;2025-03-10;5480.169921875;5494.1298828125;5375.14990234375;5386.97998046875;5386.97998046875;30806800
2026-09-04;EURO STOXX 50;2025-03-11;5400.10009765625;5426.6298828125;5294.3701171875;5309.89990234375;5309.89990234375;34109800
2026-09-04;EURO STOXX 50;2025-03-12;5330.02978515625;5406.669921875;5320.0498046875;5359.419921875;5359.419921875;22934700
2026-09-04;EURO STOXX 50;2025-03-13;5349.66015625;5385.85986328125;5314.72998046875;5328.39013671875;5328.39013671875;21630800
2026-09-04;EURO STOXX 50;2025-03-14;5327.830078125;5412.43017578125;5312.75;5404.18017578125;5404.18017578125;28408200
2026-09-04;EURO STOXX 50;2025-03-17;5400.81982421875;5446.85986328125;5386.990234375;5445.5498046875;5445.5498046875;22180600
2026-09-04;EURO STOXX 50;2025-03-18;5454.2001953125;5501.41015625;5454.2001953125;5485.009765625;5485.009765625;25693100
2026-09-04;EURO STOXX 50;2025-03-19;5482.9501953125;5515.0498046875;5460.93994140625;5507.35986328125;5507.35986328125;25613400
2026-09-04;EURO STOXX 50;2025-03-20;5506.81982421875;5515.3798828125;5431.990234375;5450.93017578125;5450.93017578125;28700400
2026-09-04;EURO STOXX 50;2025-03-21;5435.759765625;5436.4599609375;5393.2998046875;5423.830078125;5423.830078125;59718600
2026-09-04;EURO STOXX 50;2025-03-24;5441.60009765625;5470.22998046875;5402.33984375;5415.7900390625;5415.7900390625;25925500
2026-09-04;EURO STOXX 50;2025-03-25;5422.47021484375;5496.72998046875;5422.47021484375;5475.080078125;5475.080078125;24091700
2026-09-04;EURO STOXX 50;2025-03-26;5479.68017578125;5491.240234375;5407.52001953125;5411.68994140625;5411.68994140625;20856100
2026-09-04;EURO STOXX 50;2025-03-27;5393.31982421875;5399.56982421875;5338.6201171875;5381.080078125;5381.080078125;29375900
2026-09-04;EURO STOXX 50;2025-03-28;5368.89990234375;5374.7998046875;5314.5400390625;5331.39990234375;5331.39990234375;27881600
2026-09-04;EURO STOXX 50;2025-03-31;5312.169921875;5312.169921875;5218.47998046875;5248.39013671875;5248.39013671875;34334800
2026-09-04;EURO STOXX 50;2025-04-01;5270.25;5328.91015625;5270.25;5320.2998046875;5320.2998046875;22613300
2026-09-04;EURO STOXX 50;2025-04-02;5312.56005859375;5312.56005859375;5255.9501953125;5303.9501953125;5303.9501953125;21353800
2026-09-04;EURO STOXX 50;2025-04-03;5255.10986328125;5255.10986328125;5104.35009765625;5113.27978515625;5113.27978515625;39996800
2026-09-04;EURO STOXX 50;2025-04-04;5094.7900390625;5094.7900390625;4825.7001953125;4878.31005859375;4878.31005859375;71980100
2026-09-04;EURO STOXX 50;2025-04-07;4861.16015625;4902.990234375;4540.22021484375;4656.41015625;4656.41015625;76388500
2026-09-04;EURO STOXX 50;2025-04-08;4700.3701171875;4826.68017578125;4669.9501953125;4773.64990234375;4773.64990234375;43434700
2026-09-04;EURO STOXX 50;2025-04-09;4705.91015625;4708.14013671875;4569.509765625;4622.14013671875;4622.14013671875;44888000
2026-09-04;EURO STOXX 50;2025-04-10;4631.3701171875;4987.6201171875;4631.3701171875;4818.919921875;4818.919921875;45707700
2026-09-04;EURO STOXX 50;2025-04-11;4841.64013671875;4870.97021484375;4728.52978515625;4787.22998046875;4787.22998046875;29758300
2026-09-04;EURO STOXX 50;2025-04-14;4828.56005859375;4936.1201171875;4828.56005859375;4911.39013671875;4911.39013671875;27662300
2026-09-04;EURO STOXX 50;2025-04-15;4915.47021484375;4977.490234375;4913.72998046875;4970.43017578125;4970.43017578125;32396600
2026-09-04;EURO STOXX 50;2025-04-16;4956.14990234375;4967.08984375;4891.10986328125;4966.5;4966.5;25368200
2026-09-04;EURO STOXX 50;2025-04-17;4966.759765625;4970.68017578125;4922.2001953125;4935.33984375;4935.33984375;23454900
2026-09-04;EURO STOXX 50;2025-04-22;4919.759765625;4961.4501953125;4894.2998046875;4961.4501953125;4961.4501953125;24478700
2026-09-04;EURO STOXX 50;2025-04-23;4972.509765625;5123.64013671875;4972.509765625;5098.740234375;5098.740234375;35301900
2026-09-04;EURO STOXX 50;2025-04-24;5080.58984375;5116.330078125;5043.4501953125;5114.97998046875;5114.97998046875;26216600
2026-09-04;EURO STOXX 50;2025-04-25;5121.35009765625;5167.18017578125;5121.35009765625;5154.1201171875;5154.1201171875;20857500
2026-09-04;EURO STOXX 50;2025-04-28;5163.22998046875;5199.2998046875;5163.22998046875;5170.490234375;5170.490234375;18888700
2026-09-04;EURO STOXX 50;2025-04-29;5176.02978515625;5191.68017578125;5138.7099609375;5161.89990234375;5161.89990234375;23777600
2026-09-04;EURO STOXX 50;2025-04-30;5162.9501953125;5185.2998046875;5105.7998046875;5160.22021484375;5160.22021484375;34443300
2026-09-04;EURO STOXX 50;2025-05-02;5201.10009765625;5285.18994140625;5201.10009765625;5285.18994140625;5285.18994140625;27269500
2026-09-04;EURO STOXX 50;2025-05-05;5270.33984375;5289.35009765625;5262.27978515625;5283.0498046875;5283.0498046875;17228000
2026-09-04;EURO STOXX 50;2025-05-06;5283.990234375;5292.93994140625;5210.58984375;5263.3798828125;5263.3798828125;22549600
2026-09-04;EURO STOXX 50;2025-05-07;5261.33984375;5264.02001953125;5223.66015625;5230.18994140625;5230.18994140625;21218400
2026-09-04;EURO STOXX 50;2025-05-08;5240.22998046875;5304.77978515625;5240.22998046875;5288.93994140625;5288.93994140625;24510100
2026-09-04;EURO STOXX 50;2025-05-09;5286.0400390625;5323.60986328125;5286.0400390625;5309.740234375;5309.740234375;23175200
2026-09-04;EURO STOXX 50;2025-05-12;5319.27978515625;5421.60986328125;5319.27978515625;5392.35986328125;5392.35986328125;37021900
2026-09-04;EURO STOXX 50;2025-05-13;5390.6201171875;5416.7001953125;5384.68017578125;5416.2099609375;5416.2099609375;23746200
2026-09-04;EURO STOXX 50;2025-05-14;5412.8798828125;5421.2001953125;5374.81005859375;5403.43994140625;5403.43994140625;27932200
2026-09-04;EURO STOXX 50;2025-05-15;5392.31982421875;5412.080078125;5363.52001953125;5412.080078125;5412.080078125;25694700
2026-09-04;EURO STOXX 50;2025-05-16;5422.419921875;5450.9501953125;5407.52978515625;5427.52978515625;5427.52978515625;26843900
2026-09-04;EURO STOXX 50;2025-05-19;5409.0400390625;5427.22998046875;5382.330078125;5427.22998046875;5427.22998046875;20997600
2026-09-04;EURO STOXX 50;2025-05-20;5430.85986328125;5467.27978515625;5423.1201171875;5454.64990234375;5454.64990234375;24317400
2026-09-04;EURO STOXX 50;2025-05-21;5452.27001953125;5461.06005859375;5415.89013671875;5454.4599609375;5454.4599609375;21848800
2026-09-04;EURO STOXX 50;2025-05-22;5448.31982421875;5448.31982421875;5385.16015625;5424.47998046875;5424.47998046875;22219000
2026-09-04;EURO STOXX 50;2025-05-23;5426.68994140625;5441.8701171875;5252.93994140625;5326.31005859375;5326.31005859375;36690500
2026-09-04;EURO STOXX 50;2025-05-26;5364.830078125;5412.56982421875;5364.830078125;5395.330078125;5395.330078125;16292800
2026-09-04;EURO STOXX 50;2025-05-27;5391.1298828125;5436.27978515625;5388.47021484375;5415.4501953125;5415.4501953125;19363300
2026-09-04;EURO STOXX 50;2025-05-28;5413.2099609375;5427.97021484375;5377.64013671875;5378.39013671875;5378.39013671875;22227900
2026-09-04;EURO STOXX 50;2025-05-30;5370.2001953125;5402.22998046875;5358.75;5366.58984375;5366.58984375;44251600
2026-09-04;EURO STOXX 50;2025-06-02;5337.39990234375;5364.22998046875;5308.0498046875;5355.56005859375;5355.56005859375;20978600
2026-09-04;EURO STOXX 50;2025-06-03;5363.990234375;5376.9501953125;5326.22021484375;5375.7001953125;5375.7001953125;23600300
2026-09-04;EURO STOXX 50;2025-06-04;5385.419921875;5424.08984375;5385.419921875;5405.14990234375;5405.14990234375;21120200
2026-09-04;EURO STOXX 50;2025-06-05;5406.68994140625;5432.3798828125;5382.10009765625;5410.5498046875;5410.5498046875;21911300
2026-09-04;EURO STOXX 50;2025-06-06;5407.14013671875;5435.419921875;5395.580078125;5430.169921875;5430.169921875;19929000
2026-09-04;EURO STOXX 50;2025-06-10;5414.83984375;5428.18017578125;5396.169921875;5415.3798828125;5415.3798828125;25739900
2026-09-04;EURO STOXX 50;2025-06-11;5418.2998046875;5430.14990234375;5393.14990234375;5393.14990234375;5393.14990234375;21853500
2026-09-04;EURO STOXX 50;2025-06-12;5377.33984375;5381.60009765625;5327.740234375;5360.81982421875;5360.81982421875;22226600
2026-09-04;EURO STOXX 50;2025-06-13;5329.27001953125;5329.27001953125;5269.10986328125;5290.47021484375;5290.47021484375;31376400
2026-09-04;EURO STOXX 50;2025-06-16;5295.919921875;5344.1201171875;5295.919921875;5339.56982421875;5339.56982421875;24113300
2026-09-04;EURO STOXX 50;2025-06-17;5311.08984375;5311.08984375;5265.2998046875;5288.68017578125;5288.68017578125;23696600
2026-09-04;EURO STOXX 50;2025-06-18;5288.6298828125;5300.25;5253.56005859375;5266.91015625;5266.91015625;19683100
2026-09-04;EURO STOXX 50;2025-06-19;5248.419921875;5248.419921875;5196.83984375;5197.02978515625;5197.02978515625;19404400
2026-09-04;EURO STOXX 50;2025-06-20;5208.18994140625;5275.3798828125;5208.18994140625;5233.580078125;5233.580078125;47186700
2026-09-04;EURO STOXX 50;2025-06-23;5224.33984375;5249.18017578125;5189.58984375;5221.89990234375;5221.89990234375;22244300
2026-09-04;EURO STOXX 50;2025-06-24;5261.919921875;5323.080078125;5261.919921875;5297.06982421875;5297.06982421875;25662900
2026-09-04;EURO STOXX 50;2025-06-25;5302.93994140625;5316.259765625;5252.009765625;5252.009765625;5252.009765625;20614100
2026-09-04;EURO STOXX 50;2025-06-26;5261.16015625;5273.81005859375;5222.759765625;5244.02978515625;5244.02978515625;19248100
2026-09-04;EURO STOXX 50;2025-06-27;5268.81982421875;5325.64013671875;5268.81982421875;5325.64013671875;5325.64013671875;19945700
2026-09-04;EURO STOXX 50;2025-06-30;5337.740234375;5341.77001953125;5296.4599609375;5303.240234375;5303.240234375;22053900
2026-09-04;EURO STOXX 50;2025-07-01;5308.009765625;5314.39013671875;5265.93994140625;5282.43017578125;5282.43017578125;19996900
2026-09-04;EURO STOXX 50;2025-07-02;5294.27001953125;5323.52978515625;5285.25;5318.72021484375;5318.72021484375;23507800
2026-09-04;EURO STOXX 50;2025-07-03;5325.85009765625;5343.14990234375;5302.58984375;5343.14990234375;5343.14990234375;19117600
2026-09-04;EURO STOXX 50;2025-07-04;5320.93994140625;5320.93994140625;5274.8798828125;5288.81005859375;5288.81005859375;14290600
2026-09-04;EURO STOXX 50;2025-07-07;5292.7900390625;5341.5400390625;5289.18994140625;5341.5400390625;5341.5400390625;18338300
2026-09-04;EURO STOXX 50;2025-07-08;5346.330078125;5375.41015625;5333.52978515625;5371.9501953125;5371.9501953125;22869400
2026-09-04;EURO STOXX 50;2025-07-09;5382.02978515625;5451.7001953125;5382.02978515625;5445.64990234375;5445.64990234375;27890300
2026-09-04;EURO STOXX 50;2025-07-10;5452.2998046875;5470.81005859375;5434.9501953125;5438.27001953125;5438.27001953125;22942900
2026-09-04;EURO STOXX 50;2025-07-11;5423.0;5423.0;5370.169921875;5383.47998046875;5383.47998046875;20740800
2026-09-04;EURO STOXX 50;2025-07-14;5357.5;5371.2099609375;5337.64013671875;5370.85009765625;5370.85009765625;15696500
2026-09-04;EURO STOXX 50;2025-07-15;5374.6298828125;5397.759765625;5351.3798828125;5354.169921875;5354.169921875;16054000
2026-09-04;EURO STOXX 50;2025-07-16;5327.77978515625;5351.43017578125;5298.06982421875;5298.06982421875;5298.06982421875;19910000
2026-09-04;EURO STOXX 50;2025-07-17;5338.990234375;5377.14990234375;5336.580078125;5377.14990234375;5377.14990234375;17731600
2026-09-04;EURO STOXX 50;2025-07-18;5385.3701171875;5404.31982421875;5353.10009765625;5359.22998046875;5359.22998046875;18711300
2026-09-04;EURO STOXX 50;2025-07-21;5358.18994140625;5360.0498046875;5318.52978515625;5342.97998046875;5342.97998046875;18353100
2026-09-04;EURO STOXX 50;2025-07-22;5332.31982421875;5332.31982421875;5277.85009765625;5290.47998046875;5290.47998046875;16474700
2026-09-04;EURO STOXX 50;2025-07-23;5305.58984375;5371.35009765625;5305.58984375;5344.25;5344.25;33305200
2026-09-04;EURO STOXX 50;2025-07-24;5365.919921875;5396.31005859375;5337.97021484375;5355.2001953125;5355.2001953125;26211600
2026-09-04;EURO STOXX 50;2025-07-25;5342.66015625;5362.22998046875;5317.5400390625;5352.16015625;5352.16015625;20673400
2026-09-04;EURO STOXX 50;2025-07-28;5381.58984375;5417.27978515625;5330.97021484375;5337.580078125;5337.580078125;25293700
2026-09-04;EURO STOXX 50;2025-07-29;5340.77978515625;5412.509765625;5340.77978515625;5379.2001953125;5379.2001953125;26138900
2026-09-04;EURO STOXX 50;2025-07-30;5376.43017578125;5404.080078125;5363.97998046875;5393.18017578125;5393.18017578125;30033200
2026-09-04;EURO STOXX 50;2025-07-31;5405.66015625;5419.6201171875;5317.60986328125;5319.919921875;5319.919921875;32217300
2026-09-04;EURO STOXX 50;2025-08-04;5170.47998046875;5242.31982421875;5170.47998046875;5242.31982421875;5242.31982421875;22073200
2026-09-04;EURO STOXX 50;2025-08-05;5254.75;5270.4501953125;5235.919921875;5249.58984375;5249.58984375;18467000
2026-09-04;EURO STOXX 50;2025-08-06;5260.4501953125;5282.5400390625;5252.669921875;5263.2900390625;5263.2900390625;18730400
2026-09-04;EURO STOXX 50;2025-08-07;5261.31982421875;5353.8798828125;5261.31982421875;5332.06982421875;5332.06982421875;23970500
2026-09-04;EURO STOXX 50;2025-08-08;5336.259765625;5366.9599609375;5326.52978515625;5347.740234375;5347.740234375;20322800
2026-09-04;EURO STOXX 50;2025-08-11;5360.25;5371.25;5325.72998046875;5331.85009765625;5331.85009765625;15005800
2026-09-04;EURO STOXX 50;2025-08-12;5340.18994140625;5348.7001953125;5312.18994140625;5335.97021484375;5335.97021484375;18406200
2026-09-04;EURO STOXX 50;2025-08-13;5342.22998046875;5394.85009765625;5342.22998046875;5388.25;5388.25;19215500
2026-09-04;EURO STOXX 50;2025-08-14;5391.830078125;5438.3701171875;5390.3701171875;5434.7001953125;5434.7001953125;18926500
2026-09-04;EURO STOXX 50;2025-08-15;5441.259765625;5465.56982421875;5440.56982421875;5448.60986328125;5448.60986328125;19688000
2026-09-04;EURO STOXX 50;2025-08-18;5446.77978515625;5451.66015625;5412.22021484375;5434.64013671875;5434.64013671875;15599400
2026-09-04;EURO STOXX 50;2025-08-19;5438.97998046875;5489.4599609375;5438.97998046875;5483.27978515625;5483.27978515625;18466800
2026-09-04;EURO STOXX 50;2025-08-20;5475.580078125;5491.52001953125;5450.830078125;5472.31982421875;5472.31982421875;15401400
2026-09-04;EURO STOXX 50;2025-08-21;5469.919921875;5470.60009765625;5439.27001953125;5462.16015625;5462.16015625;14607700
2026-09-04;EURO STOXX 50;2025-08-22;5457.93994140625;5510.68994140625;5448.56005859375;5488.22998046875;5488.22998046875;17438800
2026-09-04;EURO STOXX 50;2025-08-25;5480.52978515625;5480.52978515625;5441.080078125;5443.9599609375;5443.9599609375;15040400
2026-09-04;EURO STOXX 50;2025-08-26;5413.31982421875;5413.31982421875;5376.10986328125;5383.68017578125;5383.68017578125;42983000
2026-09-04;EURO STOXX 50;2025-08-27;5385.68994140625;5403.990234375;5365.97021484375;5393.06982421875;5393.06982421875;23057100
2026-09-04;EURO STOXX 50;2025-08-28;5398.5400390625;5430.81005859375;5378.0498046875;5396.72998046875;5396.72998046875;17621600
2026-09-04;EURO STOXX 50;2025-08-29;5384.93017578125;5395.22998046875;5351.64013671875;5351.72998046875;5351.72998046875;20497300
2026-09-04;EURO STOXX 50;2025-09-01;5351.43994140625;5377.740234375;5351.43994140625;5367.080078125;5367.080078125;11151300
2026-09-04;EURO STOXX 50;2025-09-02;5367.56005859375;5368.759765625;5290.4599609375;5291.0400390625;5291.0400390625;21324200
2026-09-04;EURO STOXX 50;2025-09-03;5311.89013671875;5342.4501953125;5304.97998046875;5325.009765625;5325.009765625;19576300
2026-09-04;EURO STOXX 50;2025-09-04;5327.0498046875;5351.5400390625;5313.22021484375;5346.7099609375;5346.7099609375;19402400
2026-09-04;EURO STOXX 50;2025-09-05;5356.7900390625;5372.259765625;5301.18017578125;5318.14990234375;5318.14990234375;20122800
2026-09-04;EURO STOXX 50;2025-09-08;5324.66015625;5368.35986328125;5324.66015625;5362.81005859375;5362.81005859375;16843100
2026-09-04;EURO STOXX 50;2025-09-09;5364.72021484375;5387.83984375;5348.14990234375;5368.81982421875;5368.81982421875;20398700
2026-09-04;EURO STOXX 50;2025-09-10;5387.4599609375;5413.06005859375;5354.56005859375;5361.47021484375;5361.47021484375;21572900
2026-09-04;EURO STOXX 50;2025-09-11;5362.85986328125;5403.93017578125;5354.60986328125;5386.77001953125;5386.77001953125;20909000
2026-09-04;EURO STOXX 50;2025-09-12;5387.14990234375;5397.2001953125;5359.31005859375;5390.7099609375;5390.7099609375;19173800
2026-09-04;EURO STOXX 50;2025-09-15;5402.89990234375;5446.169921875;5402.89990234375;5440.39990234375;5440.39990234375;19628900
2026-09-04;EURO STOXX 50;2025-09-16;5439.919921875;5446.18994140625;5370.580078125;5372.31005859375;5372.31005859375;22788000
2026-09-04;EURO STOXX 50;2025-09-17;5381.68994140625;5393.919921875;5361.10986328125;5369.7001953125;5369.7001953125;22502500
2026-09-04;EURO STOXX 50;2025-09-18;5389.0;5463.14990234375;5389.0;5456.669921875;5456.669921875;22972600
2026-09-04;EURO STOXX 50;2025-09-19;5459.25;5494.1298828125;5452.85986328125;5458.419921875;5458.419921875;69929600
2026-09-04;EURO STOXX 50;2025-09-22;5462.64990234375;5462.64990234375;5426.580078125;5442.0498046875;5442.0498046875;16025300
2026-09-04;EURO STOXX 50;2025-09-23;5445.830078125;5495.02001953125;5445.830078125;5472.39013671875;5472.39013671875;16867200
2026-09-04;EURO STOXX 50;2025-09-24;5472.08984375;5481.93017578125;5450.1201171875;5464.56005859375;5464.56005859375;19178300
2026-09-04;EURO STOXX 50;2025-09-25;5463.5498046875;5463.5498046875;5415.31005859375;5444.89013671875;5444.89013671875;17378500
2026-09-04;EURO STOXX 50;2025-09-26;5448.89013671875;5503.68994140625;5448.89013671875;5499.7001953125;5499.7001953125;18660700
2026-09-04;EURO STOXX 50;2025-09-29;5514.490234375;5520.89013671875;5496.33984375;5506.85009765625;5506.85009765625;16086000
2026-09-04;EURO STOXX 50;2025-09-30;5503.259765625;5529.9599609375;5484.22021484375;5529.9599609375;5529.9599609375;17427000
2026-09-04;EURO STOXX 50;2025-10-01;5513.14990234375;5590.490234375;5503.990234375;5581.2099609375;5581.2099609375;20868500
2026-09-04;EURO STOXX 50;2025-10-02;5617.169921875;5674.5498046875;5617.169921875;5645.81005859375;5645.81005859375;18133500
2026-09-04;EURO STOXX 50;2025-10-03;5658.06005859375;5667.919921875;5641.35009765625;5651.7099609375;5651.7099609375;13976800
2026-09-04;EURO STOXX 50;2025-10-06;5655.169921875;5655.169921875;5605.52001953125;5628.72021484375;5628.72021484375;16208100
2026-09-04;EURO STOXX 50;2025-10-07;5629.64013671875;5643.60986328125;5610.5;5613.6201171875;5613.6201171875;13579900
2026-09-04;EURO STOXX 50;2025-10-08;5594.08984375;5657.33984375;5594.08984375;5649.72998046875;5649.72998046875;18527600
2026-09-04;EURO STOXX 50;2025-10-09;5651.02978515625;5665.02978515625;5625.56005859375;5625.56005859375;5625.56005859375;16282500
2026-09-04;EURO STOXX 50;2025-10-10;5628.830078125;5648.58984375;5529.6298828125;5531.31982421875;5531.31982421875;19991400
2026-09-04;EURO STOXX 50;2025-10-13;5540.5400390625;5591.2900390625;5540.5400390625;5568.18994140625;5568.18994140625;13913600
2026-09-04;EURO STOXX 50;2025-10-14;5552.490234375;5553.22021484375;5487.669921875;5552.0498046875;5552.0498046875;19976600
2026-09-04;EURO STOXX 50;2025-10-15;5566.97021484375;5639.9501953125;5566.97021484375;5605.02978515625;5605.02978515625;17119800
2026-09-04;EURO STOXX 50;2025-10-16;5604.33984375;5652.10986328125;5585.9501953125;5652.009765625;5652.009765625;19328400
2026-09-04;EURO STOXX 50;2025-10-17;5618.47998046875;5640.56005859375;5555.25;5607.39013671875;5607.39013671875;29083500
2026-09-04;EURO STOXX 50;2025-10-20;5626.25;5688.169921875;5626.25;5680.93017578125;5680.93017578125;18044000
2026-09-04;EURO STOXX 50;2025-10-21;5686.77001953125;5699.1298828125;5670.64990234375;5686.830078125;5686.830078125;14789500
2026-09-04;EURO STOXX 50;2025-10-22;5672.240234375;5685.2998046875;5635.89990234375;5639.2099609375;5639.2099609375;18004600
2026-09-04;EURO STOXX 50;2025-10-23;5651.89990234375;5673.10986328125;5639.81982421875;5668.330078125;5668.330078125;16245700
2026-09-04;EURO STOXX 50;2025-10-24;5685.52001953125;5694.77978515625;5650.419921875;5674.5;5674.5;15672600
2026-09-04;EURO STOXX 50;2025-10-27;5691.89013671875;5712.77978515625;5684.66015625;5711.06005859375;5711.06005859375;17232900
2026-09-04;EURO STOXX 50;2025-10-28;5696.0498046875;5712.169921875;5686.580078125;5704.35009765625;5704.35009765625;15811100
2026-09-04;EURO STOXX 50;2025-10-29;5701.240234375;5734.27978515625;5691.81982421875;5705.81005859375;5705.81005859375;22067900
2026-09-04;EURO STOXX 50;2025-10-30;5702.77001953125;5716.02001953125;5667.10009765625;5699.18017578125;5699.18017578125;20450600
2026-09-04;EURO STOXX 50;2025-10-31;5695.85009765625;5697.58984375;5654.2998046875;5662.0400390625;5662.0400390625;25985900
2026-09-04;EURO STOXX 50;2025-11-03;5664.18017578125;5705.77001953125;5656.14990234375;5679.25;5679.25;16717700
2026-09-04;EURO STOXX 50;2025-11-04;5646.2001953125;5660.60986328125;5577.2099609375;5660.2001953125;5660.2001953125;18464500
2026-09-04;EURO STOXX 50;2025-11-05;5619.2099609375;5681.60986328125;5605.47021484375;5669.1298828125;5669.1298828125;16592500
2026-09-04;EURO STOXX 50;2025-11-06;5665.58984375;5672.3701171875;5606.56982421875;5611.18017578125;5611.18017578125;18667000
2026-09-04;EURO STOXX 50;2025-11-07;5617.81982421875;5633.75;5554.52978515625;5566.52978515625;5566.52978515625;16857200
2026-09-04;EURO STOXX 50;2025-11-10;5608.669921875;5677.490234375;5608.669921875;5664.4599609375;5664.4599609375;23607400
2026-09-04;EURO STOXX 50;2025-11-11;5670.93994140625;5730.990234375;5670.93994140625;5725.7001953125;5725.7001953125;19400800
2026-09-04;EURO STOXX 50;2025-11-12;5734.68017578125;5804.66015625;5734.68017578125;5787.31005859375;5787.31005859375;25359300
2026-09-04;EURO STOXX 50;2025-11-13;5795.919921875;5818.06982421875;5740.97021484375;5742.7900390625;5742.7900390625;19286400
2026-09-04;EURO STOXX 50;2025-11-14;5731.16015625;5731.16015625;5631.18017578125;5693.77001953125;5693.77001953125;23151100
2026-09-04;EURO STOXX 50;2025-11-17;5692.1298828125;5701.64013671875;5629.33984375;5640.93994140625;5640.93994140625;16799000
2026-09-04;EURO STOXX 50;2025-11-18;5610.75;5610.75;5509.10009765625;5534.7099609375;5534.7099609375;23805300
2026-09-04;EURO STOXX 50;2025-11-19;5532.91015625;5584.35009765625;5506.10009765625;5542.0498046875;5542.0498046875;19950000
2026-09-04;EURO STOXX 50;2025-11-20;5569.47021484375;5625.2099609375;5569.47021484375;5569.919921875;5569.919921875;18291000
2026-09-04;EURO STOXX 50;2025-11-21;5537.669921875;5539.490234375;5473.8798828125;5515.08984375;5515.08984375;22858600
2026-09-04;EURO STOXX 50;2025-11-24;5523.6298828125;5562.009765625;5504.9599609375;5528.669921875;5528.669921875;38300300
2026-09-04;EURO STOXX 50;2025-11-25;5528.60986328125;5581.919921875;5510.47998046875;5573.91015625;5573.91015625;18585600
2026-09-04;EURO STOXX 50;2025-11-26;5583.81982421875;5655.580078125;5583.81982421875;5655.580078125;5655.580078125;16441000
2026-09-04;EURO STOXX 50;2025-11-27;5650.47021484375;5665.02001953125;5638.39013671875;5653.169921875;5653.169921875;10351300
2026-09-04;EURO STOXX 50;2025-11-28;5655.16015625;5676.81982421875;5641.330078125;5668.169921875;5668.169921875;13112400
2026-09-04;EURO STOXX 50;2025-12-01;5659.91015625;5672.080078125;5622.9501953125;5667.47998046875;5667.47998046875;16257400
2026-09-04;EURO STOXX 50;2025-12-02;5667.41015625;5710.830078125;5665.2900390625;5686.169921875;5686.169921875;17124300
2026-09-04;EURO STOXX 50;2025-12-03;5696.25;5725.31982421875;5676.919921875;5694.56005859375;5694.56005859375;19446900
2026-09-04;EURO STOXX 50;2025-12-04;5709.830078125;5731.93994140625;5704.43994140625;5718.080078125;5718.080078125;17703900
2026-09-04;EURO STOXX 50;2025-12-05;5726.64013671875;5749.06005859375;5723.91015625;5723.93017578125;5723.93017578125;15470400
2026-09-04;EURO STOXX 50;2025-12-08;5717.64990234375;5734.72998046875;5711.0;5725.58984375;5725.58984375;13360900
2026-09-04;EURO STOXX 50;2025-12-09;5724.7099609375;5753.47998046875;5708.52978515625;5718.31982421875;5718.31982421875;15545600
2026-09-04;EURO STOXX 50;2025-12-10;5710.7001953125;5722.77001953125;5692.58984375;5708.1201171875;5708.1201171875;16616100
2026-09-04;EURO STOXX 50;2025-12-11;5707.759765625;5770.18994140625;5684.93017578125;5753.9599609375;5753.9599609375;18166900
2026-09-04;EURO STOXX 50;2025-12-12;5766.83984375;5794.7001953125;5718.97021484375;5720.7099609375;5720.7099609375;16271300
2026-09-04;EURO STOXX 50;2025-12-15;5724.16015625;5763.2099609375;5724.16015625;5752.52001953125;5752.52001953125;18949300
2026-09-04;EURO STOXX 50;2025-12-16;5755.81982421875;5757.35009765625;5710.2099609375;5717.830078125;5717.830078125;21797500
2026-09-04;EURO STOXX 50;2025-12-17;5735.2099609375;5745.8701171875;5678.52978515625;5681.669921875;5681.669921875;18917000
2026-09-04;EURO STOXX 50;2025-12-18;5684.0;5746.97998046875;5679.60986328125;5741.7099609375;5741.7099609375;17594000
2026-09-04;EURO STOXX 50;2025-12-19;5742.14013671875;5772.35009765625;5728.64990234375;5760.35009765625;5760.35009765625;44042100
2026-09-04;EURO STOXX 50;2025-12-22;5754.39013671875;5770.990234375;5733.7900390625;5743.68994140625;5743.68994140625;12600900
2026-09-04;EURO STOXX 50;2025-12-23;5742.56005859375;5754.52978515625;5729.33984375;5749.27978515625;5749.27978515625;12209500
2026-09-04;EURO STOXX 50;2025-12-29;5752.16015625;5766.2998046875;5734.91015625;5751.7099609375;5751.7099609375;14581100
2026-09-04;EURO STOXX 50;2025-12-30;5748.97021484375;5802.990234375;5746.35986328125;5796.22021484375;5796.22021484375;13936400
2026-09-04;EURO STOXX 50;2026-01-05;5863.16015625;5924.60009765625;5863.16015625;5923.68994140625;5923.68994140625;21697000
2026-09-04;EURO STOXX 50;2026-01-06;5926.72998046875;5943.2099609375;5895.759765625;5931.7900390625;5931.7900390625;18594300
2026-09-04;EURO STOXX 50;2026-01-07;5926.5400390625;5934.990234375;5911.7001953125;5923.56982421875;5923.56982421875;21467300
2026-09-04;EURO STOXX 50;2026-01-08;5913.27978515625;5935.08984375;5896.72021484375;5904.31982421875;5904.31982421875;16358100
2026-09-04;EURO STOXX 50;2026-01-09;5916.47998046875;5999.47998046875;5916.47998046875;5997.47021484375;5997.47021484375;18084100
2026-09-04;EURO STOXX 50;2026-01-12;5995.2099609375;6018.9599609375;5968.490234375;6016.2998046875;6016.2998046875;16605400
2026-09-04;EURO STOXX 50;2026-01-13;6022.16015625;6041.72021484375;6007.72021484375;6029.830078125;6029.830078125;18282300
2026-09-04;EURO STOXX 50;2026-01-14;6030.89990234375;6052.85986328125;6004.14990234375;6005.0498046875;6005.0498046875;20742500
2026-09-04;EURO STOXX 50;2026-01-15;6006.02978515625;6053.68017578125;6004.35009765625;6041.14013671875;6041.14013671875;19463500
2026-09-04;EURO STOXX 50;2026-01-16;6039.759765625;6045.60986328125;6003.669921875;6029.4501953125;6029.4501953125;20460400
2026-09-04;EURO STOXX 50;2026-01-19;5974.89013671875;5974.89013671875;5919.41015625;5925.81982421875;5925.81982421875;18149000
2026-09-04;EURO STOXX 50;2026-01-20;5910.47998046875;5910.47998046875;5836.5400390625;5892.080078125;5892.080078125;19942100
2026-09-04;EURO STOXX 50;2026-01-21;5894.27978515625;5899.240234375;5822.919921875;5882.8798828125;5882.8798828125;20135900
2026-09-04;EURO STOXX 50;2026-01-22;5902.68994140625;5979.22998046875;5902.68994140625;5956.169921875;5956.169921875;22478400
2026-09-04;EURO STOXX 50;2026-01-23;5947.6298828125;5955.990234375;5915.97998046875;5948.2001953125;5948.2001953125;17028900
2026-09-04;EURO STOXX 50;2026-01-26;5948.97021484375;5971.35986328125;5926.2998046875;5957.7998046875;5957.7998046875;15630300
2026-09-04;EURO STOXX 50;2026-01-27;5972.97021484375;6004.5400390625;5960.02001953125;5994.58984375;5994.58984375;18479800
2026-09-04;EURO STOXX 50;2026-01-28;5988.60009765625;6024.5498046875;5933.2001953125;5933.2001953125;5933.2001953125;20220600
2026-09-04;EURO STOXX 50;2026-01-29;5963.64013671875;5973.25;5879.16015625;5891.9501953125;5891.9501953125;22881200
2026-09-04;EURO STOXX 50;2026-01-30;5887.919921875;5965.259765625;5887.919921875;5947.81005859375;5947.81005859375;23272800
2026-09-04;EURO STOXX 50;2026-02-02;5901.25;6017.85009765625;5890.31982421875;6007.509765625;6007.509765625;22648400
2026-09-04;EURO STOXX 50;2026-02-03;6027.8798828125;6073.33984375;5973.41015625;5995.35009765625;5995.35009765625;23281700
2026-09-04;EURO STOXX 50;2026-02-04;5989.06982421875;6028.89990234375;5970.47021484375;5970.47021484375;5970.47021484375;31558500
2026-09-04;EURO STOXX 50;2026-02-05;5988.25;5999.419921875;5892.58984375;5925.7001953125;5925.7001953125;29624600
2026-09-04;EURO STOXX 50;2026-02-06;5925.91015625;6001.97021484375;5904.330078125;5998.39990234375;5998.39990234375;21356700
2026-09-04;EURO STOXX 50;2026-02-09;6012.6201171875;6059.009765625;5994.52001953125;6059.009765625;6059.009765625;19618700
2026-09-04;EURO STOXX 50;2026-02-10;6065.77978515625;6078.2900390625;6045.990234375;6047.06005859375;6047.06005859375;21191000
2026-09-04;EURO STOXX 50;2026-02-11;6041.77978515625;6069.7900390625;6011.93017578125;6035.64013671875;6035.64013671875;25928100
2026-09-04;EURO STOXX 50;2026-02-12;6064.64990234375;6099.06982421875;6003.7099609375;6011.2900390625;6011.2900390625;25676500
2026-09-04;EURO STOXX 50;2026-02-13;6011.02001953125;6015.18017578125;5957.93017578125;5985.22998046875;5985.22998046875;31139200
2026-09-04;EURO STOXX 50;2026-02-16;5993.2998046875;6015.97021484375;5978.81982421875;5978.8798828125;5978.8798828125;18938100
2026-09-04;EURO STOXX 50;2026-02-17;5975.43017578125;6026.5400390625;5954.14013671875;6021.85009765625;6021.85009765625;18931000
2026-09-04;EURO STOXX 50;2026-02-18;6027.91015625;6107.72998046875;6027.91015625;6103.3701171875;6103.3701171875;20992500
2026-09-04;EURO STOXX 50;2026-02-19;6097.64990234375;6097.64990234375;6030.02978515625;6059.6201171875;6059.6201171875;24622100
2026-09-04;EURO STOXX 50;2026-02-20;6072.25;6140.9501953125;6059.64013671875;6131.31005859375;6131.31005859375;23916700
2026-09-04;EURO STOXX 50;2026-02-23;6113.77001953125;6151.9599609375;6100.47021484375;6113.919921875;6113.919921875;23978400
2026-09-04;EURO STOXX 50;2026-02-24;6121.31005859375;6137.27001953125;6084.68994140625;6116.60009765625;6116.60009765625;22157000
2026-09-04;EURO STOXX 50;2026-02-25;6133.009765625;6176.8701171875;6133.009765625;6173.31982421875;6173.31982421875;20315900
2026-09-04;EURO STOXX 50;2026-02-26;6176.509765625;6199.77978515625;6133.740234375;6161.56005859375;6161.56005859375;21763600
2026-09-04;EURO STOXX 50;2026-02-27;6165.2998046875;6180.2998046875;6113.330078125;6138.41015625;6138.41015625;36227000
2026-09-04;EURO STOXX 50;2026-03-02;6086.7900390625;6086.7900390625;5972.27001953125;5986.93017578125;5986.93017578125;35628200
2026-09-04;EURO STOXX 50;2026-03-03;5937.330078125;5937.330078125;5736.7998046875;5771.72998046875;5771.72998046875;48096700
2026-09-04;EURO STOXX 50;2026-03-04;5780.25;5888.2099609375;5772.25;5870.919921875;5870.919921875;32429500
2026-09-04;EURO STOXX 50;2026-03-05;5867.39013671875;5914.10986328125;5768.22998046875;5782.89013671875;5782.89013671875;27902800
2026-09-04;EURO STOXX 50;2026-03-06;5805.52001953125;5827.8798828125;5651.35009765625;5719.89990234375;5719.89990234375;32523200
2026-09-04;EURO STOXX 50;2026-03-09;5652.77978515625;5693.14013671875;5543.419921875;5685.2001953125;5685.2001953125;31537400
2026-09-04;EURO STOXX 50;2026-03-10;5705.47021484375;5862.06982421875;5705.47021484375;5837.169921875;5837.169921875;29321000
2026-09-04;EURO STOXX 50;2026-03-11;5810.81982421875;5824.47998046875;5753.60009765625;5794.68017578125;5794.68017578125;22245600
2026-09-04;EURO STOXX 50;2026-03-12;5781.009765625;5783.60009765625;5690.97998046875;5748.89013671875;5748.89013671875;24541100
2026-09-04;EURO STOXX 50;2026-03-13;5727.31982421875;5796.22998046875;5669.43994140625;5716.60986328125;5716.60986328125;22343000
2026-09-04;EURO STOXX 50;2026-03-16;5716.1298828125;5771.06005859375;5674.27001953125;5739.009765625;5739.009765625;17948800
2026-09-04;EURO STOXX 50;2026-03-17;5734.7001953125;5801.7099609375;5720.27001953125;5769.25;5769.25;20886200
2026-09-04;EURO STOXX 50;2026-03-18;5795.3701171875;5832.41015625;5713.7001953125;5736.85009765625;5736.85009765625;28507700
2026-09-04;EURO STOXX 50;2026-03-19;5694.14990234375;5694.14990234375;5577.14990234375;5613.830078125;5613.830078125;38735400
2026-09-04;EURO STOXX 50;2026-03-20;5639.18994140625;5687.18994140625;5500.830078125;5501.27978515625;5501.27978515625;66593000
2026-09-04;EURO STOXX 50;2026-03-23;5472.22998046875;5683.919921875;5376.81005859375;5574.31982421875;5574.31982421875;42449400
2026-09-04;EURO STOXX 50;2026-03-24;5585.31982421875;5607.64013671875;5510.5498046875;5581.2900390625;5581.2900390625;24505000
2026-09-04;EURO STOXX 50;2026-03-25;5608.31005859375;5683.330078125;5606.77978515625;5649.330078125;5649.330078125;22547500
2026-09-04;EURO STOXX 50;2026-03-26;5620.0400390625;5620.0400390625;5557.22021484375;5565.93017578125;5565.93017578125;21479800
2026-09-04;EURO STOXX 50;2026-03-27;5570.47021484375;5573.97021484375;5478.990234375;5505.7998046875;5505.7998046875;24173800
2026-09-04;EURO STOXX 50;2026-03-30;5493.2001953125;5556.8701171875;5484.10986328125;5541.7900390625;5541.7900390625;24001800
2026-09-04;EURO STOXX 50;2026-03-31;5535.56982421875;5601.7001953125;5519.06005859375;5569.72998046875;5569.72998046875;27897900
2026-09-04;EURO STOXX 50;2026-04-01;5621.97998046875;5735.41015625;5621.97998046875;5732.7099609375;5732.7099609375;31663700
2026-09-04;EURO STOXX 50;2026-04-02;5672.1298828125;5712.89013671875;5589.2099609375;5692.85986328125;5692.85986328125;23134400
2026-09-04;EURO STOXX 50;2026-04-07;5705.22998046875;5750.97021484375;5609.990234375;5633.22021484375;5633.22021484375;24072900
2026-09-04;EURO STOXX 50;2026-04-08;5648.81982421875;5939.080078125;5648.81982421875;5913.3701171875;5913.3701171875;42159900
2026-09-04;EURO STOXX 50;2026-04-09;5909.990234375;5909.990234375;5851.0;5896.2900390625;5896.2900390625;23509900
2026-09-04;EURO STOXX 50;2026-04-10;5902.3701171875;5958.91015625;5894.52978515625;5926.10986328125;5926.10986328125;22811300
2026-09-04;EURO STOXX 50;2026-04-13;5895.58984375;5908.85986328125;5846.75;5905.02001953125;5905.02001953125;19926700
2026-09-04;EURO STOXX 50;2026-04-14;5910.85986328125;5986.1201171875;5910.85986328125;5984.509765625;5984.509765625;24080200
2026-09-04;EURO STOXX 50;2026-04-15;5981.85009765625;5981.85009765625;5937.7900390625;5940.33984375;5940.33984375;18486200
2026-09-04;EURO STOXX 50;2026-04-16;5937.35986328125;5972.490234375;5928.2998046875;5933.27978515625;5933.27978515625;21602000
2026-09-04;EURO STOXX 50;2026-04-17;5919.06982421875;6073.5498046875;5919.06982421875;6057.7099609375;6057.7099609375;35407300
2026-09-04;EURO STOXX 50;2026-04-20;5990.1201171875;6002.18017578125;5964.759765625;5982.6298828125;5982.6298828125;20519600
2026-09-04;EURO STOXX 50;2026-04-21;5988.10009765625;6014.4501953125;5924.5400390625;5930.25;5930.25;36071200
2026-09-04;EURO STOXX 50;2026-04-22;5944.47021484375;5960.6298828125;5899.75;5906.22021484375;5906.22021484375;17853200
2026-09-04;EURO STOXX 50;2026-04-23;5887.97998046875;5908.52001953125;5844.740234375;5894.72998046875;5894.72998046875;19112300
2026-09-04;EURO STOXX 50;2026-04-24;5874.91015625;5922.41015625;5842.35009765625;5883.47998046875;5883.47998046875;19697200
2026-09-04;EURO STOXX 50;2026-04-27;5878.85986328125;5932.330078125;5852.5498046875;5860.31982421875;5860.31982421875;13725000
2026-09-04;EURO STOXX 50;2026-04-28;5862.10009765625;5885.14990234375;5822.259765625;5836.10009765625;5836.10009765625;17077400
2026-09-04;EURO STOXX 50;2026-04-29;5833.85986328125;5850.2998046875;5796.56982421875;5816.47998046875;5816.47998046875;17162200
2026-09-04;EURO STOXX 50;2026-04-30;5778.64990234375;5881.509765625;5747.759765625;5881.509765625;5881.509765625;25383400
2026-09-04;EURO STOXX 50;2026-05-04;5878.7900390625;5882.009765625;5754.9599609375;5763.60986328125;5763.60986328125;23044900
2026-09-04;EURO STOXX 50;2026-05-05;5758.3798828125;5869.6298828125;5758.3798828125;5869.6298828125;5869.6298828125;20145700
2026-09-04;EURO STOXX 50;2026-05-06;5880.2900390625;6064.5;5880.2900390625;6027.1298828125;6027.1298828125;33102200
2026-09-04;EURO STOXX 50;2026-05-07;6032.75;6066.39013671875;5967.919921875;5972.64990234375;5972.64990234375;22775300
2026-09-04;EURO STOXX 50;2026-05-08;5950.2099609375;5950.2099609375;5901.1201171875;5911.52978515625;5911.52978515625;22344100
2026-09-04;EURO STOXX 50;2026-05-11;5907.35986328125;5909.22998046875;5870.91015625;5895.4501953125;5895.4501953125;19751300
2026-09-04;EURO STOXX 50;2026-05-12;5861.93994140625;5861.93994140625;5801.490234375;5808.4501953125;5808.4501953125;22293300
2026-09-04;EURO STOXX 50;2026-05-13;5819.7900390625;5861.06982421875;5801.16015625;5861.06982421875;5861.06982421875;20802600
2026-09-04;EURO STOXX 50;2026-05-15;5908.7099609375;5908.7099609375;5811.240234375;5827.759765625;5827.759765625;24843000
2026-09-04;EURO STOXX 50;2026-05-18;5797.66015625;5876.41015625;5762.14990234375;5849.0;5849.0;20686800
2026-09-04;EURO STOXX 50;2026-05-19;5857.75;5910.47998046875;5843.58984375;5851.16015625;5851.16015625;17356200
2026-09-04;EURO STOXX 50;2026-05-20;5856.16015625;6007.2900390625;5842.18017578125;5976.06982421875;5976.06982421875;20238100
2026-09-04;EURO STOXX 50;2026-05-21;5966.8701171875;6008.169921875;5924.64990234375;5960.31982421875;5960.31982421875;19943100
2026-09-04;EURO STOXX 50;2026-05-22;5985.6298828125;6036.4599609375;5985.6298828125;6019.4501953125;6019.4501953125;17524700
2026-09-04;EURO STOXX 50;2026-05-26;6130.16015625;6130.16015625;6064.14990234375;6064.14990234375;6064.14990234375;13974700
2026-09-04;EURO STOXX 50;2026-05-27;6069.91015625;6131.08984375;6056.64990234375;6070.5400390625;6070.5400390625;20138900
2026-09-04;EURO STOXX 50;2026-05-28;6064.5;6077.4501953125;6023.259765625;6055.10986328125;6055.10986328125;16119700
2026-09-04;EURO STOXX 50;2026-05-29;6064.009765625;6105.22998046875;6050.5400390625;6050.5400390625;6050.5400390625;53436400
2026-09-04;EURO STOXX 50;2026-06-01;6053.8798828125;6080.080078125;5997.740234375;6034.9501953125;6034.9501953125;20297300
2026-09-04;EURO STOXX 50;2026-06-02;6059.259765625;6113.39013671875;6059.259765625;6107.85009765625;6107.85009765625;15955600
2026-09-04;EURO STOXX 50;2026-06-03;6105.169921875;6105.169921875;6050.2001953125;6053.56982421875;6053.56982421875;20190900
2026-09-04;EURO STOXX 50;2026-06-04;6058.16015625;6103.330078125;6052.169921875;6103.330078125;6103.330078125;15767000
2026-09-04;EURO STOXX 50;2026-06-05;6107.10009765625;6112.18017578125;6061.81982421875;6062.06982421875;6062.06982421875;16154800
2026-09-04;EURO STOXX 50;2026-06-08;6049.7900390625;6084.52978515625;5980.3701171875;6062.2900390625;6062.2900390625;30702300
2026-09-04;EURO STOXX 50;2026-06-09;6058.7900390625;6149.169921875;6048.5498046875;6049.740234375;6049.740234375;23961100
2026-09-04;EURO STOXX 50;2026-06-10;6051.89990234375;6068.60986328125;5972.1201171875;6009.9501953125;6009.9501953125;24020300
2026-09-04;EURO STOXX 50;2026-06-11;6014.72998046875;6087.830078125;6014.72998046875;6056.9599609375;6056.9599609375;19813500
2026-09-04;EURO STOXX 50;2026-06-12;6076.43994140625;6202.39990234375;6076.43994140625;6187.6298828125;6187.6298828125;29587300
2026-09-04;EURO STOXX 50;2026-06-15;6225.35986328125;6294.68017578125;6224.759765625;6229.43017578125;6229.43017578125;25300500
2026-09-04;EURO STOXX 50;2026-06-16;6238.5;6287.259765625;6238.5;6257.419921875;6257.419921875;25053800
2026-09-04;EURO STOXX 50;2026-06-17;6257.97021484375;6300.06982421875;6253.93017578125;6300.06982421875;6300.06982421875;29614000
2026-09-04;EURO STOXX 50;2026-06-18;6301.10986328125;6334.5498046875;6282.22021484375;6323.27001953125;6323.27001953125;34923200
2026-09-04;EURO STOXX 50;2026-06-19;6321.31005859375;6337.22021484375;6293.1298828125;6293.1298828125;6293.1298828125;54701000
2026-09-04;EURO STOXX 50;2026-06-22;6297.43994140625;6328.6298828125;6280.83984375;6311.31982421875;6311.31982421875;22593500
2026-09-04;EURO STOXX 50;2026-06-23;6274.7900390625;6274.7900390625;6209.1201171875;6230.5498046875;6230.5498046875;20680200
2026-09-04;EURO STOXX 50;2026-06-24;6234.7099609375;6243.52001953125;6189.06005859375;6214.7001953125;6214.7001953125;19235900
2026-09-04;EURO STOXX 50;2026-06-25;6211.56982421875;6279.52978515625;6211.56982421875;6267.52978515625;6267.52978515625;22517200
2026-09-04;EURO STOXX 50;2026-06-26;6261.39013671875;6261.39013671875;6181.93017578125;6221.5498046875;6221.5498046875;19255900
2026-09-04;EURO STOXX 50;2026-06-29;6224.740234375;6240.0;6202.490234375;6231.6298828125;6231.6298828125;18393200
2026-09-04;EURO STOXX 50;2026-06-30;6247.85009765625;6329.419921875;6247.85009765625;6328.08984375;6328.08984375;24809500
2026-09-04;EURO STOXX 50;2026-07-01;6325.68017578125;6327.919921875;6266.68017578125;6282.5;6282.5;18029800
2026-09-04;EURO STOXX 50;2026-07-02;6282.06982421875;6393.830078125;6268.1298828125;6360.47021484375;6360.47021484375;23189400
2026-09-04;EURO STOXX 50;2026-07-03;6373.35986328125;6420.43994140625;6368.14990234375;6412.68017578125;6412.68017578125;14021200
2026-09-04;EURO STOXX 50;2026-07-06;6405.5400390625;6431.419921875;6376.9599609375;6398.009765625;6398.009765625;15983700
2026-09-04;EURO STOXX 50;2026-07-07;6379.3701171875;6395.06982421875;6319.85986328125;6319.85986328125;6319.85986328125;18324400
2026-09-04;EURO STOXX 50;2026-07-08;6315.93994140625;6315.93994140625;6180.93994140625;6204.91015625;6204.91015625;24817100
2026-09-04;EURO STOXX 50;2026-07-09;6236.41015625;6288.009765625;6228.33984375;6284.27001953125;6284.27001953125;17934500
2026-09-04;EURO STOXX 50;2026-07-10;6266.830078125;6287.7099609375;6242.35009765625;6269.97021484375;6269.97021484375;15882500
2026-09-04;EURO STOXX 50;2026-07-13;6243.52001953125;6282.9599609375;6242.2900390625;6271.02001953125;6271.02001953125;15254800
2026-09-04;EURO STOXX 50;2026-07-14;6248.3701171875;6288.68994140625;6211.9599609375;6280.18994140625;6280.18994140625;16805400
2026-09-04;EURO STOXX 50;2026-07-15;6270.77001953125;6296.0400390625;6255.60009765625;6265.580078125;6265.580078125;16829500
2026-09-04;EURO STOXX 50;2026-07-16;6273.10009765625;6283.60986328125;6208.259765625;6283.60986328125;6283.60986328125;17932200
2026-09-04;EURO STOXX 50;2026-07-17;6270.93994140625;6270.93994140625;6194.39013671875;6230.8701171875;6230.8701171875;23512700
2026-09-04;EURO STOXX 50;2026-07-20;6224.080078125;6264.43994140625;6215.3798828125;6227.39990234375;6227.39990234375;16975600
2026-09-04;EURO STOXX 50;2026-07-21;6230.080078125;6285.6298828125;6230.080078125;6285.6298828125;6285.6298828125;16680300
2026-09-04;EURO STOXX 50;2026-07-22;6271.06005859375;6326.990234375;6252.7099609375;6316.990234375;6316.990234375;19935600
2026-09-04;EURO STOXX 50;2026-07-23;6308.759765625;6308.759765625;6197.1201171875;6210.169921875;6210.169921875;22947900
2026-09-04;EURO STOXX 50;2026-07-24;6208.990234375;6280.93994140625;6205.85009765625;6280.93994140625;6280.93994140625;15946900
2026-09-04;EURO STOXX 50;2026-07-27;6287.7998046875;6369.52001953125;6282.2099609375;6282.2099609375;6282.2099609375;20763200
2026-09-04;EURO STOXX 50;2026-07-28;6297.2001953125;6316.27978515625;6255.6201171875;6289.509765625;6289.509765625;18886900
2026-09-04;EURO STOXX 50;2026-07-29;6282.77978515625;6305.8798828125;6235.77978515625;6248.83984375;6248.83984375;22630200
2026-09-04;EURO STOXX 50;2026-07-30;6245.2998046875;6356.31005859375;6245.2998046875;6344.39990234375;6344.39990234375;20682300
2026-09-04;EURO STOXX 50;2026-07-31;6354.7900390625;6421.740234375;6332.580078125;6358.009765625;6358.009765625;23105100
2026-09-04;EURO STOXX 50;2026-08-03;6361.2099609375;6437.72998046875;6361.2099609375;6426.5;6426.5;21899400
2026-09-04;EURO STOXX 50;2026-08-04;6445.7900390625;6490.33984375;6445.7900390625;6486.7001953125;6486.7001953125;20432600
2026-09-04;EURO STOXX 50;2026-08-05;6493.77001953125;6518.990234375;6475.669921875;6476.97998046875;6476.97998046875;18125500
2026-09-04;EURO STOXX 50;2026-08-06;6489.330078125;6528.4599609375;6489.330078125;6502.56005859375;6502.56005859375;18990200
2026-09-04;EURO STOXX 50;2026-08-07;6508.1298828125;6559.990234375;6508.1298828125;6523.85986328125;6523.85986328125;16973000
2026-09-04;EURO STOXX 50;2026-08-10;6520.06982421875;6558.52978515625;6520.06982421875;6535.6201171875;6535.6201171875;13174500
2026-09-04;EURO STOXX 50;2026-08-11;6538.77978515625;6576.2998046875;6529.60009765625;6551.22021484375;6551.22021484375;13470800
2026-09-04;EURO STOXX 50;2026-08-12;6556.83984375;6577.2001953125;6525.81982421875;6533.990234375;6533.990234375;15908200
2026-09-04;EURO STOXX 50;2026-08-13;6542.0;6574.7001953125;6542.0;6545.47021484375;6545.47021484375;14939600
2026-09-04;EURO STOXX 50;2026-08-14;6544.7900390625;6567.56982421875;6534.330078125;6539.58984375;6539.58984375;14174900
2026-09-04;EURO STOXX 50;2026-08-17;6548.16015625;6570.27001953125;6530.4501953125;6530.4501953125;6530.4501953125;12451700
2026-09-04;EURO STOXX 50;2026-08-18;6518.080078125;6518.080078125;6465.2900390625;6468.169921875;6468.169921875;16264900
2026-09-04;EURO STOXX 50;2026-08-19;6475.419921875;6493.91015625;6444.4599609375;6444.4599609375;6444.4599609375;19523900
2026-09-04;EURO STOXX 50;2026-08-20;6447.3701171875;6451.509765625;6406.66015625;6422.06005859375;6422.06005859375;13905900
2026-09-04;EURO STOXX 50;2026-08-21;6426.580078125;6466.580078125;6426.580078125;6462.22021484375;6462.22021484375;16789800
2026-09-04;EURO STOXX 50;2026-08-24;6453.91015625;6467.18994140625;6437.47021484375;6447.97998046875;6447.97998046875;12271200
2026-09-04;EURO STOXX 50;2026-08-25;6467.56005859375;6489.56982421875;6452.35009765625;6455.6298828125;6455.6298828125;13154800
2026-09-04;EURO STOXX 50;2026-08-26;6462.52978515625;6497.77001953125;6453.81005859375;6470.740234375;6470.740234375;13719200
2026-09-04;EURO STOXX 50;2026-08-27;6486.43994140625;6490.1298828125;6415.56982421875;6424.72998046875;6424.72998046875;16943800
2026-09-04;EURO STOXX 50;2026-08-28;6448.4599609375;6498.4501953125;6448.4599609375;6485.669921875;6485.669921875;13551200
2026-09-04;EURO STOXX 50;2026-08-31;6477.31982421875;6481.60009765625;6420.16015625;6420.16015625;6420.16015625;24214800
2026-09-04;EURO STOXX 50;2026-09-01;6425.2998046875;6426.0;6354.25;6368.97998046875;6368.97998046875;18766600
2026-09-04;EURO STOXX 50;2026-09-02;6363.77978515625;6375.830078125;6330.18994140625;6362.14990234375;6362.14990234375;18130700
2026-09-04;S&P 500;2023-06-13;4352.60986328125;4375.3701171875;4349.31005859375;4369.009765625;4369.009765625;4275400000
2026-09-04;S&P 500;2023-06-14;4366.2900390625;4391.81982421875;4337.85009765625;4372.58984375;4372.58984375;4252110000
2026-09-04;S&P 500;2023-06-15;4365.330078125;4439.2001953125;4362.60009765625;4425.83984375;4425.83984375;4176690000
2026-09-04;S&P 500;2023-06-16;4440.9501953125;4448.47021484375;4407.43994140625;4409.58984375;4409.58984375;6848600000
2026-09-04;S&P 500;2023-06-20;4396.10986328125;4400.14990234375;4367.18994140625;4388.7099609375;4388.7099609375;4055790000
2026-09-04;S&P 500;2023-06-21;4380.009765625;4386.22021484375;4360.14013671875;4365.68994140625;4365.68994140625;3709330000
2026-09-04;S&P 500;2023-06-22;4355.39990234375;4382.25;4351.81982421875;4381.89013671875;4381.89013671875;3511000000
2026-09-04;S&P 500;2023-06-23;4354.169921875;4366.5498046875;4341.33984375;4348.330078125;4348.330078125;6053620000
2026-09-04;S&P 500;2023-06-26;4344.83984375;4362.06005859375;4328.080078125;4328.81982421875;4328.81982421875;3415030000
2026-09-04;S&P 500;2023-06-27;4337.35986328125;4384.419921875;4335.0;4378.41015625;4378.41015625;3573500000
2026-09-04;S&P 500;2023-06-28;4367.47998046875;4390.35009765625;4360.22021484375;4376.85986328125;4376.85986328125;3739330000
2026-09-04;S&P 500;2023-06-29;4374.93994140625;4398.39013671875;4371.97021484375;4396.43994140625;4396.43994140625;3696660000
2026-09-04;S&P 500;2023-06-30;4422.43994140625;4458.47998046875;4422.43994140625;4450.3798828125;4450.3798828125;3923450000
2026-09-04;S&P 500;2023-07-03;4450.47998046875;4456.4599609375;4442.2900390625;4455.58984375;4455.58984375;2034280000
2026-09-04;S&P 500;2023-07-05;4442.0400390625;4454.06005859375;4436.60986328125;4446.81982421875;4446.81982421875;3482620000
2026-09-04;S&P 500;2023-07-06;4422.6201171875;4422.6201171875;4385.0498046875;4411.58984375;4411.58984375;3682020000
2026-09-04;S&P 500;2023-07-07;4404.5400390625;4440.39013671875;4397.39990234375;4398.9501953125;4398.9501953125;3630480000
2026-09-04;S&P 500;2023-07-10;4394.22998046875;4412.60009765625;4389.919921875;4409.52978515625;4409.52978515625;3429600000
2026-09-04;S&P 500;2023-07-11;4415.5498046875;4443.64013671875;4408.4599609375;4439.259765625;4439.259765625;3624220000
2026-09-04;S&P 500;2023-07-12;4467.68994140625;4488.33984375;4463.22998046875;4472.16015625;4472.16015625;3920290000
2026-09-04;S&P 500;2023-07-13;4491.5;4517.3798828125;4489.35986328125;4510.0400390625;4510.0400390625;3839530000
2026-09-04;S&P 500;2023-07-14;4514.60986328125;4527.759765625;4499.56005859375;4505.419921875;4505.419921875;3647450000
2026-09-04;S&P 500;2023-07-17;4508.85986328125;4532.85009765625;4504.89990234375;4522.7900390625;4522.7900390625;3538240000
2026-09-04;S&P 500;2023-07-18;4521.77978515625;4562.2998046875;4514.58984375;4554.97998046875;4554.97998046875;4090010000
2026-09-04;S&P 500;2023-07-19;4563.8701171875;4578.43017578125;4557.47998046875;4565.72021484375;4565.72021484375;4115670000
2026-09-04;S&P 500;2023-07-20;4554.3798828125;4564.740234375;4527.56005859375;4534.8701171875;4534.8701171875;3761770000
2026-09-04;S&P 500;2023-07-21;4550.16015625;4555.0;4535.7900390625;4536.33984375;4536.33984375;3570190000
2026-09-04;S&P 500;2023-07-24;4543.39013671875;4563.41015625;4541.2900390625;4554.64013671875;4554.64013671875;3856250000
2026-09-04;S&P 500;2023-07-25;4555.18994140625;4580.6201171875;4552.419921875;4567.4599609375;4567.4599609375;3812470000
2026-09-04;S&P 500;2023-07-26;4558.9599609375;4582.47021484375;4547.580078125;4566.75;4566.75;3990290000
2026-09-04;S&P 500;2023-07-27;4598.259765625;4607.06982421875;4528.56005859375;4537.41015625;4537.41015625;4553210000
2026-09-04;S&P 500;2023-07-28;4565.75;4590.16015625;4564.009765625;4582.22998046875;4582.22998046875;3981010000
2026-09-04;S&P 500;2023-07-31;4584.81982421875;4594.22021484375;4573.14013671875;4588.9599609375;4588.9599609375;4503600000
2026-09-04;S&P 500;2023-08-01;4578.830078125;4584.6201171875;4567.52978515625;4576.72998046875;4576.72998046875;4042370000
2026-09-04;S&P 500;2023-08-02;4550.93017578125;4550.93017578125;4505.75;4513.39013671875;4513.39013671875;4270710000
2026-09-04;S&P 500;2023-08-03;4494.27001953125;4519.490234375;4485.5400390625;4501.89013671875;4501.89013671875;4149120000
2026-09-04;S&P 500;2023-08-04;4513.9599609375;4540.33984375;4474.5498046875;4478.02978515625;4478.02978515625;4143310000
2026-09-04;S&P 500;2023-08-07;4491.580078125;4519.83984375;4491.14990234375;4518.43994140625;4518.43994140625;3493920000
2026-09-04;S&P 500;2023-08-08;4498.02978515625;4503.31005859375;4464.39013671875;4499.3798828125;4499.3798828125;3884910000
2026-09-04;S&P 500;2023-08-09;4501.56982421875;4502.43994140625;4461.330078125;4467.7099609375;4467.7099609375;3803100000
2026-09-04;S&P 500;2023-08-10;4487.16015625;4527.3701171875;4457.919921875;4468.830078125;4468.830078125;4504370000
2026-09-04;S&P 500;2023-08-11;4450.68994140625;4476.22998046875;4443.97998046875;4464.0498046875;4464.0498046875;3753290000
2026-09-04;S&P 500;2023-08-14;4458.1298828125;4490.330078125;4453.43994140625;4489.72021484375;4489.72021484375;3896410000
2026-09-04;S&P 500;2023-08-15;4478.8701171875;4478.8701171875;4432.18994140625;4437.85986328125;4437.85986328125;3832250000
2026-09-04;S&P 500;2023-08-16;4433.7900390625;4449.9501953125;4403.5498046875;4404.330078125;4404.330078125;3753910000
2026-09-04;S&P 500;2023-08-17;4416.31982421875;4421.169921875;4364.830078125;4370.35986328125;4370.35986328125;3943700000
2026-09-04;S&P 500;2023-08-18;4344.8798828125;4381.81982421875;4335.31005859375;4369.7099609375;4369.7099609375;3940400000
2026-09-04;S&P 500;2023-08-21;4380.27978515625;4407.5498046875;4360.2998046875;4399.77001953125;4399.77001953125;3726850000
2026-09-04;S&P 500;2023-08-22;4415.330078125;4418.58984375;4382.77001953125;4387.5498046875;4387.5498046875;3522760000
2026-09-04;S&P 500;2023-08-23;4396.43994140625;4443.18017578125;4396.43994140625;4436.009765625;4436.009765625;3837270000
2026-09-04;S&P 500;2023-08-24;4455.16015625;4458.2998046875;4375.5498046875;4376.31005859375;4376.31005859375;3723470000
2026-09-04;S&P 500;2023-08-25;4389.3798828125;4418.4599609375;4356.2900390625;4405.7099609375;4405.7099609375;3296180000
2026-09-04;S&P 500;2023-08-28;4426.02978515625;4439.56005859375;4414.97998046875;4433.31005859375;4433.31005859375;2957230000
2026-09-04;S&P 500;2023-08-29;4432.75;4500.14013671875;4431.68017578125;4497.6298828125;4497.6298828125;3354820000
2026-09-04;S&P 500;2023-08-30;4500.33984375;4521.64990234375;4493.58984375;4514.8701171875;4514.8701171875;3064110000
2026-09-04;S&P 500;2023-08-31;4517.009765625;4532.259765625;4507.39013671875;4507.66015625;4507.66015625;3946360000
2026-09-04;S&P 500;2023-09-01;4530.60009765625;4541.25;4501.35009765625;4515.77001953125;4515.77001953125;3246260000
2026-09-04;S&P 500;2023-09-05;4510.06005859375;4514.2900390625;4496.009765625;4496.830078125;4496.830078125;3526250000
2026-09-04;S&P 500;2023-09-06;4490.35009765625;4490.35009765625;4442.3798828125;4465.47998046875;4465.47998046875;3418850000
2026-09-04;S&P 500;2023-09-07;4434.5498046875;4457.81005859375;4430.4599609375;4451.14013671875;4451.14013671875;3763760000
2026-09-04;S&P 500;2023-09-08;4451.2998046875;4473.52978515625;4448.3798828125;4457.490234375;4457.490234375;3259290000
2026-09-04;S&P 500;2023-09-11;4480.97998046875;4490.77001953125;4467.89013671875;4487.4599609375;4487.4599609375;3369920000
2026-09-04;S&P 500;2023-09-12;4473.27001953125;4487.10986328125;4456.830078125;4461.89990234375;4461.89990234375;3435740000
2026-09-04;S&P 500;2023-09-13;4462.64990234375;4479.39013671875;4453.52001953125;4467.43994140625;4467.43994140625;3529430000
2026-09-04;S&P 500;2023-09-14;4487.77978515625;4511.990234375;4478.68994140625;4505.10009765625;4505.10009765625;3648720000
2026-09-04;S&P 500;2023-09-15;4497.97998046875;4497.97998046875;4447.2099609375;4450.31982421875;4450.31982421875;6932230000
2026-09-04;S&P 500;2023-09-18;4445.1298828125;4466.35986328125;4442.10986328125;4453.52978515625;4453.52978515625;3161230000
2026-09-04;S&P 500;2023-09-19;4445.41015625;4449.85009765625;4416.60986328125;4443.9501953125;4443.9501953125;3614880000
2026-09-04;S&P 500;2023-09-20;4452.81005859375;4461.02978515625;4401.3798828125;4402.2001953125;4402.2001953125;3308450000
2026-09-04;S&P 500;2023-09-21;4374.35986328125;4375.7001953125;4329.169921875;4330.0;4330.0;3662340000
2026-09-04;S&P 500;2023-09-22;4341.740234375;4357.39990234375;4316.490234375;4320.06005859375;4320.06005859375;3349570000
2026-09-04;S&P 500;2023-09-25;4310.6201171875;4338.509765625;4302.7001953125;4337.43994140625;4337.43994140625;3195650000
2026-09-04;S&P 500;2023-09-26;4312.8798828125;4313.009765625;4265.97998046875;4273.52978515625;4273.52978515625;3472340000
2026-09-04;S&P 500;2023-09-27;4282.6298828125;4292.06982421875;4238.6298828125;4274.509765625;4274.509765625;3875880000
2026-09-04;S&P 500;2023-09-28;4269.64990234375;4317.27001953125;4264.3798828125;4299.7001953125;4299.7001953125;3846230000
2026-09-04;S&P 500;2023-09-29;4328.18017578125;4333.14990234375;4274.85986328125;4288.0498046875;4288.0498046875;3865960000
2026-09-04;S&P 500;2023-10-02;4284.52001953125;4300.580078125;4260.2099609375;4288.39013671875;4288.39013671875;3938660000
2026-09-04;S&P 500;2023-10-03;4269.75;4281.14990234375;4216.4501953125;4229.4501953125;4229.4501953125;3953830000
2026-09-04;S&P 500;2023-10-04;4233.830078125;4268.5;4220.47998046875;4263.75;4263.75;3777600000
2026-09-04;S&P 500;2023-10-05;4259.31005859375;4267.1298828125;4225.91015625;4258.18994140625;4258.18994140625;3581470000
2026-09-04;S&P 500;2023-10-06;4234.7900390625;4324.10009765625;4219.5498046875;4308.5;4308.5;3902030000
2026-09-04;S&P 500;2023-10-09;4289.02001953125;4341.72998046875;4283.7900390625;4335.66015625;4335.66015625;3174630000
2026-09-04;S&P 500;2023-10-10;4339.75;4385.4599609375;4339.64013671875;4358.240234375;4358.240234375;3520240000
2026-09-04;S&P 500;2023-10-11;4366.58984375;4378.64013671875;4345.33984375;4376.9501953125;4376.9501953125;3601660000
2026-09-04;S&P 500;2023-10-12;4380.93994140625;4385.85009765625;4325.43017578125;4349.60986328125;4349.60986328125;3713140000
2026-09-04;S&P 500;2023-10-13;4360.490234375;4377.10009765625;4311.97021484375;4327.77978515625;4327.77978515625;3566560000
2026-09-04;S&P 500;2023-10-16;4342.3701171875;4383.330078125;4342.3701171875;4373.6298828125;4373.6298828125;3409960000
2026-09-04;S&P 500;2023-10-17;4345.22998046875;4393.56982421875;4337.5400390625;4373.2001953125;4373.2001953125;3794850000
2026-09-04;S&P 500;2023-10-18;4357.35009765625;4364.2001953125;4303.83984375;4314.60009765625;4314.60009765625;3686030000
2026-09-04;S&P 500;2023-10-19;4321.35986328125;4339.5400390625;4269.68994140625;4278.0;4278.0;3969730000
2026-09-04;S&P 500;2023-10-20;4273.85009765625;4276.56005859375;4223.02978515625;4224.16015625;4224.16015625;4004030000
2026-09-04;S&P 500;2023-10-23;4210.39990234375;4255.83984375;4189.22021484375;4217.0400390625;4217.0400390625;3776100000
2026-09-04;S&P 500;2023-10-24;4235.7900390625;4259.3798828125;4219.43017578125;4247.68017578125;4247.68017578125;3821820000
2026-09-04;S&P 500;2023-10-25;4232.419921875;4232.419921875;4181.419921875;4186.77001953125;4186.77001953125;3869370000
2026-09-04;S&P 500;2023-10-26;4175.990234375;4183.60009765625;4127.89990234375;4137.22998046875;4137.22998046875;4277640000
2026-09-04;S&P 500;2023-10-27;4152.93017578125;4156.7001953125;4103.77978515625;4117.3701171875;4117.3701171875;4019500000
2026-09-04;S&P 500;2023-10-30;4139.39013671875;4177.47021484375;4132.93994140625;4166.81982421875;4166.81982421875;3911140000
2026-09-04;S&P 500;2023-10-31;4171.330078125;4195.5498046875;4153.1201171875;4193.7998046875;4193.7998046875;4249470000
2026-09-04;S&P 500;2023-11-01;4201.27001953125;4245.64013671875;4197.740234375;4237.85986328125;4237.85986328125;4224900000
2026-09-04;S&P 500;2023-11-02;4268.259765625;4319.72021484375;4268.259765625;4317.77978515625;4317.77978515625;4669780000
2026-09-04;S&P 500;2023-11-03;4334.22998046875;4373.6201171875;4334.22998046875;4358.33984375;4358.33984375;4570960000
2026-09-04;S&P 500;2023-11-06;4364.27001953125;4372.2099609375;4347.52978515625;4365.97998046875;4365.97998046875;3656340000
2026-09-04;S&P 500;2023-11-07;4366.2099609375;4386.259765625;4355.41015625;4378.3798828125;4378.3798828125;3791230000
2026-09-04;S&P 500;2023-11-08;4384.3701171875;4391.2001953125;4359.759765625;4382.77978515625;4382.77978515625;3729510000
2026-09-04;S&P 500;2023-11-09;4391.41015625;4393.39990234375;4343.93994140625;4347.35009765625;4347.35009765625;3900780000
2026-09-04;S&P 500;2023-11-10;4364.14990234375;4418.02978515625;4353.33984375;4415.240234375;4415.240234375;3665080000
2026-09-04;S&P 500;2023-11-13;4406.66015625;4421.759765625;4393.81982421875;4411.5498046875;4411.5498046875;3326240000
2026-09-04;S&P 500;2023-11-14;4458.97021484375;4508.669921875;4458.97021484375;4495.7001953125;4495.7001953125;4700350000
2026-09-04;S&P 500;2023-11-15;4505.2998046875;4521.169921875;4495.31005859375;4502.8798828125;4502.8798828125;4347170000
2026-09-04;S&P 500;2023-11-16;4497.080078125;4511.990234375;4487.830078125;4508.240234375;4508.240234375;3964520000
2026-09-04;S&P 500;2023-11-17;4509.5498046875;4520.1201171875;4499.66015625;4514.02001953125;4514.02001953125;3777240000
2026-09-04;S&P 500;2023-11-20;4511.7001953125;4557.10986328125;4510.35986328125;4547.3798828125;4547.3798828125;3644790000
2026-09-04;S&P 500;2023-11-21;4538.77001953125;4542.14013671875;4525.509765625;4538.18994140625;4538.18994140625;3511080000
2026-09-04;S&P 500;2023-11-22;4553.0400390625;4568.43017578125;4545.0498046875;4556.6201171875;4556.6201171875;3042810000
2026-09-04;S&P 500;2023-11-24;4555.83984375;4560.31005859375;4552.7998046875;4559.33984375;4559.33984375;1639500000
2026-09-04;S&P 500;2023-11-27;4554.85986328125;4560.52001953125;4546.31982421875;4550.43017578125;4550.43017578125;3403990000
2026-09-04;S&P 500;2023-11-28;4545.5498046875;4568.14013671875;4540.509765625;4554.89013671875;4554.89013671875;3586240000
2026-09-04;S&P 500;2023-11-29;4571.83984375;4587.64013671875;4547.14990234375;4550.580078125;4550.580078125;4418760000
2026-09-04;S&P 500;2023-11-30;4554.8701171875;4569.89013671875;4537.240234375;4567.7998046875;4567.7998046875;5399300000
2026-09-04;S&P 500;2023-12-01;4559.43017578125;4599.39013671875;4554.7099609375;4594.6298828125;4594.6298828125;4397120000
2026-09-04;S&P 500;2023-12-04;4564.3701171875;4572.3701171875;4546.72021484375;4569.77978515625;4569.77978515625;4369910000
2026-09-04;S&P 500;2023-12-05;4557.25;4578.56005859375;4551.68017578125;4567.18017578125;4567.18017578125;3909950000
2026-09-04;S&P 500;2023-12-06;4586.22998046875;4590.740234375;4546.5;4549.33984375;4549.33984375;4245680000
2026-09-04;S&P 500;2023-12-07;4568.83984375;4590.919921875;4565.22021484375;4585.58984375;4585.58984375;3818880000
2026-09-04;S&P 500;2023-12-08;4576.2001953125;4609.22998046875;4574.06005859375;4604.3701171875;4604.3701171875;3707010000
2026-09-04;S&P 500;2023-12-11;4593.39013671875;4623.7099609375;4593.39013671875;4622.43994140625;4622.43994140625;3823210000
2026-09-04;S&P 500;2023-12-12;4618.2998046875;4643.93017578125;4608.08984375;4643.7001953125;4643.7001953125;3808380000
2026-09-04;S&P 500;2023-12-13;4646.2001953125;4709.68994140625;4643.22998046875;4707.08984375;4707.08984375;5063650000
2026-09-04;S&P 500;2023-12-14;4721.0400390625;4738.56982421875;4694.33984375;4719.5498046875;4719.5498046875;6314040000
2026-09-04;S&P 500;2023-12-15;4714.22998046875;4725.52978515625;4704.68994140625;4719.18994140625;4719.18994140625;8218980000
2026-09-04;S&P 500;2023-12-18;4725.580078125;4749.52001953125;4725.580078125;4740.56005859375;4740.56005859375;4060340000
2026-09-04;S&P 500;2023-12-19;4743.72021484375;4768.68994140625;4743.72021484375;4768.3701171875;4768.3701171875;4026970000
2026-09-04;S&P 500;2023-12-20;4764.72998046875;4778.009765625;4697.81982421875;4698.35009765625;4698.35009765625;4201320000
2026-09-04;S&P 500;2023-12-21;4724.2900390625;4748.7099609375;4708.35009765625;4746.75;4746.75;3431180000
2026-09-04;S&P 500;2023-12-22;4753.919921875;4772.93994140625;4736.77001953125;4754.6298828125;4754.6298828125;3046770000
2026-09-04;S&P 500;2023-12-26;4758.85986328125;4784.72021484375;4758.4501953125;4774.75;4774.75;2513910000
2026-09-04;S&P 500;2023-12-27;4773.4501953125;4785.39013671875;4768.89990234375;4781.580078125;4781.580078125;2748450000
2026-09-04;S&P 500;2023-12-28;4786.43994140625;4793.2998046875;4780.97998046875;4783.35009765625;4783.35009765625;2698860000
2026-09-04;S&P 500;2023-12-29;4782.8798828125;4788.43017578125;4751.990234375;4769.830078125;4769.830078125;3126060000
2026-09-04;S&P 500;2024-01-02;4745.2001953125;4754.330078125;4722.669921875;4742.830078125;4742.830078125;3743050000
2026-09-04;S&P 500;2024-01-03;4725.06982421875;4729.2900390625;4699.7099609375;4704.81005859375;4704.81005859375;3950760000
2026-09-04;S&P 500;2024-01-04;4697.419921875;4726.77978515625;4687.52978515625;4688.68017578125;4688.68017578125;3715480000
2026-09-04;S&P 500;2024-01-05;4690.56982421875;4721.490234375;4682.10986328125;4697.240234375;4697.240234375;3844370000
2026-09-04;S&P 500;2024-01-08;4703.7001953125;4764.5400390625;4699.81982421875;4763.5400390625;4763.5400390625;3742320000
2026-09-04;S&P 500;2024-01-09;4741.93017578125;4765.47021484375;4730.35009765625;4756.5;4756.5;3529960000
2026-09-04;S&P 500;2024-01-10;4759.93994140625;4790.7998046875;4756.2001953125;4783.4501953125;4783.4501953125;3498680000
2026-09-04;S&P 500;2024-01-11;4792.1298828125;4798.5;4739.580078125;4780.240234375;4780.240234375;3759890000
2026-09-04;S&P 500;2024-01-12;4791.18017578125;4802.39990234375;4768.97998046875;4783.830078125;4783.830078125;3486340000
2026-09-04;S&P 500;2024-01-16;4772.35009765625;4782.33984375;4747.1201171875;4765.97998046875;4765.97998046875;4260550000
2026-09-04;S&P 500;2024-01-17;4739.1298828125;4744.22998046875;4714.81982421875;4739.2099609375;4739.2099609375;3928600000
2026-09-04;S&P 500;2024-01-18;4760.10009765625;4785.7900390625;4740.56982421875;4780.93994140625;4780.93994140625;4019000000
2026-09-04;S&P 500;2024-01-19;4796.27978515625;4842.06982421875;4785.8701171875;4839.81005859375;4839.81005859375;4287200000
2026-09-04;S&P 500;2024-01-22;4853.419921875;4868.41015625;4844.0498046875;4850.43017578125;4850.43017578125;4297610000
2026-09-04;S&P 500;2024-01-23;4856.7998046875;4866.47998046875;4844.3701171875;4864.60009765625;4864.60009765625;3912800000
2026-09-04;S&P 500;2024-01-24;4888.56005859375;4903.68017578125;4865.93994140625;4868.5498046875;4868.5498046875;4330030000
2026-09-04;S&P 500;2024-01-25;4886.66015625;4898.14990234375;4869.33984375;4894.16015625;4894.16015625;4020430000
2026-09-04;S&P 500;2024-01-26;4888.91015625;4906.68994140625;4881.47021484375;4890.97021484375;4890.97021484375;3353400000
2026-09-04;S&P 500;2024-01-29;4892.9501953125;4929.31005859375;4887.39990234375;4927.93017578125;4927.93017578125;3525160000
2026-09-04;S&P 500;2024-01-30;4925.89013671875;4931.08984375;4916.27001953125;4924.97021484375;4924.97021484375;3836130000
2026-09-04;S&P 500;2024-01-31;4899.18994140625;4906.75;4845.14990234375;4845.64990234375;4845.64990234375;4696120000
2026-09-04;S&P 500;2024-02-01;4861.10986328125;4906.97021484375;4853.52001953125;4906.18994140625;4906.18994140625;4386090000
2026-09-04;S&P 500;2024-02-02;4916.06005859375;4975.2900390625;4907.990234375;4958.60986328125;4958.60986328125;3974350000
2026-09-04;S&P 500;2024-02-05;4957.18994140625;4957.18994140625;4918.08984375;4942.81005859375;4942.81005859375;4023640000
2026-09-04;S&P 500;2024-02-06;4950.16015625;4957.77001953125;4934.8798828125;4954.22998046875;4954.22998046875;4440880000
2026-09-04;S&P 500;2024-02-07;4973.0498046875;4999.89013671875;4969.0498046875;4995.06005859375;4995.06005859375;4895590000
2026-09-04;S&P 500;2024-02-08;4995.16015625;5000.39990234375;4987.08984375;4997.91015625;4997.91015625;4341860000
2026-09-04;S&P 500;2024-02-09;5004.169921875;5030.06005859375;5000.33984375;5026.60986328125;5026.60986328125;3912990000
2026-09-04;S&P 500;2024-02-12;5026.830078125;5048.39013671875;5016.830078125;5021.83984375;5021.83984375;3805740000
2026-09-04;S&P 500;2024-02-13;4967.93994140625;4971.2998046875;4920.31005859375;4953.169921875;4953.169921875;4302190000
2026-09-04;S&P 500;2024-02-14;4976.43994140625;5002.52001953125;4956.4501953125;5000.6201171875;5000.6201171875;3845600000
2026-09-04;S&P 500;2024-02-15;5003.14013671875;5032.72021484375;4999.43994140625;5029.72998046875;5029.72998046875;4137970000
2026-09-04;S&P 500;2024-02-16;5031.1298828125;5038.7001953125;4999.52001953125;5005.56982421875;5005.56982421875;3833270000
2026-09-04;S&P 500;2024-02-20;4989.31982421875;4993.7099609375;4955.02001953125;4975.509765625;4975.509765625;4034880000
2026-09-04;S&P 500;2024-02-21;4963.02978515625;4983.2099609375;4946.0;4981.7998046875;4981.7998046875;3788390000
2026-09-04;S&P 500;2024-02-22;5038.830078125;5094.39013671875;5038.830078125;5087.02978515625;5087.02978515625;4051710000
2026-09-04;S&P 500;2024-02-23;5100.919921875;5111.06005859375;5081.4599609375;5088.7998046875;5088.7998046875;3672790000
2026-09-04;S&P 500;2024-02-26;5093.0;5097.66015625;5068.91015625;5069.52978515625;5069.52978515625;3683930000
2026-09-04;S&P 500;2024-02-27;5074.60009765625;5080.68994140625;5057.2900390625;5078.18017578125;5078.18017578125;3925950000
2026-09-04;S&P 500;2024-02-28;5067.2001953125;5077.3701171875;5058.35009765625;5069.759765625;5069.759765625;3789370000
2026-09-04;S&P 500;2024-02-29;5085.35986328125;5104.990234375;5061.89013671875;5096.27001953125;5096.27001953125;5219740000
2026-09-04;S&P 500;2024-03-01;5098.509765625;5140.330078125;5094.16015625;5137.080078125;5137.080078125;4748110000
2026-09-04;S&P 500;2024-03-04;5130.990234375;5149.669921875;5127.18017578125;5130.9501953125;5130.9501953125;4758440000
2026-09-04;S&P 500;2024-03-05;5110.52001953125;5114.5400390625;5056.81982421875;5078.64990234375;5078.64990234375;4418410000
2026-09-04;S&P 500;2024-03-06;5108.02978515625;5127.97021484375;5092.22021484375;5104.759765625;5104.759765625;4559050000
2026-09-04;S&P 500;2024-03-07;5132.3798828125;5165.6201171875;5128.2099609375;5157.35986328125;5157.35986328125;4137980000
2026-09-04;S&P 500;2024-03-08;5164.4599609375;5189.259765625;5117.5;5123.68994140625;5123.68994140625;4208870000
2026-09-04;S&P 500;2024-03-11;5111.9599609375;5124.66015625;5091.14013671875;5117.93994140625;5117.93994140625;3896430000
2026-09-04;S&P 500;2024-03-12;5134.2998046875;5179.8701171875;5114.47998046875;5175.27001953125;5175.27001953125;4080510000
2026-09-04;S&P 500;2024-03-13;5173.490234375;5179.14013671875;5151.8798828125;5165.31005859375;5165.31005859375;4282890000
2026-09-04;S&P 500;2024-03-14;5175.14013671875;5176.85009765625;5123.2998046875;5150.47998046875;5150.47998046875;4687970000
2026-09-04;S&P 500;2024-03-15;5123.31005859375;5136.85986328125;5104.35009765625;5117.08984375;5117.08984375;7753670000
2026-09-04;S&P 500;2024-03-18;5154.77001953125;5175.60009765625;5145.47021484375;5149.419921875;5149.419921875;4036220000
2026-09-04;S&P 500;2024-03-19;5139.08984375;5180.31005859375;5131.58984375;5178.509765625;5178.509765625;4031760000
2026-09-04;S&P 500;2024-03-20;5181.68994140625;5226.18994140625;5171.5498046875;5224.6201171875;5224.6201171875;4064850000
2026-09-04;S&P 500;2024-03-21;5253.43017578125;5261.10009765625;5240.66015625;5241.52978515625;5241.52978515625;4207730000
2026-09-04;S&P 500;2024-03-22;5242.47998046875;5246.08984375;5229.8701171875;5234.18017578125;5234.18017578125;3374700000
2026-09-04;S&P 500;2024-03-25;5219.52001953125;5229.08984375;5216.08984375;5218.18994140625;5218.18994140625;3331360000
2026-09-04;S&P 500;2024-03-26;5228.85009765625;5235.16015625;5203.419921875;5203.580078125;5203.580078125;3871790000
2026-09-04;S&P 500;2024-03-27;5226.31005859375;5249.259765625;5213.919921875;5248.490234375;5248.490234375;3850500000
2026-09-04;S&P 500;2024-03-28;5248.02978515625;5264.85009765625;5245.81982421875;5254.35009765625;5254.35009765625;3998270000
2026-09-04;S&P 500;2024-04-01;5257.97021484375;5263.9501953125;5229.2001953125;5243.77001953125;5243.77001953125;3325930000
2026-09-04;S&P 500;2024-04-02;5204.2900390625;5208.33984375;5184.0498046875;5205.81005859375;5205.81005859375;3886590000
2026-09-04;S&P 500;2024-04-03;5194.3701171875;5228.75;5194.3701171875;5211.490234375;5211.490234375;3703250000
2026-09-04;S&P 500;2024-04-04;5244.0498046875;5256.58984375;5146.06005859375;5147.2099609375;5147.2099609375;4075680000
2026-09-04;S&P 500;2024-04-05;5158.9501953125;5222.18017578125;5157.2099609375;5204.33984375;5204.33984375;3386780000
2026-09-04;S&P 500;2024-04-08;5211.3701171875;5219.56982421875;5197.35009765625;5202.39013671875;5202.39013671875;3278180000
2026-09-04;S&P 500;2024-04-09;5217.02978515625;5224.81005859375;5160.77978515625;5209.91015625;5209.91015625;3400680000
2026-09-04;S&P 500;2024-04-10;5167.8798828125;5178.43017578125;5138.7001953125;5160.64013671875;5160.64013671875;3845930000
2026-09-04;S&P 500;2024-04-11;5172.9501953125;5211.77978515625;5138.77001953125;5199.06005859375;5199.06005859375;3509380000
2026-09-04;S&P 500;2024-04-12;5171.509765625;5175.02978515625;5107.93994140625;5123.41015625;5123.41015625;3963220000
2026-09-04;S&P 500;2024-04-15;5149.669921875;5168.43017578125;5052.47021484375;5061.81982421875;5061.81982421875;3950210000
2026-09-04;S&P 500;2024-04-16;5064.58984375;5079.83984375;5039.830078125;5051.41015625;5051.41015625;4006200000
2026-09-04;S&P 500;2024-04-17;5068.97021484375;5077.9599609375;5007.25;5022.2099609375;5022.2099609375;3596130000
2026-09-04;S&P 500;2024-04-18;5031.52001953125;5056.66015625;5001.89013671875;5011.1201171875;5011.1201171875;3619760000
2026-09-04;S&P 500;2024-04-19;5005.43994140625;5019.02001953125;4953.56005859375;4967.22998046875;4967.22998046875;3878750000
2026-09-04;S&P 500;2024-04-22;4987.330078125;5038.83984375;4969.39990234375;5010.60009765625;5010.60009765625;3820250000
2026-09-04;S&P 500;2024-04-23;5028.85009765625;5076.1201171875;5027.9599609375;5070.5498046875;5070.5498046875;3751400000
2026-09-04;S&P 500;2024-04-24;5084.85986328125;5089.47998046875;5047.02001953125;5071.6298828125;5071.6298828125;3656740000
2026-09-04;S&P 500;2024-04-25;5019.8798828125;5057.75;4990.580078125;5048.419921875;5048.419921875;3958050000
2026-09-04;S&P 500;2024-04-26;5084.64990234375;5114.6201171875;5073.14013671875;5099.9599609375;5099.9599609375;3604140000
2026-09-04;S&P 500;2024-04-29;5114.1298828125;5123.490234375;5088.64990234375;5116.169921875;5116.169921875;3447450000
2026-09-04;S&P 500;2024-04-30;5103.77978515625;5110.830078125;5035.31005859375;5035.68994140625;5035.68994140625;4082470000
2026-09-04;S&P 500;2024-05-01;5029.02978515625;5096.1201171875;5013.4501953125;5018.39013671875;5018.39013671875;4544170000
2026-09-04;S&P 500;2024-05-02;5049.31982421875;5073.2099609375;5011.0498046875;5064.2001953125;5064.2001953125;4381660000
2026-09-04;S&P 500;2024-05-03;5122.77978515625;5139.1201171875;5101.22021484375;5127.7900390625;5127.7900390625;3924990000
2026-09-04;S&P 500;2024-05-06;5142.419921875;5181.0;5142.419921875;5180.740234375;5180.740234375;3683250000
2026-09-04;S&P 500;2024-05-07;5187.2001953125;5200.22998046875;5178.9599609375;5187.7001953125;5187.7001953125;3987890000
2026-09-04;S&P 500;2024-05-08;5168.97998046875;5191.9501953125;5165.85986328125;5187.669921875;5187.669921875;3842100000
2026-09-04;S&P 500;2024-05-09;5189.02978515625;5215.2998046875;5180.41015625;5214.080078125;5214.080078125;3727370000
2026-09-04;S&P 500;2024-05-10;5225.490234375;5239.66015625;5209.68017578125;5222.68017578125;5222.68017578125;3617900000
2026-09-04;S&P 500;2024-05-13;5233.080078125;5237.259765625;5211.16015625;5221.419921875;5221.419921875;4255710000
2026-09-04;S&P 500;2024-05-14;5221.10009765625;5250.3701171875;5217.97998046875;5246.68017578125;5246.68017578125;4763580000
2026-09-04;S&P 500;2024-05-15;5263.259765625;5311.759765625;5263.259765625;5308.14990234375;5308.14990234375;4360810000
2026-09-04;S&P 500;2024-05-16;5310.06982421875;5325.490234375;5296.18994140625;5297.10009765625;5297.10009765625;3817470000
2026-09-04;S&P 500;2024-05-17;5303.10009765625;5305.4501953125;5283.58984375;5303.27001953125;5303.27001953125;3578120000
2026-09-04;S&P 500;2024-05-20;5305.35009765625;5325.31982421875;5302.39990234375;5308.1298828125;5308.1298828125;3420100000
2026-09-04;S&P 500;2024-05-21;5298.68994140625;5324.31982421875;5297.8701171875;5321.41015625;5321.41015625;3662240000
2026-09-04;S&P 500;2024-05-22;5319.27978515625;5323.18017578125;5286.009765625;5307.009765625;5307.009765625;3847130000
2026-09-04;S&P 500;2024-05-23;5340.259765625;5341.8798828125;5256.93017578125;5267.83984375;5267.83984375;3869520000
2026-09-04;S&P 500;2024-05-24;5281.4501953125;5311.64990234375;5278.39013671875;5304.72021484375;5304.72021484375;3005510000
2026-09-04;S&P 500;2024-05-28;5315.91015625;5315.91015625;5280.89013671875;5306.0400390625;5306.0400390625;3751540000
2026-09-04;S&P 500;2024-05-29;5278.72998046875;5282.27001953125;5262.7001953125;5266.9501953125;5266.9501953125;3552750000
2026-09-04;S&P 500;2024-05-30;5259.77001953125;5260.2099609375;5222.10009765625;5235.47998046875;5235.47998046875;3818750000
2026-09-04;S&P 500;2024-05-31;5243.2099609375;5280.330078125;5191.68017578125;5277.509765625;5277.509765625;5437160000
2026-09-04;S&P 500;2024-06-03;5297.14990234375;5302.10986328125;5234.31982421875;5283.39990234375;5283.39990234375;4046920000
2026-09-04;S&P 500;2024-06-04;5278.240234375;5298.7998046875;5257.6298828125;5291.33984375;5291.33984375;3707900000
2026-09-04;S&P 500;2024-06-05;5314.47998046875;5354.16015625;5297.64013671875;5354.02978515625;5354.02978515625;3591460000
2026-09-04;S&P 500;2024-06-06;5357.7998046875;5362.35009765625;5335.35986328125;5352.9599609375;5352.9599609375;3609990000
2026-09-04;S&P 500;2024-06-07;5343.81005859375;5375.080078125;5331.330078125;5346.990234375;5346.990234375;3692760000
2026-09-04;S&P 500;2024-06-10;5341.22021484375;5365.7900390625;5331.52001953125;5360.7900390625;5360.7900390625;3622280000
2026-09-04;S&P 500;2024-06-11;5353.0;5375.9501953125;5327.25;5375.31982421875;5375.31982421875;3568030000
2026-09-04;S&P 500;2024-06-12;5409.1298828125;5447.25;5409.1298828125;5421.02978515625;5421.02978515625;3962840000
2026-09-04;S&P 500;2024-06-13;5441.93017578125;5441.93017578125;5402.509765625;5433.740234375;5433.740234375;3530380000
2026-09-04;S&P 500;2024-06-14;5424.080078125;5432.39013671875;5403.75;5431.60009765625;5431.60009765625;3438650000
2026-09-04;S&P 500;2024-06-17;5431.10986328125;5488.5;5420.39990234375;5473.22998046875;5473.22998046875;3447840000
2026-09-04;S&P 500;2024-06-18;5476.14990234375;5490.3798828125;5471.31982421875;5487.02978515625;5487.02978515625;3544330000
2026-09-04;S&P 500;2024-06-20;5499.990234375;5505.52978515625;5455.56005859375;5473.169921875;5473.169921875;3847060000
2026-09-04;S&P 500;2024-06-21;5466.77001953125;5478.31005859375;5452.02978515625;5464.6201171875;5464.6201171875;6773800000
2026-09-04;S&P 500;2024-06-24;5459.580078125;5490.66015625;5447.58984375;5447.8701171875;5447.8701171875;3696750000
2026-09-04;S&P 500;2024-06-25;5460.72998046875;5472.8798828125;5446.56005859375;5469.2998046875;5469.2998046875;3591960000
2026-09-04;S&P 500;2024-06-26;5460.7099609375;5483.14013671875;5451.8701171875;5477.89990234375;5477.89990234375;3563920000
2026-09-04;S&P 500;2024-06-27;5473.58984375;5490.81005859375;5467.5400390625;5482.8701171875;5482.8701171875;3589530000
2026-09-04;S&P 500;2024-06-28;5488.47998046875;5523.64013671875;5451.1201171875;5460.47998046875;5460.47998046875;7199220000
2026-09-04;S&P 500;2024-07-01;5471.080078125;5479.5498046875;5446.52978515625;5475.08984375;5475.08984375;3488760000
2026-09-04;S&P 500;2024-07-02;5461.83984375;5509.68994140625;5458.43017578125;5509.009765625;5509.009765625;3329950000
2026-09-04;S&P 500;2024-07-03;5507.43994140625;5539.27001953125;5507.419921875;5537.02001953125;5537.02001953125;2179470000
2026-09-04;S&P 500;2024-07-05;5537.91015625;5570.330078125;5531.6298828125;5567.18994140625;5567.18994140625;3253080000
2026-09-04;S&P 500;2024-07-08;5572.75;5583.10986328125;5562.509765625;5572.85009765625;5572.85009765625;3185670000
2026-09-04;S&P 500;2024-07-09;5584.240234375;5590.75;5574.56982421875;5576.97998046875;5576.97998046875;3232920000
2026-09-04;S&P 500;2024-07-10;5591.259765625;5635.39013671875;5586.43994140625;5633.91015625;5633.91015625;3336100000
2026-09-04;S&P 500;2024-07-11;5635.2099609375;5642.4501953125;5576.52978515625;5584.5400390625;5584.5400390625;4020950000
2026-09-04;S&P 500;2024-07-12;5590.759765625;5655.56005859375;5590.43994140625;5615.35009765625;5615.35009765625;3700280000
2026-09-04;S&P 500;2024-07-15;5638.16015625;5666.93994140625;5614.75;5631.22021484375;5631.22021484375;3620470000
2026-09-04;S&P 500;2024-07-16;5644.08984375;5669.669921875;5639.02001953125;5667.2001953125;5667.2001953125;4041760000
2026-09-04;S&P 500;2024-07-17;5610.06982421875;5622.490234375;5584.81005859375;5588.27001953125;5588.27001953125;4246450000
2026-09-04;S&P 500;2024-07-18;5608.56005859375;5614.0498046875;5522.81005859375;5544.58984375;5544.58984375;4007510000
2026-09-04;S&P 500;2024-07-19;5543.3701171875;5557.5;5497.0400390625;5505.0;5505.0;3760570000
2026-09-04;S&P 500;2024-07-22;5544.5400390625;5570.35986328125;5529.0400390625;5564.41015625;5564.41015625;3375180000
2026-09-04;S&P 500;2024-07-23;5565.2998046875;5585.33984375;5550.89990234375;5555.740234375;5555.740234375;3500210000
2026-09-04;S&P 500;2024-07-24;5505.83984375;5508.0400390625;5419.97998046875;5427.1298828125;5427.1298828125;3945550000
2026-09-04;S&P 500;2024-07-25;5428.7001953125;5491.58984375;5390.9501953125;5399.22021484375;5399.22021484375;4592120000
2026-09-04;S&P 500;2024-07-26;5433.669921875;5488.31982421875;5430.7001953125;5459.10009765625;5459.10009765625;3638770000
2026-09-04;S&P 500;2024-07-29;5476.5498046875;5487.740234375;5444.43994140625;5463.5400390625;5463.5400390625;3379970000
2026-09-04;S&P 500;2024-07-30;5478.72998046875;5489.4599609375;5401.7001953125;5436.43994140625;5436.43994140625;3777740000
2026-09-04;S&P 500;2024-07-31;5505.58984375;5551.509765625;5493.75;5522.2998046875;5522.2998046875;4546910000
2026-09-04;S&P 500;2024-08-01;5537.83984375;5566.16015625;5410.419921875;5446.68017578125;5446.68017578125;4703620000
2026-09-04;S&P 500;2024-08-02;5376.6298828125;5383.89013671875;5302.02978515625;5346.56005859375;5346.56005859375;5156450000
2026-09-04;S&P 500;2024-08-05;5151.14013671875;5250.89013671875;5119.259765625;5186.330078125;5186.330078125;5333250000
2026-09-04;S&P 500;2024-08-06;5206.419921875;5312.33984375;5193.56005859375;5240.02978515625;5240.02978515625;4690190000
2026-09-04;S&P 500;2024-08-07;5293.1298828125;5330.64013671875;5195.5400390625;5199.5;5199.5;4558260000
2026-09-04;S&P 500;2024-08-08;5252.56982421875;5328.02978515625;5233.85009765625;5319.31005859375;5319.31005859375;4016830000
2026-09-04;S&P 500;2024-08-09;5314.66015625;5358.669921875;5300.83984375;5344.16015625;5344.16015625;3516400000
2026-09-04;S&P 500;2024-08-12;5351.8798828125;5371.2001953125;5324.3701171875;5344.39013671875;5344.39013671875;3360160000
2026-09-04;S&P 500;2024-08-13;5376.97998046875;5436.5;5376.97998046875;5434.43017578125;5434.43017578125;3648980000
2026-09-04;S&P 500;2024-08-14;5442.35986328125;5463.22021484375;5415.91015625;5455.2099609375;5455.2099609375;3380050000
2026-09-04;S&P 500;2024-08-15;5501.1298828125;5546.22998046875;5501.1298828125;5543.22021484375;5543.22021484375;3723310000
2026-09-04;S&P 500;2024-08-16;5530.5;5561.97998046875;5525.169921875;5554.25;5554.25;3357690000
2026-09-04;S&P 500;2024-08-19;5557.22998046875;5608.2998046875;5550.740234375;5608.25;5608.25;3222050000
2026-09-04;S&P 500;2024-08-20;5602.8798828125;5620.509765625;5585.5;5597.1201171875;5597.1201171875;2994420000
2026-09-04;S&P 500;2024-08-21;5603.08984375;5632.68017578125;5591.56982421875;5620.85009765625;5620.85009765625;3119670000
2026-09-04;S&P 500;2024-08-22;5637.77001953125;5643.22021484375;5560.9501953125;5570.64013671875;5570.64013671875;2981530000
2026-09-04;S&P 500;2024-08-23;5602.490234375;5641.81982421875;5585.16015625;5634.60986328125;5634.60986328125;3291940000
2026-09-04;S&P 500;2024-08-26;5639.66015625;5651.6201171875;5602.33984375;5616.83984375;5616.83984375;2938570000
2026-09-04;S&P 500;2024-08-27;5602.89013671875;5631.18017578125;5593.47998046875;5625.7998046875;5625.7998046875;2798990000
2026-09-04;S&P 500;2024-08-28;5624.509765625;5627.02978515625;5560.9501953125;5592.18017578125;5592.18017578125;3053450000
2026-09-04;S&P 500;2024-08-29;5607.2998046875;5646.9501953125;5583.7099609375;5591.9599609375;5591.9599609375;3065640000
2026-09-04;S&P 500;2024-08-30;5612.740234375;5651.3701171875;5581.7900390625;5648.39990234375;5648.39990234375;4185850000
2026-09-04;S&P 500;2024-09-03;5623.89013671875;5623.89013671875;5504.330078125;5528.93017578125;5528.93017578125;3866350000
2026-09-04;S&P 500;2024-09-04;5506.68017578125;5552.990234375;5503.66015625;5520.06982421875;5520.06982421875;3478140000
2026-09-04;S&P 500;2024-09-05;5520.080078125;5546.2998046875;5480.5400390625;5503.41015625;5503.41015625;3521650000
2026-09-04;S&P 500;2024-09-06;5507.330078125;5522.47021484375;5402.6201171875;5408.419921875;5408.419921875;3822800000
2026-09-04;S&P 500;2024-09-09;5442.06982421875;5484.2001953125;5434.490234375;5471.0498046875;5471.0498046875;3825940000
2026-09-04;S&P 500;2024-09-10;5490.509765625;5497.91015625;5441.72021484375;5495.52001953125;5495.52001953125;3848180000
2026-09-04;S&P 500;2024-09-11;5496.419921875;5560.41015625;5406.9599609375;5554.1298828125;5554.1298828125;3839450000
2026-09-04;S&P 500;2024-09-12;5557.47998046875;5600.7099609375;5535.5;5595.759765625;5595.759765625;3655070000
2026-09-04;S&P 500;2024-09-13;5603.33984375;5636.27001953125;5601.64990234375;5626.02001953125;5626.02001953125;3500790000
2026-09-04;S&P 500;2024-09-16;5615.2099609375;5636.0498046875;5604.52978515625;5633.08984375;5633.08984375;3437070000
2026-09-04;S&P 500;2024-09-17;5655.509765625;5670.81005859375;5614.0498046875;5634.580078125;5634.580078125;3443600000
2026-09-04;S&P 500;2024-09-18;5641.68017578125;5689.75;5615.080078125;5618.259765625;5618.259765625;3691390000
2026-09-04;S&P 500;2024-09-19;5702.6298828125;5733.56982421875;5686.419921875;5713.64013671875;5713.64013671875;4024530000
2026-09-04;S&P 500;2024-09-20;5709.64013671875;5715.14013671875;5674.490234375;5702.5498046875;5702.5498046875;7867260000
2026-09-04;S&P 500;2024-09-23;5711.89990234375;5725.35986328125;5704.22021484375;5718.56982421875;5718.56982421875;3529550000
2026-09-04;S&P 500;2024-09-24;5727.66015625;5735.31982421875;5698.990234375;5732.93017578125;5732.93017578125;3872710000
2026-09-04;S&P 500;2024-09-25;5733.64990234375;5741.02978515625;5712.06005859375;5722.259765625;5722.259765625;3624910000
2026-09-04;S&P 500;2024-09-26;5762.22021484375;5767.3701171875;5721.009765625;5745.3701171875;5745.3701171875;4391180000
2026-09-04;S&P 500;2024-09-27;5755.35986328125;5763.77978515625;5727.33984375;5738.169921875;5738.169921875;3898530000
2026-09-04;S&P 500;2024-09-30;5726.52001953125;5765.14013671875;5703.52978515625;5762.47998046875;5762.47998046875;4425730000
2026-09-04;S&P 500;2024-10-01;5757.72998046875;5757.72998046875;5681.27978515625;5708.75;5708.75;4025180000
2026-09-04;S&P 500;2024-10-02;5698.14013671875;5719.6298828125;5674.0;5709.5400390625;5709.5400390625;3829050000
2026-09-04;S&P 500;2024-10-03;5698.18994140625;5718.77978515625;5677.3701171875;5699.93994140625;5699.93994140625;3597450000
2026-09-04;S&P 500;2024-10-04;5737.47998046875;5753.2099609375;5702.830078125;5751.06982421875;5751.06982421875;3479400000
2026-09-04;S&P 500;2024-10-07;5737.7998046875;5739.33984375;5686.85009765625;5695.93994140625;5695.93994140625;3637790000
2026-09-04;S&P 500;2024-10-08;5719.14013671875;5757.60009765625;5714.56005859375;5751.1298828125;5751.1298828125;3393400000
2026-09-04;S&P 500;2024-10-09;5751.7998046875;5796.7998046875;5745.02001953125;5792.0400390625;5792.0400390625;3650340000
2026-09-04;S&P 500;2024-10-10;5778.35986328125;5795.02978515625;5764.759765625;5780.0498046875;5780.0498046875;3208790000
2026-09-04;S&P 500;2024-10-11;5775.08984375;5822.1298828125;5775.08984375;5815.02978515625;5815.02978515625;3208720000
2026-09-04;S&P 500;2024-10-14;5829.81005859375;5871.41015625;5829.56982421875;5859.85009765625;5859.85009765625;3005250000
2026-09-04;S&P 500;2024-10-15;5866.740234375;5870.35986328125;5804.47998046875;5815.259765625;5815.259765625;3882120000
2026-09-04;S&P 500;2024-10-16;5816.580078125;5846.52001953125;5808.33984375;5842.47021484375;5842.47021484375;3467230000
2026-09-04;S&P 500;2024-10-17;5875.6201171875;5878.4599609375;5840.25;5841.47021484375;5841.47021484375;3480010000
2026-09-04;S&P 500;2024-10-18;5859.43017578125;5872.169921875;5846.10986328125;5864.669921875;5864.669921875;3374490000
2026-09-04;S&P 500;2024-10-21;5857.81982421875;5866.919921875;5824.7900390625;5853.97998046875;5853.97998046875;3407010000
2026-09-04;S&P 500;2024-10-22;5832.7001953125;5863.0400390625;5821.169921875;5851.2001953125;5851.2001953125;3342080000
2026-09-04;S&P 500;2024-10-23;5834.5;5834.85009765625;5762.41015625;5797.419921875;5797.419921875;3532650000
2026-09-04;S&P 500;2024-10-24;5817.7998046875;5817.7998046875;5784.919921875;5809.85986328125;5809.85986328125;3543030000
2026-09-04;S&P 500;2024-10-25;5826.75;5862.81982421875;5799.97998046875;5808.1201171875;5808.1201171875;3501280000
2026-09-04;S&P 500;2024-10-28;5833.93017578125;5842.919921875;5823.080078125;5823.52001953125;5823.52001953125;3691280000
2026-09-04;S&P 500;2024-10-29;5819.68017578125;5847.18994140625;5802.169921875;5832.919921875;5832.919921875;3879100000
2026-09-04;S&P 500;2024-10-30;5832.64990234375;5850.93994140625;5811.27978515625;5813.669921875;5813.669921875;3851120000
2026-09-04;S&P 500;2024-10-31;5775.33984375;5775.33984375;5702.85986328125;5705.4501953125;5705.4501953125;4425660000
2026-09-04;S&P 500;2024-11-01;5723.22021484375;5772.52001953125;5723.22021484375;5728.7998046875;5728.7998046875;3796450000
2026-09-04;S&P 500;2024-11-04;5725.14990234375;5741.43017578125;5696.509765625;5712.68994140625;5712.68994140625;3602060000
2026-09-04;S&P 500;2024-11-05;5722.43017578125;5783.43994140625;5722.10009765625;5782.759765625;5782.759765625;3768310000
2026-09-04;S&P 500;2024-11-06;5864.89013671875;5936.14013671875;5864.89013671875;5929.0400390625;5929.0400390625;6329530000
2026-09-04;S&P 500;2024-11-07;5947.2099609375;5983.83984375;5947.2099609375;5973.10009765625;5973.10009765625;4925740000
2026-09-04;S&P 500;2024-11-08;5976.759765625;6012.4501953125;5976.759765625;5995.5400390625;5995.5400390625;4666740000
2026-09-04;S&P 500;2024-11-11;6008.85986328125;6017.31005859375;5986.68994140625;6001.35009765625;6001.35009765625;4333000000
2026-09-04;S&P 500;2024-11-12;6003.60009765625;6009.919921875;5960.080078125;5983.990234375;5983.990234375;4243400000
2026-09-04;S&P 500;2024-11-13;5985.75;6008.18994140625;5965.91015625;5985.3798828125;5985.3798828125;4220180000
2026-09-04;S&P 500;2024-11-14;5989.68017578125;5993.8798828125;5942.27978515625;5949.169921875;5949.169921875;4184570000
2026-09-04;S&P 500;2024-11-15;5912.7900390625;5915.31982421875;5853.009765625;5870.6201171875;5870.6201171875;4590960000
2026-09-04;S&P 500;2024-11-18;5874.169921875;5908.1201171875;5865.9501953125;5893.6201171875;5893.6201171875;3983860000
2026-09-04;S&P 500;2024-11-19;5870.0498046875;5923.509765625;5855.2900390625;5916.97998046875;5916.97998046875;4036940000
2026-09-04;S&P 500;2024-11-20;5914.33984375;5920.669921875;5860.56005859375;5917.10986328125;5917.10986328125;3772620000
2026-09-04;S&P 500;2024-11-21;5940.580078125;5963.31982421875;5887.259765625;5948.7099609375;5948.7099609375;4230120000
2026-09-04;S&P 500;2024-11-22;5944.35986328125;5972.89990234375;5944.35986328125;5969.33984375;5969.33984375;4141420000
2026-09-04;S&P 500;2024-11-25;5992.27978515625;6020.75;5963.91015625;5987.3701171875;5987.3701171875;5633150000
2026-09-04;S&P 500;2024-11-26;6000.02978515625;6025.419921875;5992.27001953125;6021.6298828125;6021.6298828125;3835170000
2026-09-04;S&P 500;2024-11-27;6014.10986328125;6020.16015625;5984.8701171875;5998.740234375;5998.740234375;3363340000
2026-09-04;S&P 500;2024-11-29;6003.97998046875;6044.169921875;6003.97998046875;6032.3798828125;6032.3798828125;2444420000
2026-09-04;S&P 500;2024-12-02;6040.10986328125;6053.580078125;6035.330078125;6047.14990234375;6047.14990234375;4412470000
2026-09-04;S&P 500;2024-12-03;6042.97021484375;6052.06982421875;6033.39013671875;6049.8798828125;6049.8798828125;4095000000
2026-09-04;S&P 500;2024-12-04;6069.39013671875;6089.83984375;6061.06005859375;6086.490234375;6086.490234375;4003390000
2026-09-04;S&P 500;2024-12-05;6089.02978515625;6094.5498046875;6072.89990234375;6075.10986328125;6075.10986328125;4212020000
2026-09-04;S&P 500;2024-12-06;6081.3798828125;6099.97021484375;6079.97998046875;6090.27001953125;6090.27001953125;3924830000
2026-09-04;S&P 500;2024-12-09;6083.009765625;6088.509765625;6048.6298828125;6052.85009765625;6052.85009765625;4556460000
2026-09-04;S&P 500;2024-12-10;6057.58984375;6065.39990234375;6029.89013671875;6034.91015625;6034.91015625;4048410000
2026-09-04;S&P 500;2024-12-11;6060.14990234375;6092.58984375;6060.14990234375;6084.18994140625;6084.18994140625;4269950000
2026-09-04;S&P 500;2024-12-12;6074.2900390625;6079.68017578125;6051.25;6051.25;6051.25;3678010000
2026-09-04;S&P 500;2024-12-13;6068.169921875;6078.580078125;6035.77001953125;6051.08984375;6051.08984375;3584960000
2026-09-04;S&P 500;2024-12-16;6063.7900390625;6085.18994140625;6059.14013671875;6074.080078125;6074.080078125;4391100000
2026-09-04;S&P 500;2024-12-17;6052.5498046875;6057.68017578125;6035.18994140625;6050.60986328125;6050.60986328125;4544500000
2026-09-04;S&P 500;2024-12-18;6047.64990234375;6070.669921875;5867.7900390625;5872.16015625;5872.16015625;5246960000
2026-09-04;S&P 500;2024-12-19;5912.7099609375;5935.52001953125;5866.06982421875;5867.080078125;5867.080078125;4896880000
2026-09-04;S&P 500;2024-12-20;5842.0;5982.06005859375;5832.2998046875;5930.85009765625;5930.85009765625;8223220000
2026-09-04;S&P 500;2024-12-23;5940.25;5978.25;5902.56982421875;5974.06982421875;5974.06982421875;3593280000
2026-09-04;S&P 500;2024-12-24;5984.6298828125;6040.10009765625;5981.43994140625;6040.0400390625;6040.0400390625;1757720000
2026-09-04;S&P 500;2024-12-26;6024.97021484375;6049.75;6007.3701171875;6037.58984375;6037.58984375;2904530000
2026-09-04;S&P 500;2024-12-27;6006.169921875;6006.169921875;5932.9501953125;5970.83984375;5970.83984375;3159610000
2026-09-04;S&P 500;2024-12-30;5920.669921875;5940.7900390625;5869.16015625;5906.93994140625;5906.93994140625;3433250000
2026-09-04;S&P 500;2024-12-31;5919.740234375;5929.740234375;5868.85986328125;5881.6298828125;5881.6298828125;3128350000
2026-09-04;S&P 500;2025-01-02;5903.259765625;5935.08984375;5829.52978515625;5868.5498046875;5868.5498046875;3621680000
2026-09-04;S&P 500;2025-01-03;5891.06982421875;5949.33984375;5888.66015625;5942.47021484375;5942.47021484375;3667340000
2026-09-04;S&P 500;2025-01-06;5982.81005859375;6021.0400390625;5960.009765625;5975.3798828125;5975.3798828125;4940120000
2026-09-04;S&P 500;2025-01-07;5993.259765625;6000.68017578125;5890.68017578125;5909.02978515625;5909.02978515625;4517330000
2026-09-04;S&P 500;2025-01-08;5910.66015625;5927.89013671875;5874.77978515625;5918.25;5918.25;4441740000
2026-09-04;S&P 500;2025-01-10;5890.35009765625;5890.35009765625;5807.77978515625;5827.0400390625;5827.0400390625;4751930000
2026-09-04;S&P 500;2025-01-13;5782.02001953125;5838.60986328125;5773.31005859375;5836.22021484375;5836.22021484375;4421200000
2026-09-04;S&P 500;2025-01-14;5859.27001953125;5871.919921875;5805.419921875;5842.91015625;5842.91015625;4142280000
2026-09-04;S&P 500;2025-01-15;5905.2099609375;5960.60986328125;5905.2099609375;5949.91015625;5949.91015625;4544570000
2026-09-04;S&P 500;2025-01-16;5963.60986328125;5964.68994140625;5930.72021484375;5937.33984375;5937.33984375;4285810000
2026-09-04;S&P 500;2025-01-17;5995.39990234375;6014.9599609375;5978.43994140625;5996.66015625;5996.66015625;4366830000
2026-09-04;S&P 500;2025-01-21;6014.1201171875;6051.509765625;6006.8798828125;6049.240234375;6049.240234375;4702920000
2026-09-04;S&P 500;2025-01-22;6081.39013671875;6100.81005859375;6076.1298828125;6086.3701171875;6086.3701171875;4323040000
2026-09-04;S&P 500;2025-01-23;6076.31982421875;6118.72998046875;6074.669921875;6118.7099609375;6118.7099609375;4432250000
2026-09-04;S&P 500;2025-01-24;6121.43017578125;6128.18017578125;6088.740234375;6101.240234375;6101.240234375;4214250000
2026-09-04;S&P 500;2025-01-27;5969.0400390625;6017.169921875;5962.919921875;6012.27978515625;6012.27978515625;5198750000
2026-09-04;S&P 500;2025-01-28;6026.97021484375;6074.5400390625;5994.6298828125;6067.7001953125;6067.7001953125;4473640000
2026-09-04;S&P 500;2025-01-29;6057.7001953125;6062.830078125;6012.9599609375;6039.31005859375;6039.31005859375;4115310000
2026-09-04;S&P 500;2025-01-30;6050.75;6086.64013671875;6027.4599609375;6071.169921875;6071.169921875;4634620000
2026-09-04;S&P 500;2025-01-31;6096.7900390625;6120.91015625;6030.93017578125;6040.52978515625;6040.52978515625;4843770000
2026-09-04;S&P 500;2025-02-03;5969.64990234375;6022.1298828125;5923.93017578125;5994.56982421875;5994.56982421875;4797210000
2026-09-04;S&P 500;2025-02-04;5998.14013671875;6042.47998046875;5990.8701171875;6037.8798828125;6037.8798828125;4410160000
2026-09-04;S&P 500;2025-02-05;6020.4501953125;6062.85986328125;6007.06005859375;6061.47998046875;6061.47998046875;4756250000
2026-09-04;S&P 500;2025-02-06;6072.22021484375;6084.02978515625;6046.830078125;6083.56982421875;6083.56982421875;4847120000
2026-09-04;S&P 500;2025-02-07;6083.1298828125;6101.27978515625;6019.9599609375;6025.990234375;6025.990234375;4766900000
2026-09-04;S&P 500;2025-02-10;6046.39990234375;6073.3798828125;6044.83984375;6066.43994140625;6066.43994140625;4458760000
2026-09-04;S&P 500;2025-02-11;6049.31982421875;6076.27978515625;6042.33984375;6068.5;6068.5;4324880000
2026-09-04;S&P 500;2025-02-12;6025.080078125;6063.0;6003.0;6051.97021484375;6051.97021484375;4627960000
2026-09-04;S&P 500;2025-02-13;6060.58984375;6116.91015625;6050.9501953125;6115.06982421875;6115.06982421875;4763800000
2026-09-04;S&P 500;2025-02-14;6115.52001953125;6127.47021484375;6107.6201171875;6114.6298828125;6114.6298828125;4335190000
2026-09-04;S&P 500;2025-02-18;6121.60009765625;6129.6298828125;6099.509765625;6129.580078125;6129.580078125;4684980000
2026-09-04;S&P 500;2025-02-19;6117.759765625;6147.43017578125;6111.14990234375;6144.14990234375;6144.14990234375;4562330000
2026-09-04;S&P 500;2025-02-20;6134.5;6134.5;6084.58984375;6117.52001953125;6117.52001953125;4813690000
2026-09-04;S&P 500;2025-02-21;6114.10009765625;6114.81982421875;6008.56005859375;6013.1298828125;6013.1298828125;5434560000
2026-09-04;S&P 500;2025-02-24;6026.68994140625;6043.64990234375;5977.830078125;5983.25;5983.25;4990120000
2026-09-04;S&P 500;2025-02-25;5982.72998046875;5992.64990234375;5908.490234375;5955.25;5955.25;5374690000
2026-09-04;S&P 500;2025-02-26;5970.8701171875;6009.81982421875;5932.68994140625;5956.06005859375;5956.06005859375;4869580000
2026-09-04;S&P 500;2025-02-27;5981.8798828125;5993.68994140625;5858.77978515625;5861.56982421875;5861.56982421875;5057680000
2026-09-04;S&P 500;2025-02-28;5856.740234375;5959.39990234375;5837.66015625;5954.5;5954.5;6441140000
2026-09-04;S&P 500;2025-03-03;5968.330078125;5986.08984375;5810.91015625;5849.72021484375;5849.72021484375;5613850000
2026-09-04;S&P 500;2025-03-04;5811.97998046875;5865.080078125;5732.58984375;5778.14990234375;5778.14990234375;6138110000
2026-09-04;S&P 500;2025-03-05;5781.35986328125;5860.58984375;5742.35009765625;5842.6298828125;5842.6298828125;5285970000
2026-09-04;S&P 500;2025-03-06;5785.8701171875;5812.080078125;5711.64013671875;5738.52001953125;5738.52001953125;5165080000
2026-09-04;S&P 500;2025-03-07;5726.009765625;5783.009765625;5666.2900390625;5770.2001953125;5770.2001953125;5705140000
2026-09-04;S&P 500;2025-03-10;5705.3701171875;5705.3701171875;5564.02001953125;5614.56005859375;5614.56005859375;6409370000
2026-09-04;S&P 500;2025-03-11;5603.64990234375;5636.2998046875;5528.41015625;5572.06982421875;5572.06982421875;6221240000
2026-09-04;S&P 500;2025-03-12;5624.83984375;5642.18994140625;5546.08984375;5599.2998046875;5599.2998046875;5219830000
2026-09-04;S&P 500;2025-03-13;5594.4501953125;5597.77978515625;5504.64990234375;5521.52001953125;5521.52001953125;5018980000
2026-09-04;S&P 500;2025-03-14;5563.85009765625;5645.27001953125;5563.85009765625;5638.93994140625;5638.93994140625;4863180000
2026-09-04;S&P 500;2025-03-17;5635.60009765625;5703.52001953125;5631.1201171875;5675.1201171875;5675.1201171875;5031770000
2026-09-04;S&P 500;2025-03-18;5654.52978515625;5654.52978515625;5597.759765625;5614.66015625;5614.66015625;4666270000
2026-09-04;S&P 500;2025-03-19;5632.3701171875;5715.330078125;5622.2001953125;5675.2900390625;5675.2900390625;4660090000
2026-09-04;S&P 500;2025-03-20;5646.919921875;5711.14990234375;5632.330078125;5662.89013671875;5662.89013671875;4678420000
2026-09-04;S&P 500;2025-03-21;5630.72998046875;5670.83984375;5603.10009765625;5667.56005859375;5667.56005859375;9367460000
2026-09-04;S&P 500;2025-03-24;5718.080078125;5775.14013671875;5718.080078125;5767.56982421875;5767.56982421875;4517990000
2026-09-04;S&P 500;2025-03-25;5775.9599609375;5786.9501953125;5760.419921875;5776.64990234375;5776.64990234375;4467340000
2026-09-04;S&P 500;2025-03-26;5771.66015625;5783.6201171875;5694.41015625;5712.2001953125;5712.2001953125;4183140000
2026-09-04;S&P 500;2025-03-27;5695.64013671875;5732.27978515625;5670.93994140625;5693.31005859375;5693.31005859375;4403460000
2026-09-04;S&P 500;2025-03-28;5679.2001953125;5685.89013671875;5572.419921875;5580.93994140625;5580.93994140625;4513330000
2026-09-04;S&P 500;2025-03-31;5527.91015625;5627.56005859375;5488.72998046875;5611.85009765625;5611.85009765625;5257250000
2026-09-04;S&P 500;2025-04-01;5597.52978515625;5650.56982421875;5558.52001953125;5633.06982421875;5633.06982421875;4434500000
2026-09-04;S&P 500;2025-04-02;5580.759765625;5695.31005859375;5571.47998046875;5670.97021484375;5670.97021484375;4243830000
2026-09-04;S&P 500;2025-04-03;5492.740234375;5499.52978515625;5390.830078125;5396.52001953125;5396.52001953125;7210470000
2026-09-04;S&P 500;2025-04-04;5292.14013671875;5292.14013671875;5069.89990234375;5074.080078125;5074.080078125;8853500000
2026-09-04;S&P 500;2025-04-07;4953.7900390625;5246.56982421875;4835.0400390625;5062.25;5062.25;8691980000
2026-09-04;S&P 500;2025-04-08;5193.56982421875;5267.47021484375;4910.419921875;4982.77001953125;4982.77001953125;7408140000
2026-09-04;S&P 500;2025-04-09;4965.27978515625;5481.33984375;4948.43017578125;5456.89990234375;5456.89990234375;9489600000
2026-09-04;S&P 500;2025-04-10;5353.14990234375;5353.14990234375;5115.27001953125;5268.0498046875;5268.0498046875;6677140000
2026-09-04;S&P 500;2025-04-11;5255.56005859375;5381.4599609375;5220.77001953125;5363.35986328125;5363.35986328125;5602550000
2026-09-04;S&P 500;2025-04-14;5441.9599609375;5459.4599609375;5358.02001953125;5405.97021484375;5405.97021484375;5031440000
2026-09-04;S&P 500;2025-04-15;5411.990234375;5450.41015625;5386.43994140625;5396.6298828125;5396.6298828125;4317110000
2026-09-04;S&P 500;2025-04-16;5335.75;5367.240234375;5220.7900390625;5275.7001953125;5275.7001953125;4607750000
2026-09-04;S&P 500;2025-04-17;5305.4501953125;5328.31005859375;5255.580078125;5282.7001953125;5282.7001953125;4714880000
2026-09-04;S&P 500;2025-04-21;5232.93994140625;5232.93994140625;5101.6298828125;5158.2001953125;5158.2001953125;4226340000
2026-09-04;S&P 500;2025-04-22;5207.669921875;5309.60986328125;5207.669921875;5287.759765625;5287.759765625;4666950000
2026-09-04;S&P 500;2025-04-23;5395.919921875;5469.68994140625;5356.169921875;5375.85986328125;5375.85986328125;5371390000
2026-09-04;S&P 500;2025-04-24;5381.3798828125;5489.39990234375;5371.9599609375;5484.77001953125;5484.77001953125;4697710000
2026-09-04;S&P 500;2025-04-25;5489.72998046875;5528.10986328125;5455.85986328125;5525.2099609375;5525.2099609375;4236580000
2026-09-04;S&P 500;2025-04-28;5529.22021484375;5553.66015625;5468.64013671875;5528.75;5528.75;4257880000
2026-09-04;S&P 500;2025-04-29;5508.8701171875;5571.9501953125;5505.7001953125;5560.830078125;5560.830078125;4747150000
2026-09-04;S&P 500;2025-04-30;5499.43994140625;5581.83984375;5433.240234375;5569.06005859375;5569.06005859375;5449490000
2026-09-04;S&P 500;2025-05-01;5625.14013671875;5658.91015625;5597.35009765625;5604.14013671875;5604.14013671875;4935270000
2026-09-04;S&P 500;2025-05-02;5645.8798828125;5700.7001953125;5642.27978515625;5686.669921875;5686.669921875;4854380000
2026-09-04;S&P 500;2025-05-05;5655.31982421875;5683.3798828125;5634.47998046875;5650.3798828125;5650.3798828125;4358260000
2026-09-04;S&P 500;2025-05-06;5605.8701171875;5649.580078125;5586.0400390625;5606.91015625;5606.91015625;4717260000
2026-09-04;S&P 500;2025-05-07;5614.18017578125;5654.72998046875;5578.64013671875;5631.27978515625;5631.27978515625;4987440000
2026-09-04;S&P 500;2025-05-08;5663.60009765625;5720.10009765625;5635.3798828125;5663.93994140625;5663.93994140625;5627400000
2026-09-04;S&P 500;2025-05-09;5679.64990234375;5691.68994140625;5644.14990234375;5659.91015625;5659.91015625;4645090000
2026-09-04;S&P 500;2025-05-12;5807.2001953125;5845.3701171875;5786.080078125;5844.18994140625;5844.18994140625;6014580000
2026-09-04;S&P 500;2025-05-13;5854.14990234375;5906.64013671875;5845.02001953125;5886.5498046875;5886.5498046875;5516290000
2026-09-04;S&P 500;2025-05-14;5896.740234375;5906.5498046875;5872.10986328125;5892.580078125;5892.580078125;5233450000
2026-09-04;S&P 500;2025-05-15;5869.81982421875;5924.2099609375;5865.16015625;5916.93017578125;5916.93017578125;4991290000
2026-09-04;S&P 500;2025-05-16;5929.08984375;5958.6201171875;5907.35986328125;5958.3798828125;5958.3798828125;4850850000
2026-09-04;S&P 500;2025-05-19;5902.8798828125;5968.60986328125;5895.68994140625;5963.60009765625;5963.60009765625;4144010000
2026-09-04;S&P 500;2025-05-20;5944.66015625;5953.06005859375;5909.259765625;5940.4599609375;5940.4599609375;4416850000
2026-09-04;S&P 500;2025-05-21;5910.18017578125;5938.3701171875;5830.91015625;5844.60986328125;5844.60986328125;5254250000
2026-09-04;S&P 500;2025-05-22;5841.259765625;5878.080078125;5825.81982421875;5842.009765625;5842.009765625;5157050000
2026-09-04;S&P 500;2025-05-23;5781.89013671875;5829.509765625;5767.41015625;5802.81982421875;5802.81982421875;4662820000
2026-09-04;S&P 500;2025-05-27;5854.06982421875;5924.330078125;5854.06982421875;5921.5400390625;5921.5400390625;5366380000
2026-09-04;S&P 500;2025-05-28;5925.5400390625;5939.919921875;5881.8798828125;5888.5498046875;5888.5498046875;4665050000
2026-09-04;S&P 500;2025-05-29;5939.9599609375;5943.1298828125;5873.7998046875;5912.169921875;5912.169921875;4569750000
2026-09-04;S&P 500;2025-05-30;5903.669921875;5922.14013671875;5843.66015625;5911.68994140625;5911.68994140625;6378540000
2026-09-04;S&P 500;2025-06-02;5896.68017578125;5937.39990234375;5861.43017578125;5935.93994140625;5935.93994140625;4832240000
2026-09-04;S&P 500;2025-06-03;5938.56005859375;5981.35009765625;5929.0;5970.3701171875;5970.3701171875;5026680000
2026-09-04;S&P 500;2025-06-04;5978.93994140625;5990.47998046875;5966.10986328125;5970.81005859375;5970.81005859375;4767050000
2026-09-04;S&P 500;2025-06-05;5985.669921875;5999.7001953125;5921.2001953125;5939.2998046875;5939.2998046875;5091850000
2026-09-04;S&P 500;2025-06-06;5987.06005859375;6016.8701171875;5978.6298828125;6000.35986328125;6000.35986328125;4355710000
2026-09-04;S&P 500;2025-06-09;6004.6298828125;6021.31005859375;5994.18017578125;6005.8798828125;6005.8798828125;4642360000
2026-09-04;S&P 500;2025-06-10;6009.91015625;6043.009765625;6000.27978515625;6038.81005859375;6038.81005859375;4882880000
2026-09-04;S&P 500;2025-06-11;6049.3798828125;6059.39990234375;6002.31982421875;6022.240234375;6022.240234375;5111550000
2026-09-04;S&P 500;2025-06-12;6009.89990234375;6045.43017578125;6003.8798828125;6045.259765625;6045.259765625;4669500000
2026-09-04;S&P 500;2025-06-13;6000.56005859375;6026.16015625;5963.2099609375;5976.97021484375;5976.97021484375;5258910000
2026-09-04;S&P 500;2025-06-16;6004.0;6050.830078125;6004.0;6033.10986328125;6033.10986328125;5111710000
2026-09-04;S&P 500;2025-06-17;6012.14990234375;6023.25;5974.7998046875;5982.72021484375;5982.72021484375;4955700000
2026-09-04;S&P 500;2025-06-18;5987.93017578125;6018.25;5971.89013671875;5980.8701171875;5980.8701171875;5106470000
2026-09-04;S&P 500;2025-06-20;5999.669921875;6018.2001953125;5952.56005859375;5967.83984375;5967.83984375;7451500000
2026-09-04;S&P 500;2025-06-23;5969.669921875;6028.77001953125;5943.22998046875;6025.169921875;6025.169921875;5597000000
2026-09-04;S&P 500;2025-06-24;6061.2099609375;6101.759765625;6059.25;6092.18017578125;6092.18017578125;5443690000
2026-09-04;S&P 500;2025-06-25;6104.22998046875;6108.509765625;6080.08984375;6092.16015625;6092.16015625;5171110000
2026-09-04;S&P 500;2025-06-26;6112.08984375;6146.52001953125;6107.27001953125;6141.02001953125;6141.02001953125;5308140000
2026-09-04;S&P 500;2025-06-27;6150.7001953125;6187.68017578125;6132.35009765625;6173.06982421875;6173.06982421875;7889350000
2026-09-04;S&P 500;2025-06-30;6193.35986328125;6215.080078125;6174.97021484375;6204.9501953125;6204.9501953125;5782900000
2026-09-04;S&P 500;2025-07-01;6187.25;6210.77978515625;6177.97021484375;6198.009765625;6198.009765625;6275310000
2026-09-04;S&P 500;2025-07-02;6193.8798828125;6227.60009765625;6188.2900390625;6227.419921875;6227.419921875;5645710000
2026-09-04;S&P 500;2025-07-03;6246.4599609375;6284.64990234375;6246.4599609375;6279.35009765625;6279.35009765625;3378110000
2026-09-04;S&P 500;2025-07-07;6259.0400390625;6262.06982421875;6201.0;6229.97998046875;6229.97998046875;5236740000
2026-09-04;S&P 500;2025-07-08;6234.02978515625;6242.7001953125;6217.75;6225.52001953125;6225.52001953125;5739030000
2026-09-04;S&P 500;2025-07-09;6243.330078125;6269.16015625;6231.43017578125;6263.259765625;6263.259765625;4813340000
2026-09-04;S&P 500;2025-07-10;6266.7998046875;6290.22021484375;6251.43994140625;6280.4599609375;6280.4599609375;5367350000
2026-09-04;S&P 500;2025-07-11;6255.68017578125;6269.43994140625;6237.60009765625;6259.75;6259.75;4656210000
2026-09-04;S&P 500;2025-07-14;6255.14990234375;6273.31005859375;6239.22021484375;6268.56005859375;6268.56005859375;4722250000
2026-09-04;S&P 500;2025-07-15;6295.2900390625;6302.0400390625;6241.68017578125;6243.759765625;6243.759765625;5133670000
2026-09-04;S&P 500;2025-07-16;6254.5;6268.1201171875;6201.58984375;6263.7001953125;6263.7001953125;5177460000
2026-09-04;S&P 500;2025-07-17;6263.39990234375;6304.68994140625;6262.27001953125;6297.35986328125;6297.35986328125;5512290000
2026-09-04;S&P 500;2025-07-18;6312.9501953125;6315.60986328125;6285.27001953125;6296.7900390625;6296.7900390625;5184700000
2026-09-04;S&P 500;2025-07-21;6304.740234375;6336.080078125;6303.7900390625;6305.60009765625;6305.60009765625;5010840000
2026-09-04;S&P 500;2025-07-22;6306.60009765625;6316.1201171875;6281.7099609375;6309.6201171875;6309.6201171875;5662040000
2026-09-04;S&P 500;2025-07-23;6326.89990234375;6360.64013671875;6317.490234375;6358.91015625;6358.91015625;5642510000
2026-09-04;S&P 500;2025-07-24;6368.60009765625;6381.31005859375;6360.56982421875;6363.35009765625;6363.35009765625;5282720000
2026-09-04;S&P 500;2025-07-25;6370.009765625;6395.81982421875;6368.52978515625;6388.64013671875;6388.64013671875;4470720000
2026-09-04;S&P 500;2025-07-28;6397.68994140625;6401.06982421875;6375.7900390625;6389.77001953125;6389.77001953125;4565620000
2026-09-04;S&P 500;2025-07-29;6405.6201171875;6409.259765625;6363.919921875;6370.85986328125;6370.85986328125;5076120000
2026-09-04;S&P 500;2025-07-30;6381.22998046875;6396.5400390625;6336.3798828125;6362.89990234375;6362.89990234375;5375070000
2026-09-04;S&P 500;2025-07-31;6427.02001953125;6427.02001953125;6327.64013671875;6339.39013671875;6339.39013671875;6077080000
2026-09-04;S&P 500;2025-08-01;6287.27978515625;6287.27978515625;6212.68994140625;6238.009765625;6238.009765625;5827150000
2026-09-04;S&P 500;2025-08-04;6271.7099609375;6330.68994140625;6271.7099609375;6329.93994140625;6329.93994140625;4842580000
2026-09-04;S&P 500;2025-08-05;6336.6298828125;6346.0;6289.3701171875;6299.18994140625;6299.18994140625;5517410000
2026-09-04;S&P 500;2025-08-06;6309.2998046875;6352.830078125;6301.10986328125;6345.06005859375;6345.06005859375;5408560000
2026-09-04;S&P 500;2025-08-07;6374.31982421875;6389.7099609375;6310.31982421875;6340.0;6340.0;5306090000
2026-09-04;S&P 500;2025-08-08;6355.22021484375;6395.16015625;6355.22021484375;6389.4501953125;6389.4501953125;4769910000
2026-09-04;S&P 500;2025-08-11;6389.669921875;6407.25;6364.06005859375;6373.4501953125;6373.4501953125;4652400000
2026-09-04;S&P 500;2025-08-12;6395.169921875;6446.5498046875;6385.759765625;6445.759765625;6445.759765625;5135300000
2026-09-04;S&P 500;2025-08-13;6462.669921875;6480.27978515625;6445.02001953125;6466.580078125;6466.580078125;5195950000
2026-09-04;S&P 500;2025-08-14;6453.4599609375;6473.919921875;6441.06982421875;6468.5400390625;6468.5400390625;4462050000
2026-09-04;S&P 500;2025-08-15;6477.3798828125;6481.33984375;6441.85009765625;6449.7998046875;6449.7998046875;4575060000
2026-09-04;S&P 500;2025-08-18;6445.02001953125;6455.35009765625;6437.7001953125;6449.14990234375;6449.14990234375;4162290000
2026-09-04;S&P 500;2025-08-19;6446.240234375;6456.47998046875;6400.22021484375;6411.3701171875;6411.3701171875;4377440000
2026-09-04;S&P 500;2025-08-20;6406.6201171875;6408.39990234375;6343.85986328125;6395.77978515625;6395.77978515625;4470390000
2026-09-04;S&P 500;2025-08-21;6380.830078125;6393.64990234375;6352.7099609375;6370.169921875;6370.169921875;4013560000
2026-09-04;S&P 500;2025-08-22;6384.58984375;6478.89013671875;6384.58984375;6466.91015625;6466.91015625;5046860000
2026-09-04;S&P 500;2025-08-25;6457.669921875;6466.89013671875;6438.06005859375;6439.31982421875;6439.31982421875;4059070000
2026-09-04;S&P 500;2025-08-26;6435.490234375;6468.3701171875;6429.2099609375;6465.93994140625;6465.93994140625;4867680000
2026-09-04;S&P 500;2025-08-27;6462.259765625;6487.06005859375;6457.83984375;6481.39990234375;6481.39990234375;4143680000
2026-09-04;S&P 500;2025-08-28;6483.83984375;6508.22998046875;6466.9599609375;6501.85986328125;6501.85986328125;4283760000
2026-09-04;S&P 500;2025-08-29;6489.27978515625;6491.759765625;6444.56982421875;6460.259765625;6460.259765625;4234840000
2026-09-04;S&P 500;2025-09-02;6401.509765625;6416.5400390625;6360.580078125;6415.5400390625;6415.5400390625;4784000000
2026-09-04;S&P 500;2025-09-03;6445.81982421875;6453.669921875;6416.169921875;6448.259765625;6448.259765625;4465360000
2026-09-04;S&P 500;2025-09-04;6456.60009765625;6502.5400390625;6445.97998046875;6502.080078125;6502.080078125;4670770000
2026-09-04;S&P 500;2025-09-05;6529.080078125;6532.64990234375;6443.97998046875;6481.5;6481.5;5066120000
2026-09-04;S&P 500;2025-09-08;6498.08984375;6508.669921875;6483.2900390625;6495.14990234375;6495.14990234375;5211500000
2026-09-04;S&P 500;2025-09-09;6503.330078125;6518.22998046875;6483.080078125;6512.60986328125;6512.60986328125;4798350000
2026-09-04;S&P 500;2025-09-10;6550.2900390625;6555.97021484375;6516.33984375;6532.0400390625;6532.0400390625;5253010000
2026-09-04;S&P 500;2025-09-11;6554.41015625;6592.89013671875;6545.7998046875;6587.47021484375;6587.47021484375;5426460000
2026-09-04;S&P 500;2025-09-12;6590.66015625;6600.2099609375;6579.490234375;6584.2900390625;6584.2900390625;4641640000
2026-09-04;S&P 500;2025-09-15;6603.490234375;6619.6201171875;6602.06982421875;6615.27978515625;6615.27978515625;5045020000
2026-09-04;S&P 500;2025-09-16;6624.1298828125;6626.990234375;6600.10986328125;6606.759765625;6606.759765625;5359510000
2026-09-04;S&P 500;2025-09-17;6604.8701171875;6624.39013671875;6551.14990234375;6600.35009765625;6600.35009765625;5805340000
2026-09-04;S&P 500;2025-09-18;6626.85009765625;6656.7998046875;6611.89013671875;6631.9599609375;6631.9599609375;5292400000
2026-09-04;S&P 500;2025-09-19;6647.10986328125;6671.81982421875;6630.31005859375;6664.35986328125;6664.35986328125;9125960000
2026-09-04;S&P 500;2025-09-22;6654.27978515625;6698.8798828125;6648.06982421875;6693.75;6693.75;5642620000
2026-09-04;S&P 500;2025-09-23;6692.43994140625;6699.52001953125;6645.580078125;6656.919921875;6656.919921875;5633620000
2026-09-04;S&P 500;2025-09-24;6669.7900390625;6672.66015625;6621.759765625;6637.97021484375;6637.97021484375;5459180000
2026-09-04;S&P 500;2025-09-25;6608.18994140625;6619.0;6569.22021484375;6604.72021484375;6604.72021484375;5874670000
2026-09-04;S&P 500;2025-09-26;6615.3798828125;6648.97021484375;6604.43017578125;6643.7001953125;6643.7001953125;5103110000
2026-09-04;S&P 500;2025-09-29;6661.580078125;6677.31005859375;6644.490234375;6661.2099609375;6661.2099609375;5358760000
2026-09-04;S&P 500;2025-09-30;6656.18994140625;6691.25;6641.0;6688.4599609375;6688.4599609375;6057210000
2026-09-04;S&P 500;2025-10-01;6664.919921875;6718.47998046875;6656.2001953125;6711.2001953125;6711.2001953125;6037950000
2026-09-04;S&P 500;2025-10-02;6731.31005859375;6731.93994140625;6693.22998046875;6715.35009765625;6715.35009765625;5416130000
2026-09-04;S&P 500;2025-10-03;6722.14013671875;6750.8701171875;6705.669921875;6715.7900390625;6715.7900390625;5713110000
2026-09-04;S&P 500;2025-10-06;6733.85986328125;6749.52001953125;6717.77978515625;6740.27978515625;6740.27978515625;5604460000
2026-09-04;S&P 500;2025-10-07;6746.14013671875;6754.490234375;6699.9599609375;6714.58984375;6714.58984375;5546150000
2026-09-04;S&P 500;2025-10-08;6723.8701171875;6755.64013671875;6718.08984375;6753.72021484375;6753.72021484375;5383130000
2026-09-04;S&P 500;2025-10-09;6760.5;6764.580078125;6716.169921875;6735.10986328125;6735.10986328125;5385020000
2026-09-04;S&P 500;2025-10-10;6740.490234375;6762.39990234375;6550.77978515625;6552.509765625;6552.509765625;6596610000
2026-09-04;S&P 500;2025-10-13;6622.52978515625;6668.68017578125;6620.7099609375;6654.72021484375;6654.72021484375;5303960000
2026-09-04;S&P 500;2025-10-14;6602.490234375;6680.7001953125;6555.06982421875;6644.31005859375;6644.31005859375;5666920000
2026-09-04;S&P 500;2025-10-15;6688.27001953125;6724.1201171875;6612.10986328125;6671.06005859375;6671.06005859375;5633060000
2026-09-04;S&P 500;2025-10-16;6689.02001953125;6709.33984375;6593.990234375;6629.06982421875;6629.06982421875;6048180000
2026-09-04;S&P 500;2025-10-17;6613.27001953125;6678.8798828125;6603.759765625;6664.009765625;6664.009765625;5358120000
2026-09-04;S&P 500;2025-10-20;6690.0498046875;6744.35009765625;6690.0498046875;6735.1298828125;6735.1298828125;4672170000
2026-09-04;S&P 500;2025-10-21;6736.75;6752.16015625;6722.02978515625;6735.35009765625;6735.35009765625;5245020000
2026-09-04;S&P 500;2025-10-22;6741.33984375;6741.75;6655.68994140625;6699.39990234375;6699.39990234375;5710010000
2026-09-04;S&P 500;2025-10-23;6703.64990234375;6749.52978515625;6700.14013671875;6738.43994140625;6738.43994140625;5565750000
2026-09-04;S&P 500;2025-10-24;6772.06982421875;6807.10986328125;6772.06982421875;6791.68994140625;6791.68994140625;5058220000
2026-09-04;S&P 500;2025-10-27;6845.4599609375;6877.27978515625;6843.93994140625;6875.16015625;6875.16015625;5290650000
2026-09-04;S&P 500;2025-10-28;6897.740234375;6911.2998046875;6870.72998046875;6890.89013671875;6890.89013671875;5695930000
2026-09-04;S&P 500;2025-10-29;6910.9501953125;6920.33984375;6851.91015625;6890.58984375;6890.58984375;6280130000
2026-09-04;S&P 500;2025-10-30;6860.5;6880.75;6820.68994140625;6822.33984375;6822.33984375;6052700000
2026-09-04;S&P 500;2025-10-31;6879.169921875;6879.169921875;6814.259765625;6840.2001953125;6840.2001953125;6398280000
2026-09-04;S&P 500;2025-11-03;6882.31982421875;6882.31982421875;6820.6201171875;6851.97021484375;6851.97021484375;6065720000
2026-09-04;S&P 500;2025-11-04;6788.52001953125;6820.2099609375;6766.7099609375;6771.5498046875;6771.5498046875;5739510000
2026-09-04;S&P 500;2025-11-05;6769.77001953125;6829.77978515625;6763.10986328125;6796.2900390625;6796.2900390625;5939600000
2026-09-04;S&P 500;2025-11-06;6787.58984375;6796.68017578125;6707.509765625;6720.31982421875;6720.31982421875;6051900000
2026-09-04;S&P 500;2025-11-07;6696.18017578125;6730.10986328125;6631.43994140625;6728.7998046875;6728.7998046875;5926070000
2026-09-04;S&P 500;2025-11-10;6785.35986328125;6841.31982421875;6770.56005859375;6832.43017578125;6832.43017578125;5366050000
2026-09-04;S&P 500;2025-11-11;6815.64013671875;6855.1298828125;6806.8701171875;6846.60986328125;6846.60986328125;4983490000
2026-09-04;S&P 500;2025-11-12;6867.77001953125;6869.91015625;6829.6201171875;6850.919921875;6850.919921875;5293610000
2026-09-04;S&P 500;2025-11-13;6826.47021484375;6828.0498046875;6724.72021484375;6737.490234375;6737.490234375;5473720000
2026-09-04;S&P 500;2025-11-14;6672.14013671875;6774.31005859375;6646.8701171875;6734.10986328125;6734.10986328125;5042660000
2026-09-04;S&P 500;2025-11-17;6713.60986328125;6754.5;6638.89990234375;6672.41015625;6672.41015625;5204220000
2026-09-04;S&P 500;2025-11-18;6641.18994140625;6666.6298828125;6574.31982421875;6617.31982421875;6617.31982421875;5159390000
2026-09-04;S&P 500;2025-11-19;6625.83984375;6689.75;6603.5;6642.16015625;6642.16015625;5021610000
2026-09-04;S&P 500;2025-11-20;6737.93017578125;6770.35009765625;6534.0498046875;6538.759765625;6538.759765625;5596080000
2026-09-04;S&P 500;2025-11-21;6555.77001953125;6660.0498046875;6521.919921875;6602.990234375;6602.990234375;5929930000
2026-09-04;S&P 500;2025-11-24;6636.5400390625;6715.75;6630.7001953125;6705.1201171875;6705.1201171875;6039740000
2026-09-04;S&P 500;2025-11-25;6697.02978515625;6776.39990234375;6659.97998046875;6765.8798828125;6765.8798828125;5003330000
2026-09-04;S&P 500;2025-11-26;6793.5498046875;6831.43994140625;6783.8701171875;6812.60986328125;6812.60986328125;4485000000
2026-09-04;S&P 500;2025-11-28;6822.52001953125;6850.85986328125;6819.75;6849.08984375;6849.08984375;2558540000
2026-09-04;S&P 500;2025-12-01;6812.2998046875;6843.64990234375;6799.93994140625;6812.6298828125;6812.6298828125;4549370000
2026-09-04;S&P 500;2025-12-02;6830.9599609375;6851.5498046875;6806.7099609375;6829.3701171875;6829.3701171875;4582290000
2026-09-04;S&P 500;2025-12-03;6815.2900390625;6862.419921875;6810.43017578125;6849.72021484375;6849.72021484375;4736780000
2026-09-04;S&P 500;2025-12-04;6866.47021484375;6866.47021484375;6827.1201171875;6857.1201171875;6857.1201171875;4872440000
2026-09-04;S&P 500;2025-12-05;6866.31982421875;6895.77978515625;6858.2900390625;6870.39990234375;6870.39990234375;4944560000
2026-09-04;S&P 500;2025-12-08;6875.2001953125;6878.27001953125;6827.18994140625;6846.509765625;6846.509765625;4757130000
2026-09-04;S&P 500;2025-12-09;6840.60986328125;6864.919921875;6837.43017578125;6840.509765625;6840.509765625;4508050000
2026-09-04;S&P 500;2025-12-10;6833.490234375;6900.669921875;6824.68994140625;6886.68017578125;6886.68017578125;5526570000
2026-09-04;S&P 500;2025-12-11;6861.2998046875;6903.4599609375;6833.4501953125;6901.0;6901.0;5021060000
2026-09-04;S&P 500;2025-12-12;6886.85009765625;6899.85009765625;6801.7900390625;6827.41015625;6827.41015625;4910160000
2026-09-04;S&P 500;2025-12-15;6860.18994140625;6861.58984375;6801.490234375;6816.509765625;6816.509765625;4975600000
2026-09-04;S&P 500;2025-12-16;6800.1201171875;6819.27001953125;6759.740234375;6800.259765625;6800.259765625;4983180000
2026-09-04;S&P 500;2025-12-17;6802.8798828125;6812.259765625;6720.43017578125;6721.43017578125;6721.43017578125;5122120000
2026-09-04;S&P 500;2025-12-18;6778.06005859375;6816.1298828125;6758.5;6774.759765625;6774.759765625;5101190000
2026-09-04;S&P 500;2025-12-19;6792.6201171875;6840.02001953125;6792.6201171875;6834.5;6834.5;8554470000
2026-09-04;S&P 500;2025-12-22;6865.2099609375;6882.02978515625;6855.740234375;6878.490234375;6878.490234375;4465030000
2026-09-04;S&P 500;2025-12-23;6872.41015625;6910.8798828125;6868.81005859375;6909.7900390625;6909.7900390625;3820560000
2026-09-04;S&P 500;2025-12-24;6904.91015625;6937.31982421875;6904.91015625;6932.0498046875;6932.0498046875;1798270000
2026-09-04;S&P 500;2025-12-26;6936.02001953125;6945.77001953125;6921.60009765625;6929.93994140625;6929.93994140625;2586550000
2026-09-04;S&P 500;2025-12-29;6903.60009765625;6920.2099609375;6888.759765625;6905.740234375;6905.740234375;3541750000
2026-09-04;S&P 500;2025-12-30;6900.43994140625;6913.25;6893.47021484375;6896.240234375;6896.240234375;3309930000
2026-09-04;S&P 500;2025-12-31;6898.81982421875;6901.419921875;6844.5498046875;6845.5;6845.5;3261830000
2026-09-04;S&P 500;2026-01-02;6878.10986328125;6894.8701171875;6824.31005859375;6858.47021484375;6858.47021484375;4184120000
2026-09-04;S&P 500;2026-01-05;6892.18994140625;6920.3798828125;6891.56005859375;6902.0498046875;6902.0498046875;5771930000
2026-09-04;S&P 500;2026-01-06;6908.02978515625;6948.68994140625;6904.02001953125;6944.81982421875;6944.81982421875;5509680000
2026-09-04;S&P 500;2026-01-07;6945.06982421875;6965.68994140625;6919.18994140625;6920.93017578125;6920.93017578125;5214480000
2026-09-04;S&P 500;2026-01-08;6914.10986328125;6931.27978515625;6899.330078125;6921.4599609375;6921.4599609375;5333200000
2026-09-04;S&P 500;2026-01-09;6927.830078125;6978.35986328125;6917.64013671875;6966.27978515625;6966.27978515625;5163900000
2026-09-04;S&P 500;2026-01-12;6944.1201171875;6986.330078125;6934.06982421875;6977.27001953125;6977.27001953125;5019040000
2026-09-04;S&P 500;2026-01-13;6977.41015625;6985.830078125;6938.77001953125;6963.740234375;6963.740234375;5091730000
2026-09-04;S&P 500;2026-01-14;6937.41015625;6941.2998046875;6885.740234375;6926.60009765625;6926.60009765625;5530830000
2026-09-04;S&P 500;2026-01-15;6969.4599609375;6979.33984375;6937.93017578125;6944.47021484375;6944.47021484375;5114050000
2026-09-04;S&P 500;2026-01-16;6960.5400390625;6967.2998046875;6925.08984375;6940.009765625;6940.009765625;5356550000
2026-09-04;S&P 500;2026-01-20;6865.240234375;6871.169921875;6789.0498046875;6796.85986328125;6796.85986328125;5769500000
2026-09-04;S&P 500;2026-01-21;6810.7099609375;6910.39013671875;6804.9599609375;6875.6201171875;6875.6201171875;5835520000
2026-09-04;S&P 500;2026-01-22;6914.43994140625;6934.75;6893.6201171875;6913.35009765625;6913.35009765625;5307580000
2026-09-04;S&P 500;2026-01-23;6907.85009765625;6932.9599609375;6895.5;6915.60986328125;6915.60986328125;4871930000
2026-09-04;S&P 500;2026-01-26;6923.22998046875;6964.66015625;6921.60009765625;6950.22998046875;6950.22998046875;4968050000
2026-09-04;S&P 500;2026-01-27;6965.9599609375;6988.81982421875;6958.830078125;6978.60009765625;6978.60009765625;5331720000
2026-09-04;S&P 500;2026-01-28;7002.0;7002.27978515625;6963.4599609375;6978.02978515625;6978.02978515625;5507670000
2026-09-04;S&P 500;2026-01-29;6977.740234375;6992.83984375;6870.7998046875;6969.009765625;6969.009765625;6877780000
2026-09-04;S&P 500;2026-01-30;6947.27001953125;6964.08984375;6893.47998046875;6939.02978515625;6939.02978515625;6697340000
2026-09-04;S&P 500;2026-02-02;6916.64013671875;6991.919921875;6914.33984375;6976.43994140625;6976.43994140625;5772050000
2026-09-04;S&P 500;2026-02-03;6985.4501953125;6993.080078125;6862.0498046875;6917.81005859375;6917.81005859375;7017660000
2026-09-04;S&P 500;2026-02-04;6924.5;6936.08984375;6838.7998046875;6882.72021484375;6882.72021484375;7475750000
2026-09-04;S&P 500;2026-02-05;6837.39013671875;6857.85009765625;6780.1298828125;6798.39990234375;6798.39990234375;6989120000
2026-09-04;S&P 500;2026-02-06;6816.740234375;6944.89013671875;6816.740234375;6932.2998046875;6932.2998046875;6283680000
2026-09-04;S&P 500;2026-02-09;6917.259765625;6980.10009765625;6905.8701171875;6964.81982421875;6964.81982421875;5650260000
2026-09-04;S&P 500;2026-02-10;6974.490234375;6986.830078125;6937.52978515625;6941.81005859375;6941.81005859375;5595950000
2026-09-04;S&P 500;2026-02-11;6976.47998046875;6993.47998046875;6911.97021484375;6941.47021484375;6941.47021484375;6175510000
2026-09-04;S&P 500;2026-02-12;6957.5400390625;6973.22021484375;6824.0400390625;6832.759765625;6832.759765625;7118700000
2026-09-04;S&P 500;2026-02-13;6834.27001953125;6881.9599609375;6794.5498046875;6836.169921875;6836.169921875;5718360000
2026-09-04;S&P 500;2026-02-17;6819.85986328125;6866.990234375;6775.5;6843.22021484375;6843.22021484375;5418480000
2026-09-04;S&P 500;2026-02-18;6855.47998046875;6909.1201171875;6849.66015625;6881.31005859375;6881.31005859375;5098160000
2026-09-04;S&P 500;2026-02-19;6861.33984375;6879.1201171875;6833.06005859375;6861.89013671875;6861.89013671875;5151690000
2026-09-04;S&P 500;2026-02-20;6843.259765625;6915.85986328125;6836.330078125;6909.509765625;6909.509765625;5432480000
2026-09-04;S&P 500;2026-02-23;6901.25;6916.9599609375;6819.81982421875;6837.75;6837.75;5638350000
2026-09-04;S&P 500;2026-02-24;6837.3701171875;6899.169921875;6815.43017578125;6890.06982421875;6890.06982421875;5266090000
2026-09-04;S&P 500;2026-02-25;6915.14990234375;6952.509765625;6915.14990234375;6946.1298828125;6946.1298828125;5328060000
2026-09-04;S&P 500;2026-02-26;6944.740234375;6947.25;6859.72998046875;6908.85986328125;6908.85986328125;5889550000
2026-09-04;S&P 500;2026-02-27;6856.5400390625;6882.9599609375;6831.740234375;6878.8798828125;6878.8798828125;6665660000
2026-09-04;S&P 500;2026-03-02;6824.35986328125;6901.009765625;6796.85009765625;6881.6201171875;6881.6201171875;6079080000
2026-09-04;S&P 500;2026-03-03;6800.259765625;6840.0498046875;6710.419921875;6816.6298828125;6816.6298828125;6442080000
2026-09-04;S&P 500;2026-03-04;6831.68994140625;6885.93994140625;6811.64013671875;6869.5;6869.5;5252170000
2026-09-04;S&P 500;2026-03-05;6851.080078125;6870.43017578125;6770.77978515625;6830.7099609375;6830.7099609375;5989300000
2026-09-04;S&P 500;2026-03-06;6769.02978515625;6773.419921875;6711.56005859375;6740.02001953125;6740.02001953125;5793120000
2026-09-04;S&P 500;2026-03-09;6699.7998046875;6810.43994140625;6636.0400390625;6795.990234375;6795.990234375;6709410000
2026-09-04;S&P 500;2026-03-10;6796.56005859375;6845.080078125;6759.740234375;6781.47998046875;6781.47998046875;5944950000
2026-09-04;S&P 500;2026-03-11;6790.08984375;6811.14990234375;6745.58984375;6775.7998046875;6775.7998046875;5511090000
2026-09-04;S&P 500;2026-03-12;6740.8798828125;6740.8798828125;6670.39990234375;6672.6201171875;6672.6201171875;6292170000
2026-09-04;S&P 500;2026-03-13;6673.490234375;6733.2998046875;6623.919921875;6632.18994140625;6632.18994140625;5337120000
2026-09-04;S&P 500;2026-03-16;6674.3701171875;6729.7900390625;6674.3701171875;6699.3798828125;6699.3798828125;5176290000
2026-09-04;S&P 500;2026-03-17;6722.35009765625;6754.2998046875;6710.7998046875;6716.08984375;6716.08984375;5063390000
2026-09-04;S&P 500;2026-03-18;6697.16015625;6705.18017578125;6621.66015625;6624.7001953125;6624.7001953125;5275480000
2026-09-04;S&P 500;2026-03-19;6583.1201171875;6636.740234375;6557.81982421875;6606.490234375;6606.490234375;5973390000
2026-09-04;S&P 500;2026-03-20;6594.66015625;6594.66015625;6473.52001953125;6506.47998046875;6506.47998046875;10025820000
2026-09-04;S&P 500;2026-03-23;6574.9599609375;6651.6201171875;6565.5498046875;6581.0;6581.0;6020650000
2026-09-04;S&P 500;2026-03-24;6552.08984375;6595.75;6525.10986328125;6556.3701171875;6556.3701171875;5278580000
2026-09-04;S&P 500;2026-03-25;6598.35009765625;6633.93994140625;6568.41015625;6591.89990234375;6591.89990234375;4936720000
2026-09-04;S&P 500;2026-03-26;6555.85986328125;6573.22021484375;6473.7900390625;6477.16015625;6477.16015625;4845560000
2026-09-04;S&P 500;2026-03-27;6453.89013671875;6453.89013671875;6356.080078125;6368.85009765625;6368.85009765625;5303490000
2026-09-04;S&P 500;2026-03-30;6403.3701171875;6427.31005859375;6316.91015625;6343.72021484375;6343.72021484375;5458640000
2026-09-04;S&P 500;2026-03-31;6395.8798828125;6539.0498046875;6395.8798828125;6528.52001953125;6528.52001953125;6396100000
2026-09-04;S&P 500;2026-04-01;6556.56005859375;6609.669921875;6554.2900390625;6575.31982421875;6575.31982421875;5637260000
2026-09-04;S&P 500;2026-04-02;6512.60986328125;6601.91015625;6474.93994140625;6582.68994140625;6582.68994140625;4740740000
2026-09-04;S&P 500;2026-04-06;6587.66015625;6618.1298828125;6579.72021484375;6611.830078125;6611.830078125;3906440000
2026-09-04;S&P 500;2026-04-07;6601.93017578125;6618.259765625;6534.5498046875;6616.85009765625;6616.85009765625;4555680000
2026-09-04;S&P 500;2026-04-08;6754.35986328125;6793.5;6740.27978515625;6782.81005859375;6782.81005859375;5904880000
2026-09-04;S&P 500;2026-04-09;6783.68994140625;6835.31005859375;6761.5498046875;6824.66015625;6824.66015625;4912410000
2026-09-04;S&P 500;2026-04-10;6839.240234375;6845.77001953125;6808.4599609375;6816.89013671875;6816.89013671875;4393220000
2026-09-04;S&P 500;2026-04-13;6806.47021484375;6887.0;6790.02001953125;6886.240234375;6886.240234375;4785840000
2026-09-04;S&P 500;2026-04-14;6910.2001953125;6969.419921875;6905.169921875;6967.3798828125;6967.3798828125;5032380000
2026-09-04;S&P 500;2026-04-15;6978.169921875;7026.240234375;6967.1298828125;7022.9501953125;7022.9501953125;5278610000
2026-09-04;S&P 500;2026-04-16;7037.77978515625;7051.22998046875;7008.52001953125;7041.27978515625;7041.27978515625;5173650000
2026-09-04;S&P 500;2026-04-17;7074.5498046875;7147.52001953125;7074.5498046875;7126.06005859375;7126.06005859375;6145300000
2026-09-04;S&P 500;2026-04-20;7117.0498046875;7122.64990234375;7084.41015625;7109.14013671875;7109.14013671875;4661130000
2026-09-04;S&P 500;2026-04-21;7122.64013671875;7137.27001953125;7050.2001953125;7064.009765625;7064.009765625;5160270000
2026-09-04;S&P 500;2026-04-22;7102.91015625;7138.64013671875;7102.91015625;7137.89990234375;7137.89990234375;4919460000
2026-09-04;S&P 500;2026-04-23;7118.7998046875;7147.77978515625;7046.5498046875;7108.39990234375;7108.39990234375;5307260000
2026-09-04;S&P 500;2026-04-24;7136.47998046875;7168.58984375;7112.81982421875;7165.080078125;7165.080078125;4608830000
2026-09-04;S&P 500;2026-04-27;7152.72021484375;7178.740234375;7146.72021484375;7173.91015625;7173.91015625;4783750000
2026-09-04;S&P 500;2026-04-28;7133.740234375;7152.52001953125;7115.169921875;7138.7998046875;7138.7998046875;4900650000
2026-09-04;S&P 500;2026-04-29;7131.60986328125;7145.6298828125;7107.85986328125;7135.9501953125;7135.9501953125;5123100000
2026-09-04;S&P 500;2026-04-30;7161.75;7219.830078125;7126.14990234375;7209.009765625;7209.009765625;5723790000
2026-09-04;S&P 500;2026-05-01;7234.5400390625;7272.52001953125;7229.31982421875;7230.1201171875;7230.1201171875;4847390000
2026-09-04;S&P 500;2026-05-04;7228.3798828125;7244.5400390625;7174.1201171875;7200.75;7200.75;5215480000
2026-09-04;S&P 500;2026-05-05;7233.6201171875;7273.259765625;7233.6201171875;7259.22021484375;7259.22021484375;5279760000
2026-09-04;S&P 500;2026-05-06;7294.14013671875;7369.22021484375;7294.14013671875;7365.1201171875;7365.1201171875;6579640000
2026-09-04;S&P 500;2026-05-07;7376.77978515625;7385.02001953125;7321.25;7337.10986328125;7337.10986328125;6237040000
2026-09-04;S&P 500;2026-05-08;7362.97021484375;7401.5;7362.97021484375;7398.93017578125;7398.93017578125;5302740000
2026-09-04;S&P 500;2026-05-11;7385.31005859375;7428.97021484375;7384.2001953125;7412.83984375;7412.83984375;5821910000
2026-09-04;S&P 500;2026-05-12;7390.6298828125;7409.56982421875;7338.5400390625;7400.9599609375;7400.9599609375;5624790000
2026-09-04;S&P 500;2026-05-13;7409.1201171875;7460.0400390625;7375.1298828125;7444.25;7444.25;5716600000
2026-09-04;S&P 500;2026-05-14;7454.39990234375;7517.1201171875;7454.39990234375;7501.240234375;7501.240234375;5267050000
2026-09-04;S&P 500;2026-05-15;7445.10986328125;7454.85009765625;7397.5;7408.5;7408.5;5582070000
2026-09-04;S&P 500;2026-05-18;7415.06982421875;7434.06005859375;7353.169921875;7403.0498046875;7403.0498046875;5489500000
2026-09-04;S&P 500;2026-05-19;7375.75;7395.31982421875;7333.68017578125;7353.60986328125;7353.60986328125;5441140000
2026-09-04;S&P 500;2026-05-20;7369.18994140625;7435.68994140625;7357.4599609375;7432.97021484375;7432.97021484375;5384150000
2026-09-04;S&P 500;2026-05-21;7410.77978515625;7465.9599609375;7389.47998046875;7445.72021484375;7445.72021484375;5440620000
2026-09-04;S&P 500;2026-05-22;7468.81982421875;7506.31982421875;7463.2900390625;7473.47021484375;7473.47021484375;4952440000
2026-09-04;S&P 500;2026-05-26;7511.7900390625;7539.08984375;7501.10009765625;7519.1201171875;7519.1201171875;5496060000
2026-09-04;S&P 500;2026-05-27;7526.009765625;7530.72021484375;7499.72021484375;7520.35986328125;7520.35986328125;5524250000
2026-09-04;S&P 500;2026-05-28;7519.81982421875;7568.72021484375;7508.0400390625;7563.6298828125;7563.6298828125;5494860000
2026-09-04;S&P 500;2026-05-29;7579.330078125;7599.3798828125;7563.5498046875;7580.06005859375;7580.06005859375;7858290000
2026-09-04;S&P 500;2026-06-01;7582.2900390625;7617.66015625;7562.60986328125;7599.9599609375;7599.9599609375;6583960000
2026-09-04;S&P 500;2026-06-02;7595.39990234375;7620.89990234375;7582.990234375;7609.77978515625;7609.77978515625;5904410000
2026-09-04;S&P 500;2026-06-03;7605.31005859375;7605.35009765625;7551.22021484375;7553.68017578125;7553.68017578125;5753860000
2026-09-04;S&P 500;2026-06-04;7516.5400390625;7598.18994140625;7516.5400390625;7584.31005859375;7584.31005859375;5398910000
2026-09-04;S&P 500;2026-06-05;7537.35986328125;7541.81005859375;7368.6298828125;7383.740234375;7383.740234375;5591290000
2026-09-04;S&P 500;2026-06-08;7440.56982421875;7466.81005859375;7395.1298828125;7405.72998046875;7405.72998046875;4898180000
2026-09-04;S&P 500;2026-06-09;7438.66015625;7483.14990234375;7237.85009765625;7386.64990234375;7386.64990234375;6006390000
2026-09-04;S&P 500;2026-06-10;7350.5400390625;7396.56005859375;7265.93017578125;7266.990234375;7266.990234375;5247300000
2026-09-04;S&P 500;2026-06-11;7287.669921875;7412.68017578125;7257.330078125;7394.2998046875;7394.2998046875;5658920000
2026-09-04;S&P 500;2026-06-12;7410.85009765625;7456.39990234375;7363.009765625;7431.4599609375;7431.4599609375;4950530000
2026-09-04;S&P 500;2026-06-15;7516.75;7577.919921875;7516.75;7554.2900390625;7554.2900390625;5674670000
2026-09-04;S&P 500;2026-06-16;7548.77978515625;7564.9599609375;7508.68017578125;7511.35009765625;7511.35009765625;5286210000
2026-09-04;S&P 500;2026-06-17;7524.5;7532.169921875;7402.60986328125;7420.10009765625;7420.10009765625;5883740000
2026-09-04;S&P 500;2026-06-18;7487.35986328125;7511.06982421875;7468.31982421875;7500.580078125;7500.580078125;9061110000
2026-09-04;S&P 500;2026-06-22;7500.43994140625;7530.009765625;7460.009765625;7472.7900390625;7472.7900390625;5976740000
2026-09-04;S&P 500;2026-06-23;7366.509765625;7424.169921875;7347.60009765625;7365.4599609375;7365.4599609375;5640530000
2026-09-04;S&P 500;2026-06-24;7370.8798828125;7428.06005859375;7336.81982421875;7358.22021484375;7358.22021484375;5994860000
2026-09-04;S&P 500;2026-06-25;7404.91015625;7419.080078125;7323.5;7357.490234375;7357.490234375;5565760000
2026-09-04;S&P 500;2026-06-26;7312.740234375;7392.9501953125;7294.18017578125;7354.02001953125;7354.02001953125;9105600000
2026-09-04;S&P 500;2026-06-29;7391.8798828125;7444.31982421875;7348.8798828125;7440.43017578125;7440.43017578125;5794570000
2026-09-04;S&P 500;2026-06-30;7441.27001953125;7508.2900390625;7438.0400390625;7499.35986328125;7499.35986328125;6037540000
2026-09-04;S&P 500;2026-07-01;7478.83984375;7521.81005859375;7449.6298828125;7483.22998046875;7483.22998046875;5782730000
2026-09-04;S&P 500;2026-07-02;7495.14013671875;7540.75;7427.5498046875;7483.240234375;7483.240234375;5463520000
2026-09-04;S&P 500;2026-07-06;7506.9599609375;7551.31005859375;7500.97021484375;7537.43017578125;7537.43017578125;4971110000
2026-09-04;S&P 500;2026-07-07;7516.6298828125;7536.06005859375;7478.6298828125;7503.85009765625;7503.85009765625;5049590000
2026-09-04;S&P 500;2026-07-08;7476.5400390625;7488.509765625;7421.81982421875;7482.7099609375;7482.7099609375;5102020000
2026-09-04;S&P 500;2026-07-09;7491.60009765625;7546.89013671875;7481.72998046875;7543.64013671875;7543.64013671875;4442950000
2026-09-04;S&P 500;2026-07-10;7547.64013671875;7579.93017578125;7508.16015625;7575.39013671875;7575.39013671875;4006370000
2026-09-04;S&P 500;2026-07-13;7547.52978515625;7565.3701171875;7506.41015625;7515.33984375;7515.33984375;4729990000
2026-09-04;S&P 500;2026-07-14;7536.7001953125;7557.43994140625;7513.22998046875;7543.58984375;7543.58984375;4836950000
2026-09-04;S&P 500;2026-07-15;7571.72021484375;7581.5;7526.9501953125;7572.39990234375;7572.39990234375;5236550000
2026-09-04;S&P 500;2026-07-16;7558.7998046875;7570.740234375;7504.02001953125;7533.77001953125;7533.77001953125;5365300000
2026-09-04;S&P 500;2026-07-17;7447.52001953125;7498.47021484375;7431.259765625;7457.68994140625;7457.68994140625;5303290000
2026-09-04;S&P 500;2026-07-20;7489.18017578125;7513.22998046875;7440.52978515625;7443.27978515625;7443.27978515625;5152910000
2026-09-04;S&P 500;2026-07-21;7489.9501953125;7515.31005859375;7467.85986328125;7509.2001953125;7509.2001953125;5149030000
2026-09-04;S&P 500;2026-07-22;7497.47021484375;7525.93994140625;7485.85009765625;7498.9599609375;7498.9599609375;4890390000
2026-09-04;S&P 500;2026-07-23;7418.2900390625;7450.1201171875;7376.0;7408.2998046875;7408.2998046875;5515210000
2026-09-04;S&P 500;2026-07-24;7406.2998046875;7460.97998046875;7396.52978515625;7411.97998046875;7411.97998046875;4860620000
2026-09-04;S&P 500;2026-07-27;7464.2001953125;7480.56982421875;7382.740234375;7413.18017578125;7413.18017578125;5038290000
2026-09-04;S&P 500;2026-07-28;7395.5498046875;7452.08984375;7382.9501953125;7428.77978515625;7428.77978515625;5590890000
2026-09-04;S&P 500;2026-07-29;7418.16015625;7450.83984375;7313.919921875;7316.14990234375;7316.14990234375;5836350000
2026-09-04;S&P 500;2026-07-30;7390.4501953125;7448.75;7370.97998046875;7437.6298828125;7437.6298828125;5594430000
2026-09-04;S&P 500;2026-07-31;7462.1298828125;7512.0400390625;7399.830078125;7489.72021484375;7489.72021484375;5391020000
2026-09-04;S&P 500;2026-08-03;7504.77978515625;7610.0400390625;7504.77978515625;7600.5;7600.5;5201470000
2026-09-04;S&P 500;2026-08-04;7630.6201171875;7758.2099609375;7629.10009765625;7736.52001953125;7736.52001953125;5906940000
2026-09-04;S&P 500;2026-08-05;7771.6201171875;7793.68017578125;7720.169921875;7723.5498046875;7723.5498046875;5615640000
2026-09-04;S&P 500;2026-08-06;7713.7900390625;7742.85009765625;7698.14990234375;7709.9599609375;7709.9599609375;5330830000
2026-09-04;S&P 500;2026-08-07;7735.18017578125;7763.080078125;7719.18994140625;7757.64013671875;7757.64013671875;5019970000
2026-09-04;S&P 500;2026-08-10;7751.740234375;7773.759765625;7743.10986328125;7753.10986328125;7753.10986328125;4879540000
2026-09-04;S&P 500;2026-08-11;7767.509765625;7767.509765625;7717.25;7728.2001953125;7728.2001953125;4739500000
2026-09-04;S&P 500;2026-08-12;7765.4599609375;7766.009765625;7737.9501953125;7748.5;7748.5;4574170000
2026-09-04;S&P 500;2026-08-13;7763.18017578125;7816.7001953125;7763.18017578125;7798.990234375;7798.990234375;4833230000
2026-09-04;S&P 500;2026-08-14;7806.60009765625;7810.009765625;7776.31005859375;7785.759765625;7785.759765625;4159900000
2026-09-04;S&P 500;2026-08-17;7790.68017578125;7790.68017578125;7744.8798828125;7745.06005859375;7745.06005859375;4452630000
2026-09-04;S&P 500;2026-08-18;7700.0400390625;7713.9501953125;7688.6298828125;7691.759765625;7691.759765625;4602700000
2026-09-04;S&P 500;2026-08-19;7716.740234375;7743.93017578125;7700.06982421875;7707.97998046875;7707.97998046875;5184100000
2026-09-04;S&P 500;2026-08-20;7690.490234375;7699.9599609375;7639.009765625;7641.16015625;7641.16015625;4759610000
2026-09-04;S&P 500;2026-08-21;7665.68017578125;7697.10986328125;7660.06005859375;7674.3701171875;7674.3701171875;4497270000
2026-09-04;S&P 500;2026-08-24;7663.3798828125;7670.2998046875;7638.169921875;7652.85986328125;7652.85986328125;4400800000
2026-09-04;S&P 500;2026-08-25;7676.66015625;7686.10986328125;7650.919921875;7677.27978515625;7677.27978515625;4260240000
2026-09-04;S&P 500;2026-08-26;7666.8798828125;7690.72998046875;7657.41015625;7675.7001953125;7675.7001953125;4100600000
2026-09-04;S&P 500;2026-08-27;7710.33984375;7741.27001953125;7689.89013671875;7730.990234375;7730.990234375;4362240000
2026-09-04;S&P 500;2026-08-28;7735.169921875;7771.47998046875;7700.91015625;7711.759765625;7711.759765625;4297560000
2026-09-04;S&P 500;2026-08-31;7697.52001953125;7697.52001953125;7665.06005859375;7686.14013671875;7686.14013671875;5386090000
2026-09-04;S&P 500;2026-09-01;7635.47021484375;7663.6298828125;7611.2001953125;7631.47021484375;7631.47021484375;4858180000
2026-09-04;S&P 500;2026-09-02;7634.580078125;7681.18994140625;7633.6201171875;7666.60009765625;7666.60009765625;4738910000
2026-09-04;S&P 500;2026-09-03;7686.7099609375;7756.759765625;7686.7099609375;7747.7099609375;7747.7099609375;2695072000
2026-09-04;Dow Jones;2023-06-13;34111.078125;34310.28125;34107.98046875;34212.12109375;34212.12109375;308790000
2026-09-04;Dow Jones;2023-06-14;34044.69921875;34151.421875;33783.55078125;33979.328125;33979.328125;354910000
2026-09-04;Dow Jones;2023-06-15;33945.98046875;34488.98046875;33945.98046875;34408.05859375;34408.05859375;361400000
2026-09-04;Dow Jones;2023-06-16;34464.01953125;34588.6796875;34285.69140625;34299.12109375;34299.12109375;595230000
2026-09-04;Dow Jones;2023-06-20;34206.66015625;34206.66015625;33915.9296875;34053.87109375;34053.87109375;334810000
2026-09-04;Dow Jones;2023-06-21;33990.55859375;34097.9296875;33876.171875;33951.51953125;33951.51953125;323690000
2026-09-04;Dow Jones;2023-06-22;33900.46875;34003.55859375;33835.390625;33946.7109375;33946.7109375;275600000
2026-09-04;Dow Jones;2023-06-23;33835.66015625;33835.66015625;33646.48828125;33727.4296875;33727.4296875;379800000
2026-09-04;Dow Jones;2023-06-26;33730.7890625;33819.48828125;33610.3203125;33714.7109375;33714.7109375;265330000
2026-09-04;Dow Jones;2023-06-27;33739.03125;33975.6484375;33730.390625;33926.73828125;33926.73828125;293210000
2026-09-04;Dow Jones;2023-06-28;33881.37890625;33903.76171875;33755.921875;33852.66015625;33852.66015625;268050000
2026-09-04;Dow Jones;2023-06-29;33854.5703125;34147.6796875;33828.62890625;34122.421875;34122.421875;279940000
2026-09-04;Dow Jones;2023-06-30;34269.921875;34467.3515625;34269.921875;34407.6015625;34407.6015625;351060000
2026-09-04;Dow Jones;2023-07-03;34369.78125;34465.6015625;34286.5390625;34418.46875;34418.46875;157590000
2026-09-04;Dow Jones;2023-07-05;34344.71875;34376.109375;34226.98046875;34288.640625;34288.640625;274570000
2026-09-04;Dow Jones;2023-07-06;34171.390625;34171.390625;33771.46875;33922.26171875;33922.26171875;293840000
2026-09-04;Dow Jones;2023-07-07;33837.0703125;34036.37890625;33716.75;33734.87890625;33734.87890625;272730000
2026-09-04;Dow Jones;2023-07-10;33705.6796875;33958.359375;33705.6796875;33944.3984375;33944.3984375;299200000
2026-09-04;Dow Jones;2023-07-11;34056.94140625;34288.87109375;33993.01171875;34261.421875;34261.421875;278940000
2026-09-04;Dow Jones;2023-07-12;34395.28125;34586.94140625;34308.78125;34347.4296875;34347.4296875;331410000
2026-09-04;Dow Jones;2023-07-13;34412.30859375;34482.26171875;34365.328125;34395.140625;34395.140625;267180000
2026-09-04;Dow Jones;2023-07-14;34425.328125;34592.26171875;34425.328125;34509.03125;34509.03125;293540000
2026-09-04;Dow Jones;2023-07-17;34499.73828125;34665.1484375;34418.71875;34585.3515625;34585.3515625;359780000
2026-09-04;Dow Jones;2023-07-18;34597.078125;34986.359375;34530.609375;34951.9296875;34951.9296875;385940000
2026-09-04;Dow Jones;2023-07-19;34991.2109375;35234.05078125;34991.2109375;35061.2109375;35061.2109375;365130000
2026-09-04;Dow Jones;2023-07-20;35091.98046875;35372.76953125;35091.98046875;35225.1796875;35225.1796875;340880000
2026-09-04;Dow Jones;2023-07-21;35274.3203125;35340.66015625;35186.05078125;35227.69140625;35227.69140625;465270000
2026-09-04;Dow Jones;2023-07-24;35230.7890625;35463.96875;35230.7890625;35411.23828125;35411.23828125;284460000
2026-09-04;Dow Jones;2023-07-25;35421.48828125;35527.5703125;35365.26171875;35438.0703125;35438.0703125;299530000
2026-09-04;Dow Jones;2023-07-26;35345.98828125;35633.609375;35306.26953125;35520.12109375;35520.12109375;346240000
2026-09-04;Dow Jones;2023-07-27;35558.7890625;35645.3515625;35216.578125;35282.71875;35282.71875;352230000
2026-09-04;Dow Jones;2023-07-28;35443.48828125;35565.51171875;35355.1484375;35459.2890625;35459.2890625;369000000
2026-09-04;Dow Jones;2023-07-31;35465.96875;35566.94921875;35430.21875;35559.53125;35559.53125;327410000
2026-09-04;Dow Jones;2023-08-01;35585.98828125;35679.12890625;35526.609375;35630.6796875;35630.6796875;259490000
2026-09-04;Dow Jones;2023-08-02;35551.921875;35551.921875;35226.26171875;35282.51953125;35282.51953125;298570000
2026-09-04;Dow Jones;2023-08-03;35194.55859375;35348.19921875;35122.3203125;35215.890625;35215.890625;254960000
2026-09-04;Dow Jones;2023-08-04;35230.12890625;35506.87890625;35033.76171875;35065.62109375;35065.62109375;338290000
2026-09-04;Dow Jones;2023-08-07;35125.6015625;35497.37890625;35125.6015625;35473.12890625;35473.12890625;300150000
2026-09-04;Dow Jones;2023-08-08;35345.3984375;35346.640625;35007.41015625;35314.48828125;35314.48828125;303840000
2026-09-04;Dow Jones;2023-08-09;35324.28125;35370.890625;35058.73046875;35123.359375;35123.359375;306680000
2026-09-04;Dow Jones;2023-08-10;35231.5390625;35578.578125;35107.6015625;35176.1484375;35176.1484375;337110000
2026-09-04;Dow Jones;2023-08-11;35111.359375;35354.6015625;35059.98828125;35281.3984375;35281.3984375;277840000
2026-09-04;Dow Jones;2023-08-14;35273.890625;35335.44921875;35169.96875;35307.62890625;35307.62890625;300250000
2026-09-04;Dow Jones;2023-08-15;35219.37109375;35219.37109375;34908.5;34946.390625;34946.390625;323920000
2026-09-04;Dow Jones;2023-08-16;34914.9609375;35133.55859375;34757.37109375;34765.73828125;34765.73828125;332310000
2026-09-04;Dow Jones;2023-08-17;34829.609375;34888.48046875;34440.73046875;34474.828125;34474.828125;392850000
2026-09-04;Dow Jones;2023-08-18;34368.359375;34587.0703125;34263.19140625;34500.66015625;34500.66015625;320680000
2026-09-04;Dow Jones;2023-08-21;34531.28125;34570.9609375;34248.4609375;34463.69140625;34463.69140625;396490000
2026-09-04;Dow Jones;2023-08-22;34494.171875;34514.0390625;34256.83984375;34288.828125;34288.828125;279200000
2026-09-04;Dow Jones;2023-08-23;34338.58984375;34534.71875;34321.0;34472.98046875;34472.98046875;360610000
2026-09-04;Dow Jones;2023-08-24;34439.828125;34694.6796875;34093.6484375;34099.421875;34099.421875;342520000
2026-09-04;Dow Jones;2023-08-25;34217.05859375;34441.91015625;34029.21875;34346.8984375;34346.8984375;257440000
2026-09-04;Dow Jones;2023-08-28;34441.640625;34652.91015625;34441.640625;34559.98046875;34559.98046875;224640000
2026-09-04;Dow Jones;2023-08-29;34531.12109375;34864.421875;34531.12109375;34852.671875;34852.671875;262550000
2026-09-04;Dow Jones;2023-08-30;34847.80078125;35025.5703125;34811.73828125;34890.23828125;34890.23828125;236070000
2026-09-04;Dow Jones;2023-08-31;34909.08984375;35070.2109375;34719.76953125;34721.91015625;34721.91015625;341900000
2026-09-04;Dow Jones;2023-09-01;34876.23828125;34979.1796875;34720.69921875;34837.7109375;34837.7109375;286370000
2026-09-04;Dow Jones;2023-09-05;34843.21875;34871.26171875;34635.62890625;34641.96875;34641.96875;283540000
2026-09-04;Dow Jones;2023-09-06;34611.6796875;34611.6796875;34291.55859375;34443.19140625;34443.19140625;308900000
2026-09-04;Dow Jones;2023-09-07;34351.1796875;34560.859375;34351.1796875;34500.73046875;34500.73046875;386980000
2026-09-04;Dow Jones;2023-09-08;34487.41015625;34627.8515625;34473.5703125;34576.58984375;34576.58984375;293990000
2026-09-04;Dow Jones;2023-09-11;34650.01171875;34784.51953125;34578.58984375;34663.71875;34663.71875;291720000
2026-09-04;Dow Jones;2023-09-12;34620.01953125;34852.609375;34560.55078125;34645.98828125;34645.98828125;318670000
2026-09-04;Dow Jones;2023-09-13;34667.28125;34767.109375;34509.94921875;34575.53125;34575.53125;295480000
2026-09-04;Dow Jones;2023-09-14;34687.5;34977.96875;34687.5;34907.109375;34907.109375;305180000
2026-09-04;Dow Jones;2023-09-15;34902.0390625;34902.0390625;34572.26953125;34618.23828125;34618.23828125;582160000
2026-09-04;Dow Jones;2023-09-18;34612.2890625;34725.05859375;34545.3515625;34624.30078125;34624.30078125;252700000
2026-09-04;Dow Jones;2023-09-19;34571.83984375;34597.55859375;34311.69140625;34517.73046875;34517.73046875;282830000
2026-09-04;Dow Jones;2023-09-20;34575.5;34776.28125;34434.2890625;34440.87890625;34440.87890625;291650000
2026-09-04;Dow Jones;2023-09-21;34332.23046875;34378.30078125;34058.71875;34070.421875;34070.421875;331930000
2026-09-04;Dow Jones;2023-09-22;34077.078125;34156.1484375;33947.23828125;33963.83984375;33963.83984375;268760000
2026-09-04;Dow Jones;2023-09-25;33907.58984375;34017.53125;33780.671875;34006.87890625;34006.87890625;229450000
2026-09-04;Dow Jones;2023-09-26;33862.6796875;33879.9296875;33569.6015625;33618.87890625;33618.87890625;280100000
2026-09-04;Dow Jones;2023-09-27;33682.80859375;33731.6484375;33306.30078125;33550.26953125;33550.26953125;300330000
2026-09-04;Dow Jones;2023-09-28;33519.44140625;33777.8984375;33473.5;33666.33984375;33666.33984375;275610000
2026-09-04;Dow Jones;2023-09-29;33882.609375;33893.6796875;33407.44921875;33507.5;33507.5;319830000
2026-09-04;Dow Jones;2023-10-02;33455.5;33511.91015625;33219.55859375;33433.3515625;33433.3515625;275630000
2026-09-04;Dow Jones;2023-10-03;33318.83984375;33398.5390625;32916.19921875;33002.37890625;33002.37890625;293450000
2026-09-04;Dow Jones;2023-10-04;33034.1796875;33156.44921875;32873.23046875;33129.55078125;33129.55078125;287030000
2026-09-04;Dow Jones;2023-10-05;33099.23046875;33174.37890625;32941.55859375;33119.5703125;33119.5703125;277250000
2026-09-04;Dow Jones;2023-10-06;33040.69921875;33557.69140625;32846.94140625;33407.578125;33407.578125;332990000
2026-09-04;Dow Jones;2023-10-09;33259.83984375;33631.80859375;33253.69140625;33604.6484375;33604.6484375;228760000
2026-09-04;Dow Jones;2023-10-10;33683.41015625;33898.21875;33604.3203125;33739.30078125;33739.30078125;255640000
2026-09-04;Dow Jones;2023-10-11;33822.19921875;33882.55078125;33612.25;33804.87109375;33804.87109375;256560000
2026-09-04;Dow Jones;2023-10-12;33845.6484375;33863.80078125;33455.6015625;33631.140625;33631.140625;289160000
2026-09-04;Dow Jones;2023-10-13;33733.33984375;33957.71875;33551.578125;33670.2890625;33670.2890625;306340000
2026-09-04;Dow Jones;2023-10-16;33832.421875;34088.98046875;33832.421875;33984.5390625;33984.5390625;270060000
2026-09-04;Dow Jones;2023-10-17;33869.83984375;34147.62890625;33854.69921875;33997.6484375;33997.6484375;281010000
2026-09-04;Dow Jones;2023-10-18;33960.25;33991.51171875;33598.640625;33665.078125;33665.078125;285410000
2026-09-04;Dow Jones;2023-10-19;33669.51953125;33852.390625;33368.578125;33414.171875;33414.171875;304320000
2026-09-04;Dow Jones;2023-10-20;33365.26953125;33425.76953125;33118.12109375;33127.28125;33127.28125;325530000
2026-09-04;Dow Jones;2023-10-23;32993.01953125;33234.8515625;32892.19140625;32936.41015625;32936.41015625;342500000
2026-09-04;Dow Jones;2023-10-24;33089.640625;33272.19140625;32988.4296875;33141.37890625;33141.37890625;359230000
2026-09-04;Dow Jones;2023-10-25;33203.53125;33267.91015625;32989.71875;33035.9296875;33035.9296875;355690000
2026-09-04;Dow Jones;2023-10-26;33017.171875;33105.03125;32743.990234375;32784.30078125;32784.30078125;379880000
2026-09-04;Dow Jones;2023-10-27;32782.3984375;32787.55859375;32327.19921875;32417.58984375;32417.58984375;376970000
2026-09-04;Dow Jones;2023-10-30;32537.5390625;33002.96875;32537.5390625;32928.9609375;32928.9609375;298640000
2026-09-04;Dow Jones;2023-10-31;33029.109375;33070.28125;32787.12109375;33052.87109375;33052.87109375;306950000
2026-09-04;Dow Jones;2023-11-01;33081.87109375;33337.1484375;33010.8515625;33274.578125;33274.578125;307570000
2026-09-04;Dow Jones;2023-11-02;33457.8203125;33852.9609375;33450.03125;33839.078125;33839.078125;304350000
2026-09-04;Dow Jones;2023-11-03;33988.828125;34163.62890625;33946.6015625;34061.3203125;34061.3203125;311000000
2026-09-04;Dow Jones;2023-11-06;34092.609375;34167.26171875;33989.71875;34095.859375;34095.859375;265570000
2026-09-04;Dow Jones;2023-11-07;34075.6484375;34206.98046875;34026.71875;34152.6015625;34152.6015625;281790000
2026-09-04;Dow Jones;2023-11-08;34185.921875;34252.75;33996.19921875;34112.26953125;34112.26953125;280330000
2026-09-04;Dow Jones;2023-11-09;34163.7109375;34167.5390625;33859.76953125;33891.94140625;33891.94140625;325400000
2026-09-04;Dow Jones;2023-11-10;34020.8203125;34310.359375;33905.62109375;34283.1015625;34283.1015625;302460000
2026-09-04;Dow Jones;2023-11-13;34259.25;34405.83984375;34205.80859375;34337.87109375;34337.87109375;245090000
2026-09-04;Dow Jones;2023-11-14;34581.19921875;34931.01171875;34581.19921875;34827.69921875;34827.69921875;328050000
2026-09-04;Dow Jones;2023-11-15;34906.71875;35051.1015625;34868.48046875;34991.2109375;34991.2109375;347790000
2026-09-04;Dow Jones;2023-11-16;34868.03125;35022.4609375;34818.03125;34945.46875;34945.46875;435540000
2026-09-04;Dow Jones;2023-11-17;34964.8203125;35028.21875;34882.8203125;34947.28125;34947.28125;334820000
2026-09-04;Dow Jones;2023-11-20;34932.48828125;35227.48046875;34907.98046875;35151.0390625;35151.0390625;331050000
2026-09-04;Dow Jones;2023-11-21;35104.83984375;35118.0390625;35038.44140625;35088.2890625;35088.2890625;271120000
2026-09-04;Dow Jones;2023-11-22;35189.328125;35315.19921875;35155.80078125;35273.03125;35273.03125;237290000
2026-09-04;Dow Jones;2023-11-24;35299.8984375;35399.44140625;35299.8984375;35390.1484375;35390.1484375;117040000
2026-09-04;Dow Jones;2023-11-27;35376.44140625;35410.37109375;35280.5703125;35333.46875;35333.46875;258340000
2026-09-04;Dow Jones;2023-11-28;35332.12890625;35518.671875;35307.73046875;35416.98046875;35416.98046875;256210000
2026-09-04;Dow Jones;2023-11-29;35436.80078125;35579.12890625;35405.890625;35430.421875;35430.421875;299330000
2026-09-04;Dow Jones;2023-11-30;35596.5703125;35970.69921875;35592.21875;35950.890625;35950.890625;435540000
2026-09-04;Dow Jones;2023-12-01;35914.44921875;36264.8515625;35914.44921875;36245.5;36245.5;321840000
2026-09-04;Dow Jones;2023-12-04;36089.37890625;36238.1796875;36029.69140625;36204.44140625;36204.44140625;329450000
2026-09-04;Dow Jones;2023-12-05;36135.6484375;36164.6796875;36010.8515625;36124.55859375;36124.55859375;309250000
2026-09-04;Dow Jones;2023-12-06;36183.73046875;36292.578125;36024.25;36054.4296875;36054.4296875;283240000
2026-09-04;Dow Jones;2023-12-07;36124.171875;36164.171875;36021.94921875;36117.37890625;36117.37890625;287280000
2026-09-04;Dow Jones;2023-12-08;36084.8203125;36296.19921875;36061.640625;36247.87109375;36247.87109375;295180000
2026-09-04;Dow Jones;2023-12-11;36254.328125;36416.1796875;36231.19140625;36404.9296875;36404.9296875;342490000
2026-09-04;Dow Jones;2023-12-12;36442.1015625;36596.109375;36373.21875;36577.94140625;36577.94140625;292770000
2026-09-04;Dow Jones;2023-12-13;36601.80078125;37094.8515625;36523.58984375;37090.23828125;37090.23828125;354790000
2026-09-04;Dow Jones;2023-12-14;37115.62890625;37287.5;37051.51953125;37248.3515625;37248.3515625;455820000
2026-09-04;Dow Jones;2023-12-15;37194.5;37347.6015625;37092.01953125;37305.16015625;37305.16015625;788160000
2026-09-04;Dow Jones;2023-12-18;37330.140625;37393.44921875;37284.8515625;37306.01953125;37306.01953125;292120000
2026-09-04;Dow Jones;2023-12-19;37311.8203125;37562.828125;37311.8203125;37557.921875;37557.921875;272740000
2026-09-04;Dow Jones;2023-12-20;37520.12890625;37641.30078125;37073.0390625;37082.0;37082.0;303450000
2026-09-04;Dow Jones;2023-12-21;37225.3203125;37418.76171875;37127.05078125;37404.3515625;37404.3515625;253120000
2026-09-04;Dow Jones;2023-12-22;37349.26953125;37534.51953125;37268.87890625;37385.96875;37385.96875;252970000
2026-09-04;Dow Jones;2023-12-26;37405.8984375;37617.98828125;37371.828125;37545.328125;37545.328125;212420000
2026-09-04;Dow Jones;2023-12-27;37518.62109375;37683.69921875;37488.6015625;37656.51953125;37656.51953125;245530000
2026-09-04;Dow Jones;2023-12-28;37661.51953125;37778.8515625;37650.98046875;37710.1015625;37710.1015625;199550000
2026-09-04;Dow Jones;2023-12-29;37701.62890625;37759.4296875;37538.80078125;37689.5390625;37689.5390625;234570000
2026-09-04;Dow Jones;2024-01-02;37566.21875;37790.078125;37495.91015625;37715.0390625;37715.0390625;350280000
2026-09-04;Dow Jones;2024-01-03;37629.23046875;37629.23046875;37401.8515625;37430.19140625;37430.19140625;322010000
2026-09-04;Dow Jones;2024-01-04;37425.28125;37716.41015625;37425.28125;37440.33984375;37440.33984375;380220000
2026-09-04;Dow Jones;2024-01-05;37455.4609375;37623.62109375;37323.8203125;37466.109375;37466.109375;299480000
2026-09-04;Dow Jones;2024-01-08;37327.37109375;37692.921875;37249.23828125;37683.01171875;37683.01171875;362200000
2026-09-04;Dow Jones;2024-01-09;37523.55078125;37552.37890625;37373.30078125;37525.16015625;37525.16015625;289860000
2026-09-04;Dow Jones;2024-01-10;37552.91015625;37740.76953125;37524.3984375;37695.73046875;37695.73046875;279540000
2026-09-04;Dow Jones;2024-01-11;37747.140625;37801.8984375;37424.28125;37711.01953125;37711.01953125;299540000
2026-09-04;Dow Jones;2024-01-12;37818.05078125;37825.26953125;37470.19140625;37592.98046875;37592.98046875;279250000
2026-09-04;Dow Jones;2024-01-16;37493.5390625;37543.1796875;37201.390625;37361.12109375;37361.12109375;378280000
2026-09-04;Dow Jones;2024-01-17;37281.859375;37371.66015625;37132.890625;37266.671875;37266.671875;290880000
2026-09-04;Dow Jones;2024-01-18;37300.80859375;37522.2890625;37122.94921875;37468.609375;37468.609375;340620000
2026-09-04;Dow Jones;2024-01-19;37572.5;37933.73046875;37451.7109375;37863.80078125;37863.80078125;377650000
2026-09-04;Dow Jones;2024-01-22;37919.55078125;38109.19921875;37911.609375;38001.80859375;38001.80859375;339560000
2026-09-04;Dow Jones;2024-01-23;37959.7890625;37980.73046875;37804.98828125;37905.44921875;37905.44921875;334110000
2026-09-04;Dow Jones;2024-01-24;37975.37109375;38064.21875;37795.7109375;37806.390625;37806.390625;336090000
2026-09-04;Dow Jones;2024-01-25;37862.5703125;38057.53125;37796.46875;38049.12890625;38049.12890625;402970000
2026-09-04;Dow Jones;2024-01-26;38006.6796875;38215.30859375;37997.76953125;38109.4296875;38109.4296875;387000000
2026-09-04;Dow Jones;2024-01-29;38115.828125;38343.9296875;38061.171875;38333.44921875;38333.44921875;312480000
2026-09-04;Dow Jones;2024-01-30;38298.23046875;38497.390625;38257.80078125;38467.30859375;38467.30859375;326640000
2026-09-04;Dow Jones;2024-01-31;38426.78125;38588.859375;38139.66015625;38150.30078125;38150.30078125;453250000
2026-09-04;Dow Jones;2024-02-01;38175.33984375;38522.5;38106.83984375;38519.83984375;38519.83984375;321830000
2026-09-04;Dow Jones;2024-02-02;38448.1015625;38783.62109375;38336.5703125;38654.421875;38654.421875;379760000
2026-09-04;Dow Jones;2024-02-05;38546.76953125;38633.87890625;38220.3984375;38380.12109375;38380.12109375;322290000
2026-09-04;Dow Jones;2024-02-06;38392.8984375;38545.28125;38350.4609375;38521.359375;38521.359375;276140000
2026-09-04;Dow Jones;2024-02-07;38613.890625;38748.109375;38571.01171875;38677.359375;38677.359375;302210000
2026-09-04;Dow Jones;2024-02-08;38702.109375;38755.6796875;38544.359375;38726.328125;38726.328125;315510000
2026-09-04;Dow Jones;2024-02-09;38731.96875;38734.28125;38567.8984375;38671.69140625;38671.69140625;299970000
2026-09-04;Dow Jones;2024-02-12;38656.76171875;38927.078125;38628.921875;38797.37890625;38797.37890625;273020000
2026-09-04;Dow Jones;2024-02-13;38699.171875;38699.171875;38039.859375;38272.75;38272.75;318390000
2026-09-04;Dow Jones;2024-02-14;38372.671875;38442.55859375;38194.62109375;38424.26953125;38424.26953125;274610000
2026-09-04;Dow Jones;2024-02-15;38397.94140625;38781.890625;38397.94140625;38773.12109375;38773.12109375;303840000
2026-09-04;Dow Jones;2024-02-16;38751.7109375;38825.03125;38583.23828125;38627.98828125;38627.98828125;282210000
2026-09-04;Dow Jones;2024-02-20;38576.26171875;38663.08984375;38460.19921875;38563.80078125;38563.80078125;335990000
2026-09-04;Dow Jones;2024-02-21;38483.66015625;38618.03125;38338.578125;38612.23828125;38612.23828125;279510000
2026-09-04;Dow Jones;2024-02-22;38845.19140625;39149.609375;38802.0703125;39069.109375;39069.109375;324630000
2026-09-04;Dow Jones;2024-02-23;39127.96875;39282.28125;39094.359375;39131.53125;39131.53125;286910000
2026-09-04;Dow Jones;2024-02-26;39144.7890625;39245.890625;39025.80078125;39069.23046875;39069.23046875;296930000
2026-09-04;Dow Jones;2024-02-27;39087.8984375;39087.8984375;38881.8984375;38972.41015625;38972.41015625;272860000
2026-09-04;Dow Jones;2024-02-28;38938.078125;38956.4609375;38741.6796875;38949.01953125;38949.01953125;272560000
2026-09-04;Dow Jones;2024-02-29;39013.75;39074.12890625;38809.28125;38996.390625;38996.390625;519690000
2026-09-04;Dow Jones;2024-03-01;38989.51171875;39120.359375;38850.5;39087.37890625;39087.37890625;331030000
2026-09-04;Dow Jones;2024-03-04;38968.76953125;39087.859375;38913.30078125;38989.828125;38989.828125;386290000
2026-09-04;Dow Jones;2024-03-05;38906.98046875;38906.98046875;38457.828125;38585.19140625;38585.19140625;393750000
2026-09-04;Dow Jones;2024-03-06;38721.1484375;38858.12890625;38570.80078125;38661.05078125;38661.05078125;347900000
2026-09-04;Dow Jones;2024-03-07;38784.30078125;38910.3515625;38730.12890625;38791.3515625;38791.3515625;335580000
2026-09-04;Dow Jones;2024-03-08;38776.80078125;38971.1484375;38705.03125;38722.69140625;38722.69140625;342030000
2026-09-04;Dow Jones;2024-03-11;38667.2109375;38794.76171875;38483.25;38769.66015625;38769.66015625;300190000
2026-09-04;Dow Jones;2024-03-12;38883.3203125;39071.55859375;38711.390625;39005.48828125;39005.48828125;329090000
2026-09-04;Dow Jones;2024-03-13;39054.578125;39201.94140625;38937.921875;39043.3203125;39043.3203125;330930000
2026-09-04;Dow Jones;2024-03-14;39122.390625;39160.25;38704.359375;38905.66015625;38905.66015625;375810000
2026-09-04;Dow Jones;2024-03-15;38809.6484375;38928.12890625;38618.19921875;38714.76953125;38714.76953125;774360000
2026-09-04;Dow Jones;2024-03-18;38826.9296875;38898.41015625;38760.7890625;38790.4296875;38790.4296875;327950000
2026-09-04;Dow Jones;2024-03-19;38819.609375;39122.7109375;38761.28125;39110.76171875;39110.76171875;310610000
2026-09-04;Dow Jones;2024-03-20;39072.05078125;39529.12890625;38988.6484375;39512.12890625;39512.12890625;350050000
2026-09-04;Dow Jones;2024-03-21;39661.03125;39889.05078125;39589.23046875;39781.37109375;39781.37109375;408990000
2026-09-04;Dow Jones;2024-03-22;39774.05859375;39824.76171875;39469.53125;39475.8984375;39475.8984375;332340000
2026-09-04;Dow Jones;2024-03-25;39410.5390625;39430.171875;39296.03125;39313.640625;39313.640625;323670000
2026-09-04;Dow Jones;2024-03-26;39338.3203125;39439.44140625;39277.19140625;39282.328125;39282.328125;306940000
2026-09-04;Dow Jones;2024-03-27;39461.98046875;39769.41015625;39461.98046875;39760.078125;39760.078125;332190000
2026-09-04;Dow Jones;2024-03-28;39763.73828125;39868.58984375;39717.25;39807.37109375;39807.37109375;360970000
2026-09-04;Dow Jones;2024-04-01;39807.9296875;39815.0;39491.21875;39566.8515625;39566.8515625;269470000
2026-09-04;Dow Jones;2024-04-02;39256.26953125;39256.26953125;39051.69921875;39170.23828125;39170.23828125;319590000
2026-09-04;Dow Jones;2024-04-03;39139.58984375;39305.76171875;39017.12890625;39127.140625;39127.140625;364180000
2026-09-04;Dow Jones;2024-04-04;39343.6015625;39421.3515625;38559.421875;38596.98046875;38596.98046875;356510000
2026-09-04;Dow Jones;2024-04-05;38664.98046875;39040.171875;38602.1796875;38904.0390625;38904.0390625;317110000
2026-09-04;Dow Jones;2024-04-08;38916.421875;39013.19921875;38857.69921875;38892.80078125;38892.80078125;291460000
2026-09-04;Dow Jones;2024-04-09;38983.66015625;38992.890625;38572.08984375;38883.671875;38883.671875;328700000
2026-09-04;Dow Jones;2024-04-10;38662.28125;38662.28125;38304.66015625;38461.51171875;38461.51171875;317580000
2026-09-04;Dow Jones;2024-04-11;38523.26171875;38598.98046875;38197.28125;38459.078125;38459.078125;356640000
2026-09-04;Dow Jones;2024-04-12;38319.140625;38319.140625;37877.30078125;37983.23828125;37983.23828125;440910000
2026-09-04;Dow Jones;2024-04-15;38075.37890625;38386.80859375;37657.7890625;37735.109375;37735.109375;389170000
2026-09-04;Dow Jones;2024-04-16;37992.21875;37992.21875;37713.69921875;37798.96875;37798.96875;339480000
2026-09-04;Dow Jones;2024-04-17;37949.671875;38036.69921875;37611.55859375;37753.30859375;37753.30859375;314650000
2026-09-04;Dow Jones;2024-04-18;37847.2109375;38083.76171875;37681.51953125;37775.37890625;37775.37890625;300230000
2026-09-04;Dow Jones;2024-04-19;37801.98046875;38102.5703125;37781.609375;37986.3984375;37986.3984375;420460000
2026-09-04;Dow Jones;2024-04-22;38116.890625;38447.16015625;37985.0703125;38239.98046875;38239.98046875;351650000
2026-09-04;Dow Jones;2024-04-23;38356.0703125;38561.5;38297.71875;38503.69140625;38503.69140625;329420000
2026-09-04;Dow Jones;2024-04-24;38552.7890625;38552.7890625;38310.55078125;38460.921875;38460.921875;337230000
2026-09-04;Dow Jones;2024-04-25;38052.08984375;38157.21875;37754.37890625;38085.80078125;38085.80078125;408170000
2026-09-04;Dow Jones;2024-04-26;38114.69921875;38337.640625;38065.05078125;38239.66015625;38239.66015625;398680000
2026-09-04;Dow Jones;2024-04-29;38282.16015625;38406.19921875;38215.46875;38386.08984375;38386.08984375;343630000
2026-09-04;Dow Jones;2024-04-30;38337.3984375;38337.3984375;37810.12109375;37815.921875;37815.921875;448480000
2026-09-04;Dow Jones;2024-05-01;37845.55859375;38349.19921875;37780.5390625;37903.2890625;37903.2890625;413540000
2026-09-04;Dow Jones;2024-05-02;38075.6484375;38295.2890625;37895.66015625;38225.66015625;38225.66015625;355910000
2026-09-04;Dow Jones;2024-05-03;38709.359375;38808.51953125;38518.28125;38675.6796875;38675.6796875;410530000
2026-09-04;Dow Jones;2024-05-06;38762.4296875;38886.46875;38689.37890625;38852.26953125;38852.26953125;315550000
2026-09-04;Dow Jones;2024-05-07;38858.94140625;38977.609375;38840.3984375;38884.26171875;38884.26171875;360930000
2026-09-04;Dow Jones;2024-05-08;38818.8984375;39094.73828125;38814.98828125;39056.390625;39056.390625;292340000
2026-09-04;Dow Jones;2024-05-09;39064.26953125;39413.66015625;38988.8515625;39387.76171875;39387.76171875;303270000
2026-09-04;Dow Jones;2024-05-10;39466.51953125;39579.87890625;39406.26171875;39512.83984375;39512.83984375;289480000
2026-09-04;Dow Jones;2024-05-13;39591.28125;39647.390625;39403.05078125;39431.51171875;39431.51171875;323370000
2026-09-04;Dow Jones;2024-05-14;39466.76171875;39616.41015625;39371.921875;39558.109375;39558.109375;320860000
2026-09-04;Dow Jones;2024-05-15;39615.1015625;39935.0390625;39615.1015625;39908.0;39908.0;411190000
2026-09-04;Dow Jones;2024-05-16;39912.33984375;40051.05078125;39864.6796875;39869.37890625;39869.37890625;400560000
2026-09-04;Dow Jones;2024-05-17;39911.71875;40010.87890625;39858.859375;40003.58984375;40003.58984375;300260000
2026-09-04;Dow Jones;2024-05-20;39989.76171875;40077.3984375;39787.08984375;39806.76953125;39806.76953125;272420000
2026-09-04;Dow Jones;2024-05-21;39804.3984375;39905.80078125;39778.73046875;39872.98828125;39872.98828125;314120000
2026-09-04;Dow Jones;2024-05-22;39863.328125;39890.91015625;39559.08984375;39671.0390625;39671.0390625;258430000
2026-09-04;Dow Jones;2024-05-23;39694.94921875;39694.94921875;39025.51171875;39065.26171875;39065.26171875;335640000
2026-09-04;Dow Jones;2024-05-24;39089.23046875;39220.30859375;39020.2890625;39069.58984375;39069.58984375;249810000
2026-09-04;Dow Jones;2024-05-28;39028.98828125;39028.98828125;38706.140625;38852.859375;38852.859375;303340000
2026-09-04;Dow Jones;2024-05-29;38716.28125;38716.28125;38413.671875;38441.5390625;38441.5390625;292280000
2026-09-04;Dow Jones;2024-05-30;38368.3515625;38493.6015625;38000.9609375;38111.48046875;38111.48046875;360090000
2026-09-04;Dow Jones;2024-05-31;38140.26171875;38719.4296875;38092.26953125;38686.3203125;38686.3203125;618200000
2026-09-04;Dow Jones;2024-06-03;38709.98828125;38735.609375;38247.21875;38571.03125;38571.03125;314010000
2026-09-04;Dow Jones;2024-06-04;38518.859375;38786.62109375;38397.8203125;38711.2890625;38711.2890625;304450000
2026-09-04;Dow Jones;2024-06-05;38774.8203125;38844.3203125;38548.76953125;38807.328125;38807.328125;310970000
2026-09-04;Dow Jones;2024-06-06;38825.3984375;39004.16015625;38735.98828125;38886.171875;38886.171875;269000000
2026-09-04;Dow Jones;2024-06-07;38861.23828125;39105.23046875;38751.8515625;38798.98828125;38798.98828125;265850000
2026-09-04;Dow Jones;2024-06-10;38784.8984375;38877.859375;38665.44921875;38868.0390625;38868.0390625;330580000
2026-09-04;Dow Jones;2024-06-11;38795.7109375;38795.7109375;38446.23828125;38747.421875;38747.421875;383090000
2026-09-04;Dow Jones;2024-06-12;38950.6484375;39120.26171875;38621.44921875;38712.2109375;38712.2109375;472280000
2026-09-04;Dow Jones;2024-06-13;38677.12109375;38712.2109375;38407.69921875;38647.1015625;38647.1015625;341330000
2026-09-04;Dow Jones;2024-06-14;38528.390625;38595.23828125;38305.8515625;38589.16015625;38589.16015625;272200000
2026-09-04;Dow Jones;2024-06-17;38565.1796875;38839.87890625;38431.94921875;38778.1015625;38778.1015625;346190000
2026-09-04;Dow Jones;2024-06-18;38779.12109375;38936.9296875;38727.671875;38834.859375;38834.859375;324260000
2026-09-04;Dow Jones;2024-06-20;38804.73046875;39232.5;38778.4609375;39134.76171875;39134.76171875;397010000
2026-09-04;Dow Jones;2024-06-21;39208.51171875;39257.1796875;39061.671875;39150.328125;39150.328125;818670000
2026-09-04;Dow Jones;2024-06-24;39184.48828125;39571.23046875;39184.48828125;39411.2109375;39411.2109375;373940000
2026-09-04;Dow Jones;2024-06-25;39398.7890625;39423.26171875;38997.23046875;39112.16015625;39112.16015625;339010000
2026-09-04;Dow Jones;2024-06-26;39063.1484375;39183.73828125;38908.98828125;39127.80078125;39127.80078125;333100000
2026-09-04;Dow Jones;2024-06-27;39107.1015625;39250.69140625;39026.75;39164.05859375;39164.05859375;338010000
2026-09-04;Dow Jones;2024-06-28;39092.390625;39443.6015625;38937.1484375;39118.859375;39118.859375;679630000
2026-09-04;Dow Jones;2024-07-01;39186.19921875;39438.359375;39037.94140625;39169.51953125;39169.51953125;346210000
2026-09-04;Dow Jones;2024-07-02;39108.25;39340.48828125;39085.69140625;39331.8515625;39331.8515625;317380000
2026-09-04;Dow Jones;2024-07-03;39358.94921875;39411.171875;39230.859375;39308.0;39308.0;202070000
2026-09-04;Dow Jones;2024-07-05;39313.3984375;39399.62109375;39168.69921875;39375.87109375;39375.87109375;325230000
2026-09-04;Dow Jones;2024-07-08;39391.98046875;39654.9609375;39278.4296875;39344.7890625;39344.7890625;358320000
2026-09-04;Dow Jones;2024-07-09;39357.37109375;39492.28125;39146.6015625;39291.96875;39291.96875;361410000
2026-09-04;Dow Jones;2024-07-10;39272.44921875;39736.19921875;39256.71875;39721.359375;39721.359375;334180000
2026-09-04;Dow Jones;2024-07-11;39695.1796875;39875.6015625;39623.12109375;39753.75;39753.75;361530000
2026-09-04;Dow Jones;2024-07-12;39783.28125;40257.23828125;39783.28125;40000.8984375;40000.8984375;325780000
2026-09-04;Dow Jones;2024-07-15;40138.3984375;40351.1015625;40136.1015625;40211.71875;40211.71875;308880000
2026-09-04;Dow Jones;2024-07-16;40263.78125;40988.80859375;40263.78125;40954.48046875;40954.48046875;306390000
2026-09-04;Dow Jones;2024-07-17;40862.5703125;41221.98046875;40849.7109375;41198.078125;41198.078125;433450000
2026-09-04;Dow Jones;2024-07-18;41156.55859375;41376.0;40597.5;40665.01953125;40665.01953125;393450000
2026-09-04;Dow Jones;2024-07-19;40592.3515625;40626.16015625;40203.26953125;40287.53125;40287.53125;348530000
2026-09-04;Dow Jones;2024-07-22;40414.48828125;40472.53125;40222.76953125;40415.44140625;40415.44140625;351670000
2026-09-04;Dow Jones;2024-07-23;40443.73046875;40527.890625;40319.69921875;40358.08984375;40358.08984375;287390000
2026-09-04;Dow Jones;2024-07-24;40210.62890625;40258.44140625;39807.44921875;39853.87109375;39853.87109375;394210000
2026-09-04;Dow Jones;2024-07-25;39828.62890625;40438.8203125;39817.5;39935.0703125;39935.0703125;375790000
2026-09-04;Dow Jones;2024-07-26;40140.859375;40753.828125;40140.859375;40589.33984375;40589.33984375;332070000
2026-09-04;Dow Jones;2024-07-29;40665.7109375;40682.48828125;40388.828125;40539.9296875;40539.9296875;272200000
2026-09-04;Dow Jones;2024-07-30;40622.12890625;40866.25;40529.1015625;40743.328125;40743.328125;350910000
2026-09-04;Dow Jones;2024-07-31;40768.87890625;41198.62890625;40655.890625;40842.7890625;40842.7890625;420090000
2026-09-04;Dow Jones;2024-08-01;40916.9609375;41096.66015625;40098.5703125;40347.96875;40347.96875;472030000
2026-09-04;Dow Jones;2024-08-02;40075.328125;40075.328125;39358.6796875;39737.26171875;39737.26171875;827820000
2026-09-04;Dow Jones;2024-08-05;39056.19140625;39056.19140625;38499.26953125;38703.26953125;38703.26953125;661280000
2026-09-04;Dow Jones;2024-08-06;38736.21875;39449.53125;38638.30078125;38997.66015625;38997.66015625;462650000
2026-09-04;Dow Jones;2024-08-07;39230.08984375;39477.9609375;38731.51171875;38763.44921875;38763.44921875;428250000
2026-09-04;Dow Jones;2024-08-08;38940.37890625;39508.3984375;38922.7890625;39446.48828125;39446.48828125;376440000
2026-09-04;Dow Jones;2024-08-09;39408.05859375;39628.66015625;39230.4296875;39497.5390625;39497.5390625;316320000
2026-09-04;Dow Jones;2024-08-12;39556.01171875;39587.05859375;39251.71875;39357.01171875;39357.01171875;312380000
2026-09-04;Dow Jones;2024-08-13;39445.26953125;39792.80078125;39392.41015625;39765.640625;39765.640625;365560000
2026-09-04;Dow Jones;2024-08-14;39800.58984375;40068.75;39737.19921875;40008.390625;40008.390625;317800000
2026-09-04;Dow Jones;2024-08-15;40295.73828125;40590.51171875;40295.73828125;40563.05859375;40563.05859375;446850000
2026-09-04;Dow Jones;2024-08-16;40528.859375;40726.03125;40453.578125;40659.76171875;40659.76171875;323210000
2026-09-04;Dow Jones;2024-08-19;40670.828125;40907.3203125;40670.828125;40896.53125;40896.53125;283890000
2026-09-04;Dow Jones;2024-08-20;40874.51953125;40909.37890625;40756.6484375;40834.96875;40834.96875;299380000
2026-09-04;Dow Jones;2024-08-21;40881.03125;40974.3984375;40738.4296875;40890.48828125;40890.48828125;281460000
2026-09-04;Dow Jones;2024-08-22;40932.23046875;41026.640625;40584.46875;40712.78125;40712.78125;310470000
2026-09-04;Dow Jones;2024-08-23;40879.12109375;41207.921875;40842.9609375;41175.078125;41175.078125;300080000
2026-09-04;Dow Jones;2024-08-26;41200.83984375;41420.05078125;41140.23046875;41240.51953125;41240.51953125;249300000
2026-09-04;Dow Jones;2024-08-27;41186.28125;41271.75;41109.421875;41250.5;41250.5;256160000
2026-09-04;Dow Jones;2024-08-28;41250.171875;41351.109375;40842.2890625;41091.421875;41091.421875;272170000
2026-09-04;Dow Jones;2024-08-29;41345.5;41577.96875;41086.80859375;41335.05078125;41335.05078125;309820000
2026-09-04;Dow Jones;2024-08-30;41366.16015625;41585.2109375;41145.8515625;41563.078125;41563.078125;494900000
2026-09-04;Dow Jones;2024-09-03;41489.671875;41489.671875;40778.08984375;40936.9296875;40936.9296875;420530000
2026-09-04;Dow Jones;2024-09-04;40872.05859375;41172.58984375;40840.890625;40974.96875;40974.96875;359380000
2026-09-04;Dow Jones;2024-09-05;41056.328125;41084.78125;40519.078125;40755.75;40755.75;331250000
2026-09-04;Dow Jones;2024-09-06;40756.80859375;41009.390625;40297.328125;40345.41015625;40345.41015625;370440000
2026-09-04;Dow Jones;2024-09-09;40555.109375;41000.23828125;40518.05859375;40829.58984375;40829.58984375;376720000
2026-09-04;Dow Jones;2024-09-10;40916.5;40916.5;40417.48046875;40736.9609375;40736.9609375;360950000
2026-09-04;Dow Jones;2024-09-11;40638.76171875;40903.6796875;39993.0703125;40861.7109375;40861.7109375;356040000
2026-09-04;Dow Jones;2024-09-12;40862.109375;41107.3515625;40665.53125;41096.76953125;41096.76953125;289300000
2026-09-04;Dow Jones;2024-09-13;41153.69921875;41533.83984375;41128.69921875;41393.78125;41393.78125;276800000
2026-09-04;Dow Jones;2024-09-16;41435.171875;41733.96875;41435.171875;41622.078125;41622.078125;408670000
2026-09-04;Dow Jones;2024-09-17;41723.78125;41835.28125;41470.69140625;41606.1796875;41606.1796875;448610000
2026-09-04;Dow Jones;2024-09-18;41628.91015625;41981.96875;41449.0;41503.1015625;41503.1015625;383600000
2026-09-04;Dow Jones;2024-09-19;41972.55859375;42160.91015625;41832.08984375;42025.19140625;42025.19140625;429760000
2026-09-04;Dow Jones;2024-09-20;41959.4296875;42138.41015625;41865.94921875;42063.359375;42063.359375;1207660000
2026-09-04;Dow Jones;2024-09-23;42060.3984375;42190.05078125;42012.21875;42124.6484375;42124.6484375;455200000
2026-09-04;Dow Jones;2024-09-24;42234.98828125;42281.05859375;42056.8203125;42208.21875;42208.21875;401020000
2026-09-04;Dow Jones;2024-09-25;42236.08984375;42299.640625;41859.73046875;41914.75;41914.75;374960000
2026-09-04;Dow Jones;2024-09-26;42113.421875;42224.1484375;42036.28125;42175.109375;42175.109375;353600000
2026-09-04;Dow Jones;2024-09-27;42227.94921875;42628.3203125;42227.94921875;42313.0;42313.0;329840000
2026-09-04;Dow Jones;2024-09-30;42289.75;42347.66015625;41929.0703125;42330.1484375;42330.1484375;354430000
2026-09-04;Dow Jones;2024-10-01;42262.96875;42322.359375;41945.62890625;42156.96875;42156.96875;380240000
2026-09-04;Dow Jones;2024-10-02;42125.140625;42259.51953125;41968.7890625;42196.51953125;42196.51953125;301760000
2026-09-04;Dow Jones;2024-10-03;42099.53125;42125.83984375;41847.80859375;42011.58984375;42011.58984375;267260000
2026-09-04;Dow Jones;2024-10-04;42248.26171875;42361.37890625;41972.109375;42352.75;42352.75;296550000
2026-09-04;Dow Jones;2024-10-07;42289.51171875;42293.640625;41831.73828125;41954.23828125;41954.23828125;307230000
2026-09-04;Dow Jones;2024-10-08;42022.6484375;42128.55859375;41874.71875;42080.37109375;42080.37109375;284500000
2026-09-04;Dow Jones;2024-10-09;42070.3203125;42562.01171875;41993.3515625;42512.0;42512.0;267400000
2026-09-04;Dow Jones;2024-10-10;42511.37109375;42511.37109375;42308.0390625;42454.12109375;42454.12109375;245570000
2026-09-04;Dow Jones;2024-10-11;42507.53125;42899.75;42507.53125;42863.859375;42863.859375;265330000
2026-09-04;Dow Jones;2024-10-14;42800.890625;43139.0;42707.140625;43065.21875;43065.21875;240050000
2026-09-04;Dow Jones;2024-10-15;43240.171875;43277.78125;42703.171875;42740.421875;42740.421875;360880000
2026-09-04;Dow Jones;2024-10-16;42706.48828125;43100.83984375;42692.37109375;43077.69921875;43077.69921875;297510000
2026-09-04;Dow Jones;2024-10-17;43119.80859375;43289.76171875;43119.80859375;43239.05078125;43239.05078125;267370000
2026-09-04;Dow Jones;2024-10-18;43187.12109375;43325.08984375;43036.3515625;43275.91015625;43275.91015625;295500000
2026-09-04;Dow Jones;2024-10-21;43222.2109375;43310.87109375;42877.5703125;42931.6015625;42931.6015625;273590000
2026-09-04;Dow Jones;2024-10-22;42876.83984375;43041.05078125;42718.26171875;42924.890625;42924.890625;335200000
2026-09-04;Dow Jones;2024-10-23;42834.3984375;42834.3984375;42293.171875;42514.94921875;42514.94921875;356610000
2026-09-04;Dow Jones;2024-10-24;42522.55078125;42522.55078125;42191.828125;42374.359375;42374.359375;282680000
2026-09-04;Dow Jones;2024-10-25;42477.51171875;42594.640625;42051.390625;42114.3984375;42114.3984375;314000000
2026-09-04;Dow Jones;2024-10-28;42264.5390625;42476.4609375;42264.5390625;42387.5703125;42387.5703125;284770000
2026-09-04;Dow Jones;2024-10-29;42323.48046875;42491.859375;42171.6484375;42233.05078125;42233.05078125;373550000
2026-09-04;Dow Jones;2024-10-30;42249.80859375;42457.921875;42141.5390625;42141.5390625;42141.5390625;377420000
2026-09-04;Dow Jones;2024-10-31;41956.33984375;41991.91015625;41704.62890625;41763.4609375;41763.4609375;497370000
2026-09-04;Dow Jones;2024-11-01;41869.8203125;42326.30859375;41869.8203125;42052.19140625;42052.19140625;531350000
2026-09-04;Dow Jones;2024-11-04;42004.66015625;42035.87109375;41647.30078125;41794.6015625;41794.6015625;341500000
2026-09-04;Dow Jones;2024-11-05;41835.48828125;42258.83984375;41766.9609375;42221.87890625;42221.87890625;283990000
2026-09-04;Dow Jones;2024-11-06;42850.3984375;43778.78125;42850.3984375;43729.9296875;43729.9296875;550400000
2026-09-04;Dow Jones;2024-11-07;43718.921875;43823.1015625;43641.921875;43729.33984375;43729.33984375;437510000
2026-09-04;Dow Jones;2024-11-08;43768.53125;44157.2890625;43733.859375;43988.98828125;43988.98828125;454570000
2026-09-04;Dow Jones;2024-11-11;44057.6484375;44486.69921875;44057.6484375;44293.12890625;44293.12890625;451940000
2026-09-04;Dow Jones;2024-11-12;44359.2109375;44405.73046875;43887.26953125;43910.98046875;43910.98046875;482720000
2026-09-04;Dow Jones;2024-11-13;43880.4609375;44141.328125;43829.98046875;43958.19140625;43958.19140625;500190000
2026-09-04;Dow Jones;2024-11-14;44032.37890625;44080.78125;43704.8203125;43750.859375;43750.859375;545090000
2026-09-04;Dow Jones;2024-11-15;43587.9296875;43647.53125;43350.4296875;43444.98828125;43444.98828125;664320000
2026-09-04;Dow Jones;2024-11-18;43431.890625;43505.66015625;43297.5703125;43389.6015625;43389.6015625;527180000
2026-09-04;Dow Jones;2024-11-19;43243.26953125;43380.96875;42938.87109375;43268.94140625;43268.94140625;497970000
2026-09-04;Dow Jones;2024-11-20;43296.05078125;43465.76953125;43074.859375;43408.46875;43408.46875;559010000
2026-09-04;Dow Jones;2024-11-21;43538.69921875;44020.30859375;43345.578125;43870.3515625;43870.3515625;712120000
2026-09-04;Dow Jones;2024-11-22;43871.62890625;44323.94921875;43871.62890625;44296.51171875;44296.51171875;533010000
2026-09-04;Dow Jones;2024-11-25;44385.48828125;44815.671875;44385.48828125;44736.5703125;44736.5703125;826660000
2026-09-04;Dow Jones;2024-11-26;44614.890625;44903.01171875;44426.66015625;44860.30859375;44860.30859375;476170000
2026-09-04;Dow Jones;2024-11-27;44837.75;45003.05859375;44690.23046875;44722.05859375;44722.05859375;451360000
2026-09-04;Dow Jones;2024-11-29;44760.05078125;45071.2890625;44760.05078125;44910.6484375;44910.6484375;319210000
2026-09-04;Dow Jones;2024-12-02;44925.859375;45001.66015625;44710.16015625;44782.0;44782.0;439740000
2026-09-04;Dow Jones;2024-12-03;44769.578125;44914.6796875;44574.78125;44705.53125;44705.53125;429130000
2026-09-04;Dow Jones;2024-12-04;44941.05078125;45073.62890625;44799.73828125;45014.0390625;45014.0390625;554420000
2026-09-04;Dow Jones;2024-12-05;45038.44140625;45059.94140625;44747.140625;44765.7109375;44765.7109375;457340000
2026-09-04;Dow Jones;2024-12-06;44824.2890625;44923.73828125;44596.4609375;44642.51953125;44642.51953125;466910000
2026-09-04;Dow Jones;2024-12-09;44637.96875;44728.51171875;44382.828125;44401.9296875;44401.9296875;503920000
2026-09-04;Dow Jones;2024-12-10;44291.5703125;44470.83984375;44186.66015625;44247.828125;44247.828125;482660000
2026-09-04;Dow Jones;2024-12-11;44300.41015625;44376.1796875;44135.73828125;44148.55859375;44148.55859375;512650000
2026-09-04;Dow Jones;2024-12-12;44168.66015625;44208.6015625;43903.26953125;43914.12109375;43914.12109375;396050000
2026-09-04;Dow Jones;2024-12-13;43929.1484375;44054.23046875;43790.48046875;43828.05859375;43828.05859375;455380000
2026-09-04;Dow Jones;2024-12-16;43825.76171875;43951.578125;43686.8515625;43717.48046875;43717.48046875;579350000
2026-09-04;Dow Jones;2024-12-17;43656.46875;43656.46875;43336.21875;43449.8984375;43449.8984375;593670000
2026-09-04;Dow Jones;2024-12-18;43459.71875;43688.96875;42300.0390625;42326.87109375;42326.87109375;627570000
2026-09-04;Dow Jones;2024-12-19;42464.12890625;42787.8515625;42334.12890625;42342.23828125;42342.23828125;560200000
2026-09-04;Dow Jones;2024-12-20;42296.26171875;43216.03125;42146.328125;42840.26171875;42840.26171875;1121300000
2026-09-04;Dow Jones;2024-12-23;42800.48828125;42957.7890625;42516.87109375;42906.94921875;42906.94921875;449390000
2026-09-04;Dow Jones;2024-12-24;42916.48046875;43297.6484375;42871.76171875;43297.03125;43297.03125;230410000
2026-09-04;Dow Jones;2024-12-26;43201.8515625;43373.98046875;43115.08984375;43325.80078125;43325.80078125;270350000
2026-09-04;Dow Jones;2024-12-27;43142.37109375;43238.8515625;42761.55859375;42992.2109375;42992.2109375;376960000
2026-09-04;Dow Jones;2024-12-30;42863.859375;42863.859375;42263.51171875;42573.73046875;42573.73046875;383300000
2026-09-04;Dow Jones;2024-12-31;42636.69921875;42779.69140625;42421.2890625;42544.21875;42544.21875;359210000
2026-09-04;Dow Jones;2025-01-02;42660.08984375;42905.08984375;42174.80078125;42392.26953125;42392.26953125;459850000
2026-09-04;Dow Jones;2025-01-03;42495.76171875;42782.76171875;42436.921875;42732.12890625;42732.12890625;455810000
2026-09-04;Dow Jones;2025-01-06;42835.51953125;43115.30859375;42611.16015625;42706.55859375;42706.55859375;557040000
2026-09-04;Dow Jones;2025-01-07;42809.7109375;42931.5390625;42380.75;42528.359375;42528.359375;621630000
2026-09-04;Dow Jones;2025-01-08;42542.1015625;42656.21875;42327.7890625;42635.19921875;42635.19921875;463430000
2026-09-04;Dow Jones;2025-01-10;42540.2890625;42540.2890625;41877.30078125;41938.44921875;41938.44921875;543810000
2026-09-04;Dow Jones;2025-01-13;41924.6796875;42319.6015625;41844.890625;42297.12109375;42297.12109375;500190000
2026-09-04;Dow Jones;2025-01-14;42366.421875;42544.5703125;42157.03125;42518.28125;42518.28125;454650000
2026-09-04;Dow Jones;2025-01-15;42927.76171875;43323.48828125;42927.76171875;43221.55078125;43221.55078125;479110000
2026-09-04;Dow Jones;2025-01-16;43290.25;43294.80859375;43081.75;43153.12890625;43153.12890625;504270000
2026-09-04;Dow Jones;2025-01-17;43312.55078125;43653.25;43312.55078125;43487.828125;43487.828125;554870000
2026-09-04;Dow Jones;2025-01-21;43528.6484375;44050.12890625;43528.6484375;44025.80859375;44025.80859375;592210000
2026-09-04;Dow Jones;2025-01-22;44178.05859375;44208.33984375;44042.109375;44156.73046875;44156.73046875;588430000
2026-09-04;Dow Jones;2025-01-23;44113.55078125;44565.26171875;44113.55078125;44565.0703125;44565.0703125;444180000
2026-09-04;Dow Jones;2025-01-24;44533.75;44545.51953125;44332.21875;44424.25;44424.25;532230000
2026-09-04;Dow Jones;2025-01-27;44148.83984375;44727.8515625;44026.26953125;44713.578125;44713.578125;1230150000
2026-09-04;Dow Jones;2025-01-28;44756.359375;44976.3515625;44621.9609375;44850.3515625;44850.3515625;915110000
2026-09-04;Dow Jones;2025-01-29;44819.55078125;44962.578125;44579.1015625;44713.51953125;44713.51953125;695190000
2026-09-04;Dow Jones;2025-01-30;44548.69140625;45008.75;44548.69140625;44882.12890625;44882.12890625;714080000
2026-09-04;Dow Jones;2025-01-31;45054.359375;45054.359375;44507.21875;44544.66015625;44544.66015625;768530000
2026-09-04;Dow Jones;2025-02-03;44268.1484375;44594.5390625;43879.05859375;44421.91015625;44421.91015625;712890000
2026-09-04;Dow Jones;2025-02-04;44469.4609375;44597.7109375;44328.51953125;44556.0390625;44556.0390625;561360000
2026-09-04;Dow Jones;2025-02-05;44563.62890625;44886.87890625;44352.98828125;44873.28125;44873.28125;552040000
2026-09-04;Dow Jones;2025-02-06;44949.19140625;44966.62890625;44545.26953125;44747.62890625;44747.62890625;542250000
2026-09-04;Dow Jones;2025-02-07;44762.5703125;44857.109375;44279.78125;44303.3984375;44303.3984375;552510000
2026-09-04;Dow Jones;2025-02-10;44396.921875;44622.19140625;44301.421875;44470.41015625;44470.41015625;494600000
2026-09-04;Dow Jones;2025-02-11;44401.37890625;44640.6015625;44319.51171875;44593.6484375;44593.6484375;453440000
2026-09-04;Dow Jones;2025-02-12;44357.69921875;44467.2109375;44104.48046875;44368.55859375;44368.55859375;444470000
2026-09-04;Dow Jones;2025-02-13;44425.94140625;44768.26171875;44366.62109375;44711.4296875;44711.4296875;513960000
2026-09-04;Dow Jones;2025-02-14;44720.98828125;44769.05078125;44498.9609375;44546.078125;44546.078125;474570000
2026-09-04;Dow Jones;2025-02-18;44583.91015625;44602.01953125;44319.3203125;44556.33984375;44556.33984375;551790000
2026-09-04;Dow Jones;2025-02-19;44478.12109375;44636.19140625;44312.6484375;44627.58984375;44627.58984375;438880000
2026-09-04;Dow Jones;2025-02-20;44561.109375;44561.109375;43950.16015625;44176.6484375;44176.6484375;448500000
2026-09-04;Dow Jones;2025-02-21;43820.12890625;43959.73046875;43349.328125;43428.01953125;43428.01953125;622550000
2026-09-04;Dow Jones;2025-02-24;43493.12109375;43699.1484375;43343.671875;43461.2109375;43461.2109375;615500000
2026-09-04;Dow Jones;2025-02-25;43509.73828125;43767.73828125;43282.98046875;43621.16015625;43621.16015625;641310000
2026-09-04;Dow Jones;2025-02-26;43635.421875;43866.5;43318.9296875;43433.12109375;43433.12109375;590270000
2026-09-04;Dow Jones;2025-02-27;43516.44140625;43884.19140625;43224.53125;43239.5;43239.5;739620000
2026-09-04;Dow Jones;2025-02-28;43259.83984375;43873.55078125;43100.87109375;43840.91015625;43840.91015625;782170000
2026-09-04;Dow Jones;2025-03-03;43900.48828125;44033.78125;42919.30859375;43191.23828125;43191.23828125;731560000
2026-09-04;Dow Jones;2025-03-04;43040.30078125;43084.0;42347.75;42520.98828125;42520.98828125;815780000
2026-09-04;Dow Jones;2025-03-05;42518.37109375;43135.921875;42418.73046875;43006.58984375;43006.58984375;582350000
2026-09-04;Dow Jones;2025-03-06;42848.48828125;42970.48828125;42381.55859375;42579.078125;42579.078125;643880000
2026-09-04;Dow Jones;2025-03-07;42503.0703125;42898.6796875;42175.62109375;42801.71875;42801.71875;763440000
2026-09-04;Dow Jones;2025-03-10;42507.6484375;42541.359375;41612.921875;41911.7109375;41911.7109375;840180000
2026-09-04;Dow Jones;2025-03-11;41837.94921875;41868.26953125;41175.37109375;41433.48046875;41433.48046875;828160000
2026-09-04;Dow Jones;2025-03-12;41577.5;41721.359375;41010.23828125;41350.9296875;41350.9296875;712360000
2026-09-04;Dow Jones;2025-03-13;41280.05078125;41360.12109375;40661.76953125;40813.5703125;40813.5703125;646770000
2026-09-04;Dow Jones;2025-03-14;41057.5703125;41528.109375;40929.5390625;41488.19140625;41488.19140625;600240000
2026-09-04;Dow Jones;2025-03-17;41460.21875;42013.1015625;41412.75;41841.62890625;41841.62890625;564190000
2026-09-04;Dow Jones;2025-03-18;41772.91015625;41787.25;41415.4296875;41581.30859375;41581.30859375;569810000
2026-09-04;Dow Jones;2025-03-19;41613.19140625;42178.41015625;41613.19140625;41964.62890625;41964.62890625;577530000
2026-09-04;Dow Jones;2025-03-20;41795.26171875;42250.2890625;41695.609375;41953.3203125;41953.3203125;545240000
2026-09-04;Dow Jones;2025-03-21;41763.3984375;42011.3984375;41433.859375;41985.3515625;41985.3515625;1026600000
2026-09-04;Dow Jones;2025-03-24;42180.140625;42638.8515625;42180.140625;42583.3203125;42583.3203125;548840000
2026-09-04;Dow Jones;2025-03-25;42635.5390625;42696.609375;42441.828125;42587.5;42587.5;452200000
2026-09-04;Dow Jones;2025-03-26;42655.8515625;42821.828125;42326.671875;42454.7890625;42454.7890625;592650000
2026-09-04;Dow Jones;2025-03-27;42432.9609375;42523.83984375;42142.19140625;42299.69921875;42299.69921875;484540000
2026-09-04;Dow Jones;2025-03-28;42245.8203125;42258.1484375;41530.0;41583.8984375;41583.8984375;532360000
2026-09-04;Dow Jones;2025-03-31;41382.51953125;42147.37890625;41148.12890625;42001.76171875;42001.76171875;732220000
2026-09-04;Dow Jones;2025-04-01;41879.75;42140.66015625;41519.8984375;41989.9609375;41989.9609375;514610000
2026-09-04;Dow Jones;2025-04-02;41736.078125;42382.26953125;41629.69921875;42225.3203125;42225.3203125;492050000
2026-09-04;Dow Jones;2025-04-03;40986.51953125;41173.62109375;40513.109375;40545.9296875;40545.9296875;941940000
2026-09-04;Dow Jones;2025-04-04;40097.8984375;40097.8984375;38264.87109375;38314.859375;38314.859375;1290100000
2026-09-04;Dow Jones;2025-04-07;37879.6484375;39207.01953125;36611.78125;37965.6015625;37965.6015625;1363960000
2026-09-04;Dow Jones;2025-04-08;38827.1015625;39426.6015625;37103.859375;37645.58984375;37645.58984375;1051220000
2026-09-04;Dow Jones;2025-04-09;37387.91015625;40778.69921875;37275.69140625;40608.44921875;40608.44921875;1412960000
2026-09-04;Dow Jones;2025-04-10;39996.9296875;39996.9296875;38427.69921875;39593.66015625;39593.66015625;1023490000
2026-09-04;Dow Jones;2025-04-11;39493.421875;40404.26953125;39255.2109375;40212.7109375;40212.7109375;742800000
2026-09-04;Dow Jones;2025-04-14;40546.1484375;40778.2890625;40159.01953125;40524.7890625;40524.7890625;667010000
2026-09-04;Dow Jones;2025-04-15;40527.8203125;40791.1796875;40346.94140625;40368.9609375;40368.9609375;529800000
2026-09-04;Dow Jones;2025-04-16;40179.48828125;40416.80078125;39394.75;39669.390625;39669.390625;737550000
2026-09-04;Dow Jones;2025-04-17;39745.578125;39745.578125;38950.30859375;39142.23046875;39142.23046875;657400000
2026-09-04;Dow Jones;2025-04-21;38906.0390625;38906.0390625;37830.66015625;38170.41015625;38170.41015625;604790000
2026-09-04;Dow Jones;2025-04-22;38516.23046875;39272.03125;38516.23046875;39186.98046875;39186.98046875;582330000
2026-09-04;Dow Jones;2025-04-23;39815.01171875;40376.109375;39487.140625;39606.5703125;39606.5703125;642550000
2026-09-04;Dow Jones;2025-04-24;39531.05078125;40157.91015625;39371.87109375;40093.3984375;40093.3984375;558120000
2026-09-04;Dow Jones;2025-04-25;40045.73046875;40137.30859375;39718.6796875;40113.5;40113.5;559040000
2026-09-04;Dow Jones;2025-04-28;40171.73828125;40414.1796875;39869.1015625;40227.58984375;40227.58984375;475930000
2026-09-04;Dow Jones;2025-04-29;40233.98046875;40630.48828125;40222.1796875;40527.62109375;40527.62109375;434830000
2026-09-04;Dow Jones;2025-04-30;40290.41015625;40777.16015625;39745.62890625;40669.359375;40669.359375;599760000
2026-09-04;Dow Jones;2025-05-01;40918.0390625;41099.51953125;40705.62890625;40752.9609375;40752.9609375;597270000
2026-09-04;Dow Jones;2025-05-02;40960.421875;41386.19140625;40960.421875;41317.4296875;41317.4296875;589870000
2026-09-04;Dow Jones;2025-05-05;41173.37890625;41445.91015625;41063.44140625;41218.828125;41218.828125;413440000
2026-09-04;Dow Jones;2025-05-06;41000.19140625;41164.328125;40759.41015625;40829.0;40829.0;416110000
2026-09-04;Dow Jones;2025-05-07;40956.078125;41266.91015625;40829.2890625;41113.96875;41113.96875;533870000
2026-09-04;Dow Jones;2025-05-08;41312.5703125;41773.21875;41167.76171875;41368.44921875;41368.44921875;514850000
2026-09-04;Dow Jones;2025-05-09;41405.48046875;41512.4296875;41150.73046875;41249.37890625;41249.37890625;373930000
2026-09-04;Dow Jones;2025-05-12;41899.05078125;42418.05078125;41899.05078125;42410.1015625;42410.1015625;653810000
2026-09-04;Dow Jones;2025-05-13;42507.328125;42507.328125;42132.0390625;42140.4296875;42140.4296875;729860000
2026-09-04;Dow Jones;2025-05-14;42150.08984375;42254.75;41952.859375;42051.05859375;42051.05859375;660230000
2026-09-04;Dow Jones;2025-05-15;41777.98046875;42351.421875;41777.98046875;42322.75;42322.75;736430000
2026-09-04;Dow Jones;2025-05-16;42356.19921875;42663.6796875;42232.55859375;42654.73828125;42654.73828125;621250000
2026-09-04;Dow Jones;2025-05-19;42542.80859375;42842.0390625;42337.7109375;42792.0703125;42792.0703125;536830000
2026-09-04;Dow Jones;2025-05-20;42735.109375;42800.0390625;42485.37109375;42677.23828125;42677.23828125;441530000
2026-09-04;Dow Jones;2025-05-21;42354.4609375;42439.26953125;41785.21875;41860.44140625;41860.44140625;607900000
2026-09-04;Dow Jones;2025-05-22;41763.6796875;42090.421875;41714.4296875;41859.08984375;41859.08984375;476080000
2026-09-04;Dow Jones;2025-05-23;41525.69921875;41788.609375;41354.08984375;41603.0703125;41603.0703125;497060000
2026-09-04;Dow Jones;2025-05-27;41849.0390625;42350.66015625;41849.0390625;42343.6484375;42343.6484375;501340000
2026-09-04;Dow Jones;2025-05-28;42361.62890625;42448.71875;42042.26171875;42098.69921875;42098.69921875;518840000
2026-09-04;Dow Jones;2025-05-29;42190.01953125;42266.0;41828.3515625;42215.73046875;42215.73046875;665310000
2026-09-04;Dow Jones;2025-05-30;42192.3515625;42376.078125;41906.16015625;42270.0703125;42270.0703125;796200000
2026-09-04;Dow Jones;2025-06-02;42199.94140625;42317.0;41853.62109375;42305.48046875;42305.48046875;454680000
2026-09-04;Dow Jones;2025-06-03;42304.5;42568.37890625;42186.44140625;42519.640625;42519.640625;504410000
2026-09-04;Dow Jones;2025-06-04;42574.12890625;42645.0;42427.73828125;42427.73828125;42427.73828125;409600000
2026-09-04;Dow Jones;2025-06-05;42487.890625;42601.44921875;42211.69140625;42319.73828125;42319.73828125;532850000
2026-09-04;Dow Jones;2025-06-06;42631.8203125;42924.55859375;42582.55078125;42762.87109375;42762.87109375;414540000
2026-09-04;Dow Jones;2025-06-09;42786.19140625;42893.08984375;42567.55078125;42761.76171875;42761.76171875;485780000
2026-09-04;Dow Jones;2025-06-10;42738.26953125;42925.94140625;42710.08984375;42866.87109375;42866.87109375;446850000
2026-09-04;Dow Jones;2025-06-11;42882.859375;43115.69140625;42738.62109375;42865.76953125;42865.76953125;467260000
2026-09-04;Dow Jones;2025-06-12;42737.359375;42970.3984375;42606.421875;42967.62109375;42967.62109375;455760000
2026-09-04;Dow Jones;2025-06-13;42579.48046875;42602.48046875;42081.08984375;42197.7890625;42197.7890625;485930000
2026-09-04;Dow Jones;2025-06-16;42300.12890625;42707.73046875;42300.12890625;42515.08984375;42515.08984375;467040000
2026-09-04;Dow Jones;2025-06-17;42358.62109375;42530.828125;42132.6484375;42215.80078125;42215.80078125;423070000
2026-09-04;Dow Jones;2025-06-18;42236.03125;42510.0703125;42118.23046875;42171.66015625;42171.66015625;485440000
2026-09-04;Dow Jones;2025-06-20;42291.08984375;42432.19140625;42089.98828125;42206.8203125;42206.8203125;859840000
2026-09-04;Dow Jones;2025-06-23;42178.55078125;42609.46875;41981.140625;42581.78125;42581.78125;496750000
2026-09-04;Dow Jones;2025-06-24;42807.12890625;43183.48046875;42794.078125;43089.01953125;43089.01953125;516060000
2026-09-04;Dow Jones;2025-06-25;43130.328125;43130.328125;42871.5;42982.4296875;42982.4296875;527460000
2026-09-04;Dow Jones;2025-06-26;43084.0703125;43430.98828125;43084.0703125;43386.83984375;43386.83984375;536710000
2026-09-04;Dow Jones;2025-06-27;43505.6015625;43966.37109375;43505.6015625;43819.26953125;43819.26953125;921330000
2026-09-04;Dow Jones;2025-06-30;44020.66015625;44138.69140625;43889.16015625;44094.76953125;44094.76953125;623630000
2026-09-04;Dow Jones;2025-07-01;44061.48828125;44604.1484375;44013.5390625;44494.94140625;44494.94140625;593600000
2026-09-04;Dow Jones;2025-07-02;44455.66015625;44557.8203125;44354.01171875;44484.421875;44484.421875;499870000
2026-09-04;Dow Jones;2025-07-03;44565.75;44885.828125;44550.421875;44828.53125;44828.53125;346620000
2026-09-04;Dow Jones;2025-07-07;44803.359375;44803.359375;44160.3203125;44406.359375;44406.359375;442350000
2026-09-04;Dow Jones;2025-07-08;44378.578125;44436.9609375;44201.37109375;44240.76171875;44240.76171875;445670000
2026-09-04;Dow Jones;2025-07-09;44327.12890625;44556.6796875;44225.87890625;44458.30078125;44458.30078125;531790000
2026-09-04;Dow Jones;2025-07-10;44427.75;44775.46875;44372.921875;44650.640625;44650.640625;452340000
2026-09-04;Dow Jones;2025-07-11;44480.76953125;44480.76953125;44275.25;44371.51171875;44371.51171875;474090000
2026-09-04;Dow Jones;2025-07-14;44346.1484375;44472.12890625;44237.28125;44459.6484375;44459.6484375;410250000
2026-09-04;Dow Jones;2025-07-15;44459.83984375;44504.26953125;44002.390625;44023.2890625;44023.2890625;496270000
2026-09-04;Dow Jones;2025-07-16;44152.73828125;44260.19140625;43758.98046875;44254.78125;44254.78125;450190000
2026-09-04;Dow Jones;2025-07-17;44229.87890625;44558.05078125;44200.0390625;44484.48828125;44484.48828125;455310000
2026-09-04;Dow Jones;2025-07-18;44571.6796875;44571.6796875;44224.58984375;44342.19140625;44342.19140625;497800000
2026-09-04;Dow Jones;2025-07-21;44368.3984375;44601.8515625;44311.421875;44323.0703125;44323.0703125;446590000
2026-09-04;Dow Jones;2025-07-22;44338.62109375;44542.53125;44272.6015625;44502.44140625;44502.44140625;483560000
2026-09-04;Dow Jones;2025-07-23;44661.12109375;45016.7109375;44638.44140625;45010.2890625;45010.2890625;446630000
2026-09-04;Dow Jones;2025-07-24;44776.41015625;44912.26953125;44674.5703125;44693.91015625;44693.91015625;453000000
2026-09-04;Dow Jones;2025-07-25;44757.28125;44944.4609375;44650.58984375;44901.921875;44901.921875;369500000
2026-09-04;Dow Jones;2025-07-28;44946.98046875;44946.98046875;44739.9609375;44837.55859375;44837.55859375;416510000
2026-09-04;Dow Jones;2025-07-29;44833.73828125;44883.66015625;44568.828125;44632.98828125;44632.98828125;488780000
2026-09-04;Dow Jones;2025-07-30;44677.8984375;44739.53125;44261.7109375;44461.28125;44461.28125;456840000
2026-09-04;Dow Jones;2025-07-31;44665.8203125;44665.8203125;44049.01171875;44130.98046875;44130.98046875;689040000
2026-09-04;Dow Jones;2025-08-01;43781.76953125;43781.76953125;43340.6796875;43588.578125;43588.578125;705150000
2026-09-04;Dow Jones;2025-08-04;43724.01953125;44188.359375;43724.01953125;44173.640625;44173.640625;514180000
2026-09-04;Dow Jones;2025-08-05;44200.0703125;44308.5;43923.80859375;44111.73828125;44111.73828125;455690000
2026-09-04;Dow Jones;2025-08-06;44196.609375;44290.08984375;44017.7109375;44193.12109375;44193.12109375;518970000
2026-09-04;Dow Jones;2025-08-07;44430.08984375;44498.4296875;43799.19921875;43968.640625;43968.640625;492480000
2026-09-04;Dow Jones;2025-08-08;44044.94921875;44272.75;44028.94140625;44175.609375;44175.609375;452500000
2026-09-04;Dow Jones;2025-08-11;44184.359375;44273.03125;43911.30859375;43975.08984375;43975.08984375;431510000
2026-09-04;Dow Jones;2025-08-12;44050.53125;44497.58984375;44050.53125;44458.609375;44458.609375;442850000
2026-09-04;Dow Jones;2025-08-13;44571.53125;44949.12109375;44571.53125;44922.26953125;44922.26953125;521430000
2026-09-04;Dow Jones;2025-08-14;44890.83984375;44948.69921875;44690.5;44911.26171875;44911.26171875;453530000
2026-09-04;Dow Jones;2025-08-15;45159.91015625;45203.51953125;44897.98046875;44946.12109375;44946.12109375;547270000
2026-09-04;Dow Jones;2025-08-18;44963.171875;44998.828125;44868.3203125;44911.8203125;44911.8203125;416460000
2026-09-04;Dow Jones;2025-08-19;44952.359375;45207.390625;44816.5;44922.26953125;44922.26953125;466010000
2026-09-04;Dow Jones;2025-08-20;44922.69921875;45033.75;44767.96875;44938.30859375;44938.30859375;512550000
2026-09-04;Dow Jones;2025-08-21;44808.2109375;44892.609375;44579.03125;44785.5;44785.5;407540000
2026-09-04;Dow Jones;2025-08-22;44952.87890625;45757.83984375;44952.87890625;45631.73828125;45631.73828125;484720000
2026-09-04;Dow Jones;2025-08-25;45605.25;45605.25;45273.08984375;45282.46875;45282.46875;393960000
2026-09-04;Dow Jones;2025-08-26;45236.828125;45437.62109375;45192.2890625;45418.0703125;45418.0703125;490980000
2026-09-04;Dow Jones;2025-08-27;45417.4609375;45621.078125;45372.78125;45565.23046875;45565.23046875;430980000
2026-09-04;Dow Jones;2025-08-28;45581.03125;45682.828125;45442.6796875;45636.8984375;45636.8984375;540880000
2026-09-04;Dow Jones;2025-08-29;45590.9609375;45616.16015625;45377.2109375;45544.87890625;45544.87890625;494870000
2026-09-04;Dow Jones;2025-09-02;45287.73046875;45295.80859375;44948.16015625;45295.80859375;45295.80859375;533180000
2026-09-04;Dow Jones;2025-09-03;45309.4296875;45309.4296875;44980.359375;45271.23046875;45271.23046875;479210000
2026-09-04;Dow Jones;2025-09-04;45204.87109375;45632.390625;45160.73828125;45621.2890625;45621.2890625;457490000
2026-09-04;Dow Jones;2025-09-05;45656.48828125;45770.19921875;45211.78125;45400.859375;45400.859375;558920000
2026-09-04;Dow Jones;2025-09-08;45430.609375;45542.55859375;45277.73046875;45514.94921875;45514.94921875;472240000
2026-09-04;Dow Jones;2025-09-09;45547.62109375;45764.19921875;45433.51171875;45711.33984375;45711.33984375;449650000
2026-09-04;Dow Jones;2025-09-10;45731.5;45731.5;45380.05859375;45490.921875;45490.921875;579920000
2026-09-04;Dow Jones;2025-09-11;45577.08984375;46137.19921875;45577.08984375;46108.0;46108.0;448340000
2026-09-04;Dow Jones;2025-09-12;46077.140625;46077.140625;45813.9296875;45834.21875;45834.21875;421730000
2026-09-04;Dow Jones;2025-09-15;45848.390625;45978.4296875;45771.87890625;45883.44921875;45883.44921875;401500000
2026-09-04;Dow Jones;2025-09-16;45919.5390625;45967.109375;45667.421875;45757.8984375;45757.8984375;443400000
2026-09-04;Dow Jones;2025-09-17;45778.3984375;46261.94921875;45687.58984375;46018.3203125;46018.3203125;509830000
2026-09-04;Dow Jones;2025-09-18;46056.55078125;46317.51953125;45954.73046875;46142.421875;46142.421875;489090000
2026-09-04;Dow Jones;2025-09-19;46211.16015625;46396.46875;46105.01953125;46315.26953125;46315.26953125;972580000
2026-09-04;Dow Jones;2025-09-22;46206.69140625;46447.12890625;46035.828125;46381.5390625;46381.5390625;627450000
2026-09-04;Dow Jones;2025-09-23;46364.109375;46714.26953125;46217.578125;46292.78125;46292.78125;541530000
2026-09-04;Dow Jones;2025-09-24;46368.94140625;46453.0703125;46096.390625;46121.28125;46121.28125;421040000
2026-09-04;Dow Jones;2025-09-25;46097.4296875;46122.421875;45785.171875;45947.3203125;45947.3203125;509180000
2026-09-04;Dow Jones;2025-09-26;46101.44921875;46353.03125;46051.921875;46247.2890625;46247.2890625;434270000
2026-09-04;Dow Jones;2025-09-29;46306.33984375;46387.05859375;46149.05078125;46316.0703125;46316.0703125;479740000
2026-09-04;Dow Jones;2025-09-30;46282.62890625;46425.30078125;46103.390625;46397.890625;46397.890625;584780000
2026-09-04;Dow Jones;2025-10-01;46366.78125;46528.78125;46276.390625;46441.1015625;46441.1015625;552790000
2026-09-04;Dow Jones;2025-10-02;46461.109375;46589.30859375;46283.5703125;46519.71875;46519.71875;442010000
2026-09-04;Dow Jones;2025-10-03;46583.94921875;47049.640625;46566.87109375;46758.28125;46758.28125;425050000
2026-09-04;Dow Jones;2025-10-06;46776.0390625;46846.44921875;46426.9609375;46694.96875;46694.96875;500000000
2026-09-04;Dow Jones;2025-10-07;46700.8984375;46868.48828125;46448.01953125;46602.98046875;46602.98046875;411280000
2026-09-04;Dow Jones;2025-10-08;46649.3203125;46816.28125;46498.390625;46601.78125;46601.78125;423510000
2026-09-04;Dow Jones;2025-10-09;46622.30859375;46684.41015625;46271.3984375;46358.421875;46358.421875;493080000
2026-09-04;Dow Jones;2025-10-10;46394.87890625;46641.73828125;45470.71875;45479.6015625;45479.6015625;658100000
2026-09-04;Dow Jones;2025-10-13;45698.4609375;46153.48828125;45698.4609375;46067.578125;46067.578125;414070000
2026-09-04;Dow Jones;2025-10-14;45871.890625;46522.671875;45452.03125;46270.4609375;46270.4609375;515330000
2026-09-04;Dow Jones;2025-10-15;46375.171875;46693.33984375;46027.23046875;46253.30859375;46253.30859375;488700000
2026-09-04;Dow Jones;2025-10-16;46289.08984375;46422.33984375;45781.1796875;45952.23828125;45952.23828125;481610000
2026-09-04;Dow Jones;2025-10-17;45862.3984375;46327.0703125;45862.37109375;46190.609375;46190.609375;492870000
2026-09-04;Dow Jones;2025-10-20;46312.87890625;46759.26953125;46312.87890625;46706.578125;46706.578125;444010000
2026-09-04;Dow Jones;2025-10-21;46707.078125;47125.66015625;46688.25;46924.73828125;46924.73828125;430490000
2026-09-04;Dow Jones;2025-10-22;46941.55859375;46941.55859375;46461.51953125;46590.41015625;46590.41015625;458450000
2026-09-04;Dow Jones;2025-10-23;46519.12890625;46802.1484375;46490.05859375;46734.609375;46734.609375;407570000
2026-09-04;Dow Jones;2025-10-24;46811.51171875;47326.73046875;46811.51171875;47207.12109375;47207.12109375;403500000
2026-09-04;Dow Jones;2025-10-27;47412.80078125;47564.51953125;47375.9609375;47544.58984375;47544.58984375;426790000
2026-09-04;Dow Jones;2025-10-28;47752.3515625;47943.16015625;47675.69921875;47706.37109375;47706.37109375;603670000
2026-09-04;Dow Jones;2025-10-29;47746.7890625;48040.640625;47448.58984375;47632.0;47632.0;683470000
2026-09-04;Dow Jones;2025-10-30;47446.87890625;48014.921875;47381.91015625;47522.12109375;47522.12109375;593890000
2026-09-04;Dow Jones;2025-10-31;47659.9609375;47718.37890625;47347.28125;47562.87109375;47562.87109375;704620000
2026-09-04;Dow Jones;2025-11-03;47697.328125;47697.328125;47135.9609375;47336.6796875;47336.6796875;571740000
2026-09-04;Dow Jones;2025-11-04;47148.0390625;47274.8984375;46877.05859375;47085.23828125;47085.23828125;514650000
2026-09-04;Dow Jones;2025-11-05;47097.30859375;47460.359375;47041.30859375;47311.0;47311.0;469010000
2026-09-04;Dow Jones;2025-11-06;47255.12109375;47359.2890625;46787.44140625;46912.30078125;46912.30078125;552150000
2026-09-04;Dow Jones;2025-11-07;46797.03125;46996.7109375;46495.62109375;46987.1015625;46987.1015625;591090000
2026-09-04;Dow Jones;2025-11-10;47095.05859375;47412.890625;46934.3515625;47368.62890625;47368.62890625;490070000
2026-09-04;Dow Jones;2025-11-11;47384.51171875;47974.37109375;47384.51171875;47927.9609375;47927.9609375;454970000
2026-09-04;Dow Jones;2025-11-12;48015.7890625;48431.5703125;48015.7890625;48254.8203125;48254.8203125;497550000
2026-09-04;Dow Jones;2025-11-13;48173.921875;48233.25;47411.1015625;47457.21875;47457.21875;608110000
2026-09-04;Dow Jones;2025-11-14;47222.37890625;47380.0703125;46863.05078125;47147.48046875;47147.48046875;552330000
2026-09-04;Dow Jones;2025-11-17;47068.05859375;47202.55859375;46430.26953125;46590.23828125;46590.23828125;503830000
2026-09-04;Dow Jones;2025-11-18;46382.921875;46382.921875;45913.6015625;46091.73828125;46091.73828125;596360000
2026-09-04;Dow Jones;2025-11-19;46138.6796875;46299.12890625;45905.19140625;46138.76953125;46138.76953125;555370000
2026-09-04;Dow Jones;2025-11-20;46567.51171875;46856.75;45728.9296875;45752.26171875;45752.26171875;721440000
2026-09-04;Dow Jones;2025-11-21;45808.6484375;46577.5;45781.578125;46245.41015625;46245.41015625;790560000
2026-09-04;Dow Jones;2025-11-24;46351.9296875;46587.7109375;46108.01171875;46448.26953125;46448.26953125;743580000
2026-09-04;Dow Jones;2025-11-25;46482.359375;47182.8984375;46341.3515625;47112.44921875;47112.44921875;648860000
2026-09-04;Dow Jones;2025-11-26;47196.1484375;47571.3984375;47196.1484375;47427.12109375;47427.12109375;454980000
2026-09-04;Dow Jones;2025-11-28;47482.25;47750.76953125;47475.609375;47716.421875;47716.421875;272500000
2026-09-04;Dow Jones;2025-12-01;47580.8515625;47676.03125;47271.109375;47289.328125;47289.328125;482190000
2026-09-04;Dow Jones;2025-12-02;47416.91015625;47597.109375;47263.921875;47474.4609375;47474.4609375;510900000
2026-09-04;Dow Jones;2025-12-03;47371.62109375;47969.640625;47371.62109375;47882.8984375;47882.8984375;490380000
2026-09-04;Dow Jones;2025-12-04;47888.16015625;48049.71875;47692.9609375;47850.94140625;47850.94140625;498740000
2026-09-04;Dow Jones;2025-12-05;47879.6015625;48133.5390625;47871.51171875;47954.98828125;47954.98828125;456100000
2026-09-04;Dow Jones;2025-12-08;47971.51171875;47971.51171875;47611.9296875;47739.3203125;47739.3203125;505490000
2026-09-04;Dow Jones;2025-12-09;47724.51953125;47957.7890625;47533.6015625;47560.2890625;47560.2890625;425470000
2026-09-04;Dow Jones;2025-12-10;47573.9609375;48197.30078125;47462.94140625;48057.75;48057.75;545610000
2026-09-04;Dow Jones;2025-12-11;48082.8984375;48756.33984375;48082.8984375;48704.01171875;48704.01171875;493950000
2026-09-04;Dow Jones;2025-12-12;48714.75;48886.859375;48334.1015625;48458.05078125;48458.05078125;495830000
2026-09-04;Dow Jones;2025-12-15;48594.359375;48679.140625;48283.26953125;48416.55859375;48416.55859375;516630000
2026-09-04;Dow Jones;2025-12-16;48380.171875;48452.171875;47946.25;48114.26171875;48114.26171875;457400000
2026-09-04;Dow Jones;2025-12-17;48128.05078125;48387.328125;47856.7890625;47885.96875;47885.96875;534260000
2026-09-04;Dow Jones;2025-12-18;48101.1796875;48365.9296875;47849.48046875;47951.8515625;47951.8515625;521430000
2026-09-04;Dow Jones;2025-12-19;47974.8203125;48289.62890625;47974.8203125;48134.890625;48134.890625;1227520000
2026-09-04;Dow Jones;2025-12-22;48211.87890625;48457.46875;48199.12890625;48362.6796875;48362.6796875;427050000
2026-09-04;Dow Jones;2025-12-23;48320.58984375;48527.5;48254.30859375;48442.41015625;48442.41015625;418920000
2026-09-04;Dow Jones;2025-12-24;48424.7109375;48771.3203125;48386.58984375;48731.16015625;48731.16015625;206740000
2026-09-04;Dow Jones;2025-12-26;48712.46875;48782.0;48589.0703125;48710.96875;48710.96875;288770000
2026-09-04;Dow Jones;2025-12-29;48636.62890625;48704.828125;48390.91015625;48461.9296875;48461.9296875;321850000
2026-09-04;Dow Jones;2025-12-30;48434.87890625;48471.69921875;48297.26171875;48367.05859375;48367.05859375;282570000
2026-09-04;Dow Jones;2025-12-31;48371.51953125;48394.51171875;48050.87890625;48063.2890625;48063.2890625;336060000
2026-09-04;Dow Jones;2026-01-02;48105.98046875;48404.05859375;47853.0390625;48382.390625;48382.390625;465060000
2026-09-04;Dow Jones;2026-01-05;48475.80859375;49209.94921875;48449.62109375;48977.1796875;48977.1796875;578580000
2026-09-04;Dow Jones;2026-01-06;48987.359375;49509.921875;48923.828125;49462.078125;49462.078125;541220000
2026-09-04;Dow Jones;2026-01-07;49512.71875;49621.4296875;48951.98828125;48996.078125;48996.078125;506140000
2026-09-04;Dow Jones;2026-01-08;48850.171875;49357.73828125;48792.33984375;49266.109375;49266.109375;515070000
2026-09-04;Dow Jones;2026-01-09;49234.80859375;49571.41015625;49197.05859375;49504.0703125;49504.0703125;444480000
2026-09-04;Dow Jones;2026-01-12;49499.671875;49633.3515625;49011.30859375;49590.19921875;49590.19921875;516430000
2026-09-04;Dow Jones;2026-01-13;49616.94921875;49616.94921875;49056.30859375;49191.98828125;49191.98828125;549950000
2026-09-04;Dow Jones;2026-01-14;49088.25;49195.1015625;48851.98046875;49149.62890625;49149.62890625;530670000
2026-09-04;Dow Jones;2026-01-15;49201.1015625;49581.1796875;49201.1015625;49442.44140625;49442.44140625;541520000
2026-09-04;Dow Jones;2026-01-16;49466.69921875;49616.69921875;49246.23828125;49359.328125;49359.328125;992970000
2026-09-04;Dow Jones;2026-01-20;49005.01171875;49005.01171875;48428.12890625;48488.58984375;48488.58984375;676030000
2026-09-04;Dow Jones;2026-01-21;48546.03125;49295.03125;48546.03125;49077.23046875;49077.23046875;600840000
2026-09-04;Dow Jones;2026-01-22;49201.80859375;49607.2890625;49201.80859375;49384.01171875;49384.01171875;455130000
2026-09-04;Dow Jones;2026-01-23;49264.5390625;49265.4609375;48963.05078125;49098.7109375;49098.7109375;461030000
2026-09-04;Dow Jones;2026-01-26;49137.6484375;49488.80859375;49137.6484375;49412.3984375;49412.3984375;454370000
2026-09-04;Dow Jones;2026-01-27;49103.578125;49157.80078125;48862.51953125;49003.41015625;49003.41015625;533780000
2026-09-04;Dow Jones;2026-01-28;49024.6796875;49150.33984375;48901.48828125;49015.6015625;49015.6015625;470990000
2026-09-04;Dow Jones;2026-01-29;48938.26953125;49292.80859375;48597.21875;49071.55859375;49071.55859375;693040000
2026-09-04;Dow Jones;2026-01-30;48991.62109375;49047.6796875;48459.87890625;48892.46875;48892.46875;761990000
2026-09-04;Dow Jones;2026-02-02;48777.76953125;49484.94921875;48673.578125;49407.66015625;49407.66015625;632100000
2026-09-04;Dow Jones;2026-02-03;49358.58984375;49653.12890625;48832.78125;49240.98828125;49240.98828125;741310000
2026-09-04;Dow Jones;2026-02-04;49323.58984375;49649.859375;49112.4296875;49501.30078125;49501.30078125;742920000
2026-09-04;Dow Jones;2026-02-05;49313.0390625;49340.8984375;48829.1015625;48908.71875;48908.71875;710270000
2026-09-04;Dow Jones;2026-02-06;49032.19140625;50169.6484375;49032.19140625;50115.671875;50115.671875;775490000
2026-09-04;Dow Jones;2026-02-09;50047.7890625;50219.3984375;49837.44921875;50135.87109375;50135.87109375;623640000
2026-09-04;Dow Jones;2026-02-10;50193.48828125;50512.7890625;50115.03125;50188.140625;50188.140625;532700000
2026-09-04;Dow Jones;2026-02-11;50243.1484375;50499.0390625;49901.609375;50121.3984375;50121.3984375;569380000
2026-09-04;Dow Jones;2026-02-12;50170.26953125;50447.01171875;49420.28125;49451.98046875;49451.98046875;765340000
2026-09-04;Dow Jones;2026-02-13;49439.578125;49743.98046875;49084.3515625;49500.9296875;49500.9296875;597100000
2026-09-04;Dow Jones;2026-02-17;49525.37109375;49732.37109375;49169.83984375;49533.19140625;49533.19140625;558570000
2026-09-04;Dow Jones;2026-02-18;49571.921875;49897.30859375;49469.05859375;49662.66015625;49662.66015625;493390000
2026-09-04;Dow Jones;2026-02-19;49576.21875;49606.171875;49197.53125;49395.16015625;49395.16015625;439980000
2026-09-04;Dow Jones;2026-02-20;49323.0;49712.55859375;49158.28125;49625.96875;49625.96875;574810000
2026-09-04;Dow Jones;2026-02-23;49536.5390625;49695.609375;48731.4609375;48804.05859375;48804.05859375;574610000
2026-09-04;Dow Jones;2026-02-24;48827.80078125;49295.2109375;48752.73828125;49174.5;49174.5;524270000
2026-09-04;Dow Jones;2026-02-25;49357.62890625;49517.359375;49206.87109375;49482.1484375;49482.1484375;541620000
2026-09-04;Dow Jones;2026-02-26;49544.578125;49815.21875;49237.37890625;49499.19921875;49499.19921875;684630000
2026-09-04;Dow Jones;2026-02-27;49253.5703125;49253.5703125;48678.78125;48977.921875;48977.921875;811800000
2026-09-04;Dow Jones;2026-03-02;48794.421875;49064.671875;48377.9609375;48904.78125;48904.78125;552340000
2026-09-04;Dow Jones;2026-03-03;48493.109375;48695.359375;47626.8515625;48501.26953125;48501.26953125;533540000
2026-09-04;Dow Jones;2026-03-04;48589.76953125;48854.05078125;48354.37109375;48739.41015625;48739.41015625;511380000
2026-09-04;Dow Jones;2026-03-05;48526.73046875;48526.73046875;47577.109375;47954.73828125;47954.73828125;625110000
2026-09-04;Dow Jones;2026-03-06;47634.55078125;47634.55078125;47009.01171875;47501.55078125;47501.55078125;541850000
2026-09-04;Dow Jones;2026-03-09;47371.28125;47876.05859375;46615.51953125;47740.80078125;47740.80078125;560020000
2026-09-04;Dow Jones;2026-03-10;47771.4296875;48220.5390625;47444.23046875;47706.51171875;47706.51171875;490360000
2026-09-04;Dow Jones;2026-03-11;47690.76171875;47711.26171875;47185.890625;47417.26953125;47417.26953125;419500000
2026-09-04;Dow Jones;2026-03-12;47242.51953125;47242.51953125;46662.23046875;46677.8515625;46677.8515625;535900000
2026-09-04;Dow Jones;2026-03-13;46689.23828125;47123.98828125;46494.62890625;46558.46875;46558.46875;453250000
2026-09-04;Dow Jones;2026-03-16;46707.3984375;47176.140625;46707.3984375;46946.41015625;46946.41015625;514980000
2026-09-04;Dow Jones;2026-03-17;47085.53125;47428.12109375;46975.51953125;46993.26171875;46993.26171875;479900000
2026-09-04;Dow Jones;2026-03-18;46913.9296875;46913.9296875;46193.05859375;46225.1484375;46225.1484375;472020000
2026-09-04;Dow Jones;2026-03-19;46134.87109375;46247.21875;45733.69921875;46021.4296875;46021.4296875;482890000
2026-09-04;Dow Jones;2026-03-20;45975.6484375;46068.30859375;45369.390625;45577.46875;45577.46875;1044540000
2026-09-04;Dow Jones;2026-03-23;45803.8203125;46712.328125;45803.8203125;46208.46875;46208.46875;530140000
2026-09-04;Dow Jones;2026-03-24;46099.859375;46400.8203125;45769.69140625;46124.05859375;46124.05859375;474450000
2026-09-04;Dow Jones;2026-03-25;46314.23828125;46718.421875;46196.91015625;46429.48828125;46429.48828125;462990000
2026-09-04;Dow Jones;2026-03-26;46344.640625;46547.58984375;45910.75;45960.109375;45960.109375;505010000
2026-09-04;Dow Jones;2026-03-27;45904.25;45904.25;45063.328125;45166.640625;45166.640625;555090000
2026-09-04;Dow Jones;2026-03-30;45283.05859375;45625.76171875;45057.28125;45216.140625;45216.140625;540680000
2026-09-04;Dow Jones;2026-03-31;45541.76171875;46383.3984375;45480.30078125;46341.51171875;46341.51171875;639410000
2026-09-04;Dow Jones;2026-04-01;46396.12109375;46803.359375;46396.12109375;46565.73828125;46565.73828125;604140000
2026-09-04;Dow Jones;2026-04-02;46469.359375;46754.71875;45897.23828125;46504.671875;46504.671875;446710000
2026-09-04;Dow Jones;2026-04-06;46472.19921875;46701.1015625;46354.94921875;46669.87890625;46669.87890625;339870000
2026-09-04;Dow Jones;2026-04-07;46744.76171875;46744.76171875;46214.76953125;46584.4609375;46584.4609375;450740000
2026-09-04;Dow Jones;2026-04-08;46978.171875;48017.08984375;46978.171875;47909.921875;47909.921875;523710000
2026-09-04;Dow Jones;2026-04-09;47840.62890625;48323.94921875;47690.26953125;48185.80078125;48185.80078125;445240000
2026-09-04;Dow Jones;2026-04-10;48199.390625;48235.05859375;47856.1796875;47916.5703125;47916.5703125;477060000
2026-09-04;Dow Jones;2026-04-13;47718.2109375;48221.37109375;47505.96875;48218.25;48218.25;455850000
2026-09-04;Dow Jones;2026-04-14;48272.03125;48592.2890625;48192.30078125;48535.98828125;48535.98828125;527910000
2026-09-04;Dow Jones;2026-04-15;48549.140625;48709.01171875;48281.62109375;48463.71875;48463.71875;529870000
2026-09-04;Dow Jones;2026-04-16;48557.8203125;48683.44921875;48337.37890625;48578.71875;48578.71875;456610000
2026-09-04;Dow Jones;2026-04-17;48788.80859375;49717.98046875;48788.80859375;49447.4296875;49447.4296875;585650000
2026-09-04;Dow Jones;2026-04-20;49422.37109375;49489.62890625;49245.6015625;49442.55859375;49442.55859375;411270000
2026-09-04;Dow Jones;2026-04-21;49688.37109375;49848.69140625;49046.5390625;49149.37890625;49149.37890625;476630000
2026-09-04;Dow Jones;2026-04-22;49271.5;49624.48046875;49271.5;49490.03125;49490.03125;426410000
2026-09-04;Dow Jones;2026-04-23;49284.8515625;49522.94140625;48861.30859375;49310.3203125;49310.3203125;455470000
2026-09-04;Dow Jones;2026-04-24;49320.2890625;49393.33984375;49085.75;49230.7109375;49230.7109375;536950000
2026-09-04;Dow Jones;2026-04-27;49112.19921875;49353.69140625;49029.46875;49167.7890625;49167.7890625;514570000
2026-09-04;Dow Jones;2026-04-28;49276.80078125;49381.328125;49077.75;49141.9296875;49141.9296875;508210000
2026-09-04;Dow Jones;2026-04-29;49163.78125;49163.78125;48708.5703125;48861.80859375;48861.80859375;453280000
2026-09-04;Dow Jones;2026-04-30;48762.9296875;49753.26171875;48762.9296875;49652.140625;49652.140625;733120000
2026-09-04;Dow Jones;2026-05-01;49832.5703125;49988.55859375;49496.46875;49499.26953125;49499.26953125;465300000
2026-09-04;Dow Jones;2026-05-04;49416.66015625;49441.4296875;48913.05859375;48941.8984375;48941.8984375;439460000
2026-09-04;Dow Jones;2026-05-05;49037.12109375;49365.21875;49009.109375;49298.25;49298.25;395600000
2026-09-04;Dow Jones;2026-05-06;49442.19140625;50011.53125;49442.19140625;49910.58984375;49910.58984375;552640000
2026-09-04;Dow Jones;2026-05-07;50002.390625;50130.19921875;49487.96875;49596.96875;49596.96875;482010000
2026-09-04;Dow Jones;2026-05-08;49581.08984375;49830.69921875;49486.9609375;49609.16015625;49609.16015625;456510000
2026-09-04;Dow Jones;2026-05-11;49549.0703125;49771.23828125;49475.78125;49704.46875;49704.46875;493230000
2026-09-04;Dow Jones;2026-05-12;49739.62109375;49823.94140625;49307.66015625;49760.55859375;49760.55859375;498360000
2026-09-04;Dow Jones;2026-05-13;49674.578125;49747.609375;49451.0;49693.19921875;49693.19921875;485990000
2026-09-04;Dow Jones;2026-05-14;49843.578125;50200.5390625;49843.578125;50063.4609375;50063.4609375;504090000
2026-09-04;Dow Jones;2026-05-15;49930.26171875;49930.26171875;49503.5703125;49526.171875;49526.171875;587920000
2026-09-04;Dow Jones;2026-05-18;49481.0390625;49761.16015625;49352.55859375;49686.12109375;49686.12109375;461520000
2026-09-04;Dow Jones;2026-05-19;49696.53125;49696.53125;49245.109375;49363.87890625;49363.87890625;494840000
2026-09-04;Dow Jones;2026-05-20;49348.828125;50067.21875;49235.73828125;50009.3515625;50009.3515625;513230000
2026-09-04;Dow Jones;2026-05-21;49983.80078125;50381.41015625;49697.46875;50285.66015625;50285.66015625;560940000
2026-09-04;Dow Jones;2026-05-22;50434.6484375;50830.23828125;50434.6484375;50579.69921875;50579.69921875;463470000
2026-09-04;Dow Jones;2026-05-26;50686.1484375;50785.6796875;50356.640625;50461.6796875;50461.6796875;530360000
2026-09-04;Dow Jones;2026-05-27;50487.16015625;50830.41015625;50487.16015625;50644.28125;50644.28125;503580000
2026-09-04;Dow Jones;2026-05-28;50660.98046875;50764.0390625;50314.33984375;50668.96875;50668.96875;505090000
2026-09-04;Dow Jones;2026-05-29;50773.91015625;51094.1796875;50698.26953125;51032.4609375;51032.4609375;894700000
2026-09-04;Dow Jones;2026-06-01;51161.1015625;51161.1015625;50767.3203125;51078.87890625;51078.87890625;625190000
2026-09-04;Dow Jones;2026-06-02;50912.83984375;51369.609375;50829.55078125;51307.7890625;51307.7890625;548760000
2026-09-04;Dow Jones;2026-06-03;51220.921875;51220.921875;50687.0703125;50687.0703125;50687.0703125;546850000
2026-09-04;Dow Jones;2026-06-04;50986.1015625;51657.890625;50986.1015625;51561.9296875;51561.9296875;520670000
2026-09-04;Dow Jones;2026-06-05;51610.01953125;51660.3984375;50781.44921875;50866.78125;50866.78125;638680000
2026-09-04;Dow Jones;2026-06-08;50997.23046875;51277.1484375;50732.3515625;50786.01171875;50786.01171875;477180000
2026-09-04;Dow Jones;2026-06-09;50814.421875;51260.921875;50211.12109375;50872.109375;50872.109375;566610000
2026-09-04;Dow Jones;2026-06-10;50760.12109375;50769.26171875;49909.0703125;49918.78125;49918.78125;503790000
2026-09-04;Dow Jones;2026-06-11;49972.0703125;50968.94921875;49972.0703125;50848.75;50848.75;516860000
2026-09-04;Dow Jones;2026-06-12;51148.73046875;51409.69921875;50827.83984375;51202.26171875;51202.26171875;427710000
2026-09-04;Dow Jones;2026-06-15;51364.55078125;51945.890625;51364.55078125;51671.03125;51671.03125;509660000
2026-09-04;Dow Jones;2026-06-16;51712.62890625;52190.2890625;51712.62890625;51999.671875;51999.671875;447100000
2026-09-04;Dow Jones;2026-06-17;51937.55859375;52281.19140625;51392.578125;51492.55078125;51492.55078125;496040000
2026-09-04;Dow Jones;2026-06-18;51571.8515625;51949.26171875;51554.53125;51564.69921875;51564.69921875;985370000
2026-09-04;Dow Jones;2026-06-22;51555.19140625;51887.8515625;51555.19140625;51712.7109375;51712.7109375;529120000
2026-09-04;Dow Jones;2026-06-23;51735.640625;51872.55859375;51301.76953125;51666.83984375;51666.83984375;548870000
2026-09-04;Dow Jones;2026-06-24;51660.75;52248.69140625;51617.73046875;51848.8984375;51848.8984375;560270000
2026-09-04;Dow Jones;2026-06-25;52009.01953125;52655.66015625;51857.78125;51920.62109375;51920.62109375;639230000
2026-09-04;Dow Jones;2026-06-26;51803.76953125;52130.0703125;51614.73828125;51876.109375;51876.109375;1297680000
2026-09-04;Dow Jones;2026-06-29;51995.140625;52311.62890625;51949.5390625;52182.73828125;52182.73828125;580440000
2026-09-04;Dow Jones;2026-06-30;52168.1796875;52387.44921875;52033.12890625;52319.19921875;52319.19921875;622980000
2026-09-04;Dow Jones;2026-07-01;52231.1796875;52742.66015625;52026.640625;52305.23828125;52305.23828125;622970000
2026-09-04;Dow Jones;2026-07-02;52395.21875;52903.8515625;52395.21875;52900.0703125;52900.0703125;548820000
2026-09-04;Dow Jones;2026-07-06;52828.44921875;53060.1015625;52648.69140625;53055.91015625;53055.91015625;467390000
2026-09-04;Dow Jones;2026-07-07;53104.05859375;53289.30078125;52774.171875;52925.1484375;52925.1484375;442010000
2026-09-04;Dow Jones;2026-07-08;52758.46875;52758.46875;52069.87109375;52348.390625;52348.390625;454130000
2026-09-04;Dow Jones;2026-07-09;52249.44140625;52574.890625;52249.44140625;52487.41015625;52487.41015625;456760000
2026-09-04;Dow Jones;2026-07-10;52622.921875;52709.75;52266.80859375;52637.01171875;52637.01171875;408090000
2026-09-04;Dow Jones;2026-07-13;52676.53125;52846.51171875;52351.12109375;52498.640625;52498.640625;399240000
2026-09-04;Dow Jones;2026-07-14;52046.359375;52695.05859375;52046.359375;52508.26953125;52508.26953125;464870000
2026-09-04;Dow Jones;2026-07-15;52604.19921875;52823.94921875;52428.5390625;52658.640625;52658.640625;506020000
2026-09-04;Dow Jones;2026-07-16;52924.859375;52924.859375;52367.421875;52552.96875;52552.96875;528320000
2026-09-04;Dow Jones;2026-07-17;52426.4609375;52610.96875;51986.73828125;52146.421875;52146.421875;549690000
2026-09-04;Dow Jones;2026-07-20;52154.5703125;52411.8984375;51781.8984375;51839.26171875;51839.26171875;397690000
2026-09-04;Dow Jones;2026-07-21;51916.7890625;52370.6484375;51890.1015625;52224.640625;52224.640625;404610000
2026-09-04;Dow Jones;2026-07-22;52287.140625;52511.2109375;52148.87109375;52218.578125;52218.578125;449100000
2026-09-04;Dow Jones;2026-07-23;51755.5390625;51885.140625;51542.05859375;51711.6484375;51711.6484375;496570000
2026-09-04;Dow Jones;2026-07-24;51791.37109375;52118.19140625;51682.359375;51947.25;51947.25;437530000
2026-09-04;Dow Jones;2026-07-27;52173.421875;52607.78125;51985.37890625;52210.078125;52210.078125;487490000
2026-09-04;Dow Jones;2026-07-28;52492.87890625;52901.87109375;52443.51953125;52747.3203125;52747.3203125;544740000
2026-09-04;Dow Jones;2026-07-29;52674.2109375;52674.2109375;51551.1796875;51594.140625;51594.140625;531850000
2026-09-04;Dow Jones;2026-07-30;52114.26953125;52266.44921875;51655.51953125;52208.05859375;52208.05859375;631410000
2026-09-04;Dow Jones;2026-07-31;52235.03125;52623.140625;51996.3203125;52485.03125;52485.03125;697510000
2026-09-04;Dow Jones;2026-08-03;52759.05859375;53230.078125;52759.05859375;53178.41015625;53178.41015625;598420000
2026-09-04;Dow Jones;2026-08-04;53641.2109375;54272.6015625;53641.2109375;54085.87890625;54085.87890625;580350000
2026-09-04;Dow Jones;2026-08-05;54266.12109375;54744.328125;54266.12109375;54349.12109375;54349.12109375;519020000
2026-09-04;Dow Jones;2026-08-06;54426.8515625;54502.87109375;53835.01953125;53885.1015625;53885.1015625;416810000
2026-09-04;Dow Jones;2026-08-07;53849.26171875;54094.6484375;53807.94140625;54036.9296875;54036.9296875;378680000
2026-09-04;Dow Jones;2026-08-10;54072.66015625;54072.66015625;53850.19140625;53975.98046875;53975.98046875;413890000
2026-09-04;Dow Jones;2026-08-11;53961.6015625;54222.8515625;53746.4296875;53791.8515625;53791.8515625;379390000
2026-09-04;Dow Jones;2026-08-12;53797.46875;53969.359375;53731.9609375;53770.26953125;53770.26953125;410990000
2026-09-04;Dow Jones;2026-08-13;53828.55078125;54049.140625;53622.4609375;53839.98828125;53839.98828125;417340000
2026-09-04;Dow Jones;2026-08-14;53842.80078125;53890.83984375;53673.46875;53732.41015625;53732.41015625;319610000
2026-09-04;Dow Jones;2026-08-17;53663.109375;53663.109375;53395.23046875;53459.78125;53459.78125;436700000
2026-09-04;Dow Jones;2026-08-18;53354.4296875;53478.76171875;53256.33984375;53343.3984375;53343.3984375;427990000
2026-09-04;Dow Jones;2026-08-19;53463.46875;53710.05859375;53399.53125;53463.05078125;53463.05078125;451460000
2026-09-04;Dow Jones;2026-08-20;53381.21875;53381.21875;52754.8984375;52759.2109375;52759.2109375;434340000
2026-09-04;Dow Jones;2026-08-21;52768.87109375;53355.921875;52768.87109375;53277.01171875;53277.01171875;424060000
2026-09-04;Dow Jones;2026-08-24;53261.94921875;53508.1796875;53261.94921875;53417.16015625;53417.16015625;416030000
2026-09-04;Dow Jones;2026-08-25;53594.921875;53675.3203125;53386.37109375;53577.3984375;53577.3984375;392910000
2026-09-04;Dow Jones;2026-08-26;53547.6796875;53639.75;53379.3984375;53463.87890625;53463.87890625;426130000
2026-09-04;Dow Jones;2026-08-27;53613.66015625;53707.62109375;53345.62109375;53569.44140625;53569.44140625;640810000
2026-09-04;Dow Jones;2026-08-28;53611.94140625;53819.6484375;53489.41015625;53559.98828125;53559.98828125;507510000
2026-09-04;Dow Jones;2026-08-31;53462.6015625;53462.6015625;53123.62109375;53185.8984375;53185.8984375;489140000
2026-09-04;Dow Jones;2026-09-01;53083.578125;53176.6015625;52691.30859375;52766.87890625;52766.87890625;403940000
2026-09-04;Dow Jones;2026-09-02;52829.578125;53227.5;52829.578125;53061.94921875;53061.94921875;414520000
2026-09-04;Dow Jones;2026-09-03;53309.171875;53746.5;53286.1484375;53686.109375;53686.109375;410262852
2026-09-04;Nasdaq 100;2023-06-13;14911.259765625;14931.830078125;14770.1396484375;14900.849609375;14900.849609375;5522100000
2026-09-04;Nasdaq 100;2023-06-14;14894.099609375;15017.099609375;14784.6201171875;15005.6904296875;15005.6904296875;5772550000
2026-09-04;Nasdaq 100;2023-06-15;14949.7001953125;15246.6201171875;14930.1201171875;15185.48046875;15185.48046875;5667520000
2026-09-04;Nasdaq 100;2023-06-16;15272.650390625;15284.650390625;15073.4501953125;15083.919921875;15083.919921875;8076530000
2026-09-04;Nasdaq 100;2023-06-20;15036.48046875;15127.419921875;14946.7197265625;15070.150390625;15070.150390625;5237710000
2026-09-04;Nasdaq 100;2023-06-21;15019.009765625;15038.900390625;14826.01953125;14867.4501953125;14867.4501953125;5194640000
2026-09-04;Nasdaq 100;2023-06-22;14797.8896484375;15044.2197265625;14794.9501953125;15042.3203125;15042.3203125;4499550000
2026-09-04;Nasdaq 100;2023-06-23;14879.23046875;14983.73046875;14821.8095703125;14891.48046875;14891.48046875;7734500000
2026-09-04;Nasdaq 100;2023-06-26;14866.66015625;14982.8203125;14687.01953125;14689.01953125;14689.01953125;4430600000
2026-09-04;Nasdaq 100;2023-06-27;14751.5703125;14972.3095703125;14726.75;14945.91015625;14945.91015625;5053660000
2026-09-04;Nasdaq 100;2023-06-28;14876.25;15051.080078125;14865.8095703125;14964.5703125;14964.5703125;4533270000
2026-09-04;Nasdaq 100;2023-06-29;14965.5498046875;14986.8896484375;14876.9404296875;14939.9501953125;14939.9501953125;4388140000
2026-09-04;Nasdaq 100;2023-06-30;15085.240234375;15213.75;15081.5703125;15179.2099609375;15179.2099609375;4661120000
2026-09-04;Nasdaq 100;2023-07-03;15190.5400390625;15232.9599609375;15153.599609375;15208.6904296875;15208.6904296875;2902300000
2026-09-04;Nasdaq 100;2023-07-05;15165.3603515625;15275.1796875;15162.66015625;15203.7802734375;15203.7802734375;5339340000
2026-09-04;Nasdaq 100;2023-07-06;15054.099609375;15106.4501953125;14969.1396484375;15089.4501953125;15089.4501953125;6113080000
2026-09-04;Nasdaq 100;2023-07-07;15070.5;15210.6298828125;15032.5595703125;15036.849609375;15036.849609375;5098120000
2026-09-04;Nasdaq 100;2023-07-10;15031.9501953125;15066.4404296875;14924.6396484375;15045.6396484375;15045.6396484375;5275390000
2026-09-04;Nasdaq 100;2023-07-11;15068.1298828125;15135.2900390625;14974.16015625;15119.0595703125;15119.0595703125;4840950000
2026-09-04;Nasdaq 100;2023-07-12;15279.349609375;15364.08984375;15209.7099609375;15307.23046875;15307.23046875;5230620000
2026-09-04;Nasdaq 100;2023-07-13;15432.48046875;15602.740234375;15420.7099609375;15571.98046875;15571.98046875;5183560000
2026-09-04;Nasdaq 100;2023-07-14;15610.0;15720.0595703125;15531.0;15565.599609375;15565.599609375;5366890000
2026-09-04;Nasdaq 100;2023-07-17;15608.2802734375;15745.669921875;15576.509765625;15713.2802734375;15713.2802734375;4593160000
2026-09-04;Nasdaq 100;2023-07-18;15671.7197265625;15895.6796875;15607.7099609375;15841.349609375;15841.349609375;4824070000
2026-09-04;Nasdaq 100;2023-07-19;15888.16015625;15932.0498046875;15781.9599609375;15826.349609375;15826.349609375;5112420000
2026-09-04;Nasdaq 100;2023-07-20;15717.669921875;15771.83984375;15429.8701171875;15466.08984375;15466.08984375;5128020000
2026-09-04;Nasdaq 100;2023-07-21;15554.9501953125;15600.5400390625;15410.5703125;15425.669921875;15425.669921875;5254180000
2026-09-04;Nasdaq 100;2023-07-24;15475.150390625;15504.669921875;15374.66015625;15448.01953125;15448.01953125;4083070000
2026-09-04;Nasdaq 100;2023-07-25;15483.0595703125;15622.6904296875;15482.0400390625;15561.419921875;15561.419921875;3812470000
2026-09-04;Nasdaq 100;2023-07-26;15514.0400390625;15571.16015625;15411.91015625;15499.259765625;15499.259765625;4322000000
2026-09-04;Nasdaq 100;2023-07-27;15734.0302734375;15795.509765625;15416.0498046875;15464.9296875;15464.9296875;5115840000
2026-09-04;Nasdaq 100;2023-07-28;15630.169921875;15788.48046875;15617.75;15750.9296875;15750.9296875;4453520000
2026-09-04;Nasdaq 100;2023-07-31;15774.2998046875;15803.5498046875;15702.740234375;15757.0;15757.0;4934440000
2026-09-04;Nasdaq 100;2023-08-01;15696.98046875;15748.4296875;15636.5703125;15718.009765625;15718.009765625;4633770000
2026-09-04;Nasdaq 100;2023-08-02;15561.150390625;15561.3603515625;15321.4404296875;15370.740234375;15370.740234375;5481960000
2026-09-04;Nasdaq 100;2023-08-03;15287.76953125;15436.58984375;15270.7197265625;15353.5400390625;15353.5400390625;6036970000
2026-09-04;Nasdaq 100;2023-08-04;15420.740234375;15523.3095703125;15258.6904296875;15274.919921875;15274.919921875;5349450000
2026-09-04;Nasdaq 100;2023-08-07;15355.6201171875;15410.849609375;15258.919921875;15407.849609375;15407.849609375;4892330000
2026-09-04;Nasdaq 100;2023-08-08;15279.41015625;15295.7998046875;15148.25;15273.0498046875;15273.0498046875;5284550000
2026-09-04;Nasdaq 100;2023-08-09;15286.990234375;15288.759765625;15077.91015625;15101.7099609375;15101.7099609375;5591360000
2026-09-04;Nasdaq 100;2023-08-10;15217.2900390625;15366.2900390625;15072.490234375;15128.83984375;15128.83984375;5299080000
2026-09-04;Nasdaq 100;2023-08-11;15010.51953125;15102.5302734375;14973.669921875;15028.0703125;15028.0703125;4638880000
2026-09-04;Nasdaq 100;2023-08-14;14988.419921875;15206.259765625;14972.009765625;15205.58984375;15205.58984375;4272020000
2026-09-04;Nasdaq 100;2023-08-15;15172.080078125;15192.8798828125;15014.3603515625;15037.650390625;15037.650390625;4473320000
2026-09-04;Nasdaq 100;2023-08-16;15021.6298828125;15077.0498046875;14874.01953125;14876.4697265625;14876.4697265625;6243760000
2026-09-04;Nasdaq 100;2023-08-17;14943.33984375;14949.580078125;14698.2900390625;14715.8095703125;14715.8095703125;5280180000
2026-09-04;Nasdaq 100;2023-08-18;14589.7099609375;14744.5703125;14557.830078125;14694.83984375;14694.83984375;4801910000
2026-09-04;Nasdaq 100;2023-08-21;14762.009765625;14958.8701171875;14739.3701171875;14936.6904296875;14936.6904296875;4363070000
2026-09-04;Nasdaq 100;2023-08-22;15035.0703125;15037.7900390625;14883.98046875;14908.9599609375;14908.9599609375;4282430000
2026-09-04;Nasdaq 100;2023-08-23;14947.580078125;15188.8603515625;14947.580078125;15148.0595703125;15148.0595703125;4127850000
2026-09-04;Nasdaq 100;2023-08-24;15278.9296875;15279.240234375;14814.830078125;14816.4404296875;14816.4404296875;4383820000
2026-09-04;Nasdaq 100;2023-08-25;14858.9296875;15001.2900390625;14715.3603515625;14941.830078125;14941.830078125;3970060000
2026-09-04;Nasdaq 100;2023-08-28;15035.48046875;15086.23046875;14948.919921875;15052.4599609375;15052.4599609375;3666680000
2026-09-04;Nasdaq 100;2023-08-29;15043.01953125;15391.5595703125;15034.5400390625;15376.5498046875;15376.5498046875;4748180000
2026-09-04;Nasdaq 100;2023-08-30;15386.669921875;15484.830078125;15341.9404296875;15462.4296875;15462.4296875;4364600000
2026-09-04;Nasdaq 100;2023-08-31;15475.4296875;15575.009765625;15466.41015625;15501.0703125;15501.0703125;4568610000
2026-09-04;Nasdaq 100;2023-09-01;15600.9501953125;15618.849609375;15429.3603515625;15490.8603515625;15490.8603515625;4033960000
2026-09-04;Nasdaq 100;2023-09-05;15460.51953125;15556.849609375;15419.9599609375;15508.240234375;15508.240234375;4379790000
2026-09-04;Nasdaq 100;2023-09-06;15467.3203125;15487.0;15289.48046875;15371.4404296875;15371.4404296875;4215320000
2026-09-04;Nasdaq 100;2023-09-07;15174.2197265625;15288.2001953125;15138.73046875;15258.51953125;15258.51953125;4320830000
2026-09-04;Nasdaq 100;2023-09-08;15265.5703125;15374.2197265625;15244.0595703125;15280.23046875;15280.23046875;4160360000
2026-09-04;Nasdaq 100;2023-09-11;15409.76953125;15482.83984375;15328.349609375;15461.8701171875;15461.8701171875;4538870000
2026-09-04;Nasdaq 100;2023-09-12;15390.58984375;15447.849609375;15278.8798828125;15289.740234375;15289.740234375;4595490000
2026-09-04;Nasdaq 100;2023-09-13;15293.26953125;15414.6103515625;15256.599609375;15348.5302734375;15348.5302734375;4840310000
2026-09-04;Nasdaq 100;2023-09-14;15433.009765625;15512.8203125;15337.1796875;15473.8896484375;15473.8896484375;4649010000
2026-09-04;Nasdaq 100;2023-09-15;15425.9501953125;15435.4501953125;15173.7099609375;15202.400390625;15202.400390625;8162210000
2026-09-04;Nasdaq 100;2023-09-18;15161.169921875;15268.9599609375;15155.4599609375;15225.3701171875;15225.3701171875;4855880000
2026-09-04;Nasdaq 100;2023-09-19;15152.5302734375;15219.919921875;15069.41015625;15191.23046875;15191.23046875;4453460000
2026-09-04;Nasdaq 100;2023-09-20;15225.33984375;15245.1904296875;14967.599609375;14969.919921875;14969.919921875;4782440000
2026-09-04;Nasdaq 100;2023-09-21;14813.490234375;14849.25;14691.6904296875;14694.240234375;14694.240234375;5014890000
2026-09-04;Nasdaq 100;2023-09-22;14756.6201171875;14855.919921875;14686.83984375;14701.099609375;14701.099609375;4302700000
2026-09-04;Nasdaq 100;2023-09-25;14662.6904296875;14771.1201171875;14615.4501953125;14768.900390625;14768.900390625;4100290000
2026-09-04;Nasdaq 100;2023-09-26;14668.4501953125;14678.48046875;14505.6796875;14545.830078125;14545.830078125;4693540000
2026-09-04;Nasdaq 100;2023-09-27;14600.1396484375;14657.2099609375;14432.599609375;14580.16015625;14580.16015625;4841410000
2026-09-04;Nasdaq 100;2023-09-28;14530.9599609375;14787.580078125;14510.169921875;14702.76953125;14702.76953125;4648390000
2026-09-04;Nasdaq 100;2023-09-29;14853.349609375;14901.849609375;14664.7802734375;14715.240234375;14715.240234375;5138500000
2026-09-04;Nasdaq 100;2023-10-02;14717.900390625;14892.1796875;14701.51953125;14837.5703125;14837.5703125;4554700000
2026-09-04;Nasdaq 100;2023-10-03;14744.0498046875;14819.8701171875;14504.1396484375;14565.6201171875;14565.6201171875;4684310000
2026-09-04;Nasdaq 100;2023-10-04;14613.23046875;14803.0400390625;14592.5595703125;14776.25;14776.25;4308070000
2026-09-04;Nasdaq 100;2023-10-05;14769.5498046875;14784.6904296875;14584.3896484375;14723.2197265625;14723.2197265625;4167470000
2026-09-04;Nasdaq 100;2023-10-06;14622.23046875;15021.3798828125;14575.9501953125;14973.240234375;14973.240234375;4309420000
2026-09-04;Nasdaq 100;2023-10-09;14871.5703125;15070.6396484375;14816.3203125;15047.150390625;15047.150390625;3835930000
2026-09-04;Nasdaq 100;2023-10-10;15074.0400390625;15241.9404296875;15050.5400390625;15131.51953125;15131.51953125;4301350000
2026-09-04;Nasdaq 100;2023-10-11;15194.5302734375;15248.2197265625;15119.6201171875;15241.1201171875;15241.1201171875;4160440000
2026-09-04;Nasdaq 100;2023-10-12;15264.1103515625;15333.98046875;15090.6904296875;15184.099609375;15184.099609375;4858620000
2026-09-04;Nasdaq 100;2023-10-13;15225.73046875;15232.3701171875;14943.419921875;14995.1201171875;14995.1201171875;4251550000
2026-09-04;Nasdaq 100;2023-10-16;15054.48046875;15209.5;15047.26953125;15172.73046875;15172.73046875;4308690000
2026-09-04;Nasdaq 100;2023-10-17;15009.259765625;15187.0595703125;14932.76953125;15122.009765625;15122.009765625;4417640000
2026-09-04;Nasdaq 100;2023-10-18;15022.2802734375;15103.8701171875;14865.8095703125;14909.259765625;14909.259765625;4617140000
2026-09-04;Nasdaq 100;2023-10-19;14981.1298828125;15023.91015625;14749.2998046875;14783.1298828125;14783.1298828125;5014790000
2026-09-04;Nasdaq 100;2023-10-20;14752.58984375;14781.2197265625;14552.1201171875;14560.8798828125;14560.8798828125;4622840000
2026-09-04;Nasdaq 100;2023-10-23;14514.1103515625;14746.3701171875;14419.0595703125;14604.849609375;14604.849609375;4669060000
2026-09-04;Nasdaq 100;2023-10-24;14678.41015625;14774.16015625;14610.330078125;14745.8603515625;14745.8603515625;4604720000
2026-09-04;Nasdaq 100;2023-10-25;14642.080078125;14643.6904296875;14362.240234375;14381.6396484375;14381.6396484375;4599850000
2026-09-04;Nasdaq 100;2023-10-26;14314.009765625;14372.509765625;14058.330078125;14109.5703125;14109.5703125;4894900000
2026-09-04;Nasdaq 100;2023-10-27;14245.75;14321.0400390625;14130.3701171875;14180.419921875;14180.419921875;4172100000
2026-09-04;Nasdaq 100;2023-10-30;14283.98046875;14388.2001953125;14225.8603515625;14335.509765625;14335.509765625;4149320000
2026-09-04;Nasdaq 100;2023-10-31;14340.8603515625;14420.4404296875;14232.400390625;14409.7802734375;14409.7802734375;4315630000
2026-09-04;Nasdaq 100;2023-11-01;14453.6796875;14677.8603515625;14441.8896484375;14664.91015625;14664.91015625;4545120000
2026-09-04;Nasdaq 100;2023-11-02;14856.9501953125;14930.759765625;14792.8095703125;14919.5498046875;14919.5498046875;4962950000
2026-09-04;Nasdaq 100;2023-11-03;14985.1201171875;15149.7802734375;14965.2900390625;15099.490234375;15099.490234375;4918750000
2026-09-04;Nasdaq 100;2023-11-06;15137.16015625;15180.1904296875;15064.91015625;15154.9296875;15154.9296875;4345850000
2026-09-04;Nasdaq 100;2023-11-07;15201.76953125;15335.4404296875;15153.3095703125;15296.01953125;15296.01953125;4354460000
2026-09-04;Nasdaq 100;2023-11-08;15313.900390625;15343.1904296875;15220.8798828125;15313.240234375;15313.240234375;4685550000
2026-09-04;Nasdaq 100;2023-11-09;15351.1201171875;15382.1103515625;15171.3203125;15187.900390625;15187.900390625;5313970000
2026-09-04;Nasdaq 100;2023-11-10;15252.3603515625;15535.2001953125;15237.169921875;15529.1201171875;15529.1201171875;4722140000
2026-09-04;Nasdaq 100;2023-11-13;15469.2099609375;15524.66015625;15404.7099609375;15482.7900390625;15482.7900390625;4349590000
2026-09-04;Nasdaq 100;2023-11-14;15744.3603515625;15850.33984375;15726.1201171875;15812.4697265625;15812.4697265625;5332490000
2026-09-04;Nasdaq 100;2023-11-15;15881.7197265625;15904.6298828125;15765.3095703125;15817.1796875;15817.1796875;5063830000
2026-09-04;Nasdaq 100;2023-11-16;15765.2001953125;15842.6298828125;15738.2197265625;15833.169921875;15833.169921875;4545180000
2026-09-04;Nasdaq 100;2023-11-17;15803.98046875;15876.8701171875;15766.9404296875;15837.990234375;15837.990234375;4408640000
2026-09-04;Nasdaq 100;2023-11-20;15845.2001953125;16056.759765625;15844.830078125;16027.0595703125;16027.0595703125;4561810000
2026-09-04;Nasdaq 100;2023-11-21;15951.5498046875;15968.08984375;15866.8203125;15933.6201171875;15933.6201171875;4128600000
2026-09-04;Nasdaq 100;2023-11-22;16025.740234375;16119.3095703125;15964.0400390625;16001.3896484375;16001.3896484375;3855240000
2026-09-04;Nasdaq 100;2023-11-24;15974.849609375;16007.4296875;15940.6201171875;15982.009765625;15982.009765625;2541840000
2026-09-04;Nasdaq 100;2023-11-27;15969.7197265625;16045.2998046875;15932.1904296875;15961.98046875;15961.98046875;4205880000
2026-09-04;Nasdaq 100;2023-11-28;15940.2900390625;16031.51953125;15921.0703125;16010.4296875;16010.4296875;4474400000
2026-09-04;Nasdaq 100;2023-11-29;16111.3603515625;16166.509765625;15976.6904296875;15987.599609375;15987.599609375;4890220000
2026-09-04;Nasdaq 100;2023-11-30;15987.66015625;16013.48046875;15825.669921875;15947.8701171875;15947.8701171875;5678070000
2026-09-04;Nasdaq 100;2023-12-01;15892.58984375;16013.75;15834.9296875;15997.580078125;15997.580078125;5607000000
2026-09-04;Nasdaq 100;2023-12-04;15837.1201171875;15852.4501953125;15695.580078125;15839.669921875;15839.669921875;6270020000
2026-09-04;Nasdaq 100;2023-12-05;15763.650390625;15931.83984375;15760.58984375;15877.7099609375;15877.7099609375;6179120000
2026-09-04;Nasdaq 100;2023-12-06;15990.2001953125;15990.9404296875;15776.9501953125;15788.0498046875;15788.0498046875;5167030000
2026-09-04;Nasdaq 100;2023-12-07;15888.23046875;16042.509765625;15875.48046875;16022.490234375;16022.490234375;5694310000
2026-09-04;Nasdaq 100;2023-12-08;15952.849609375;16100.8603515625;15937.580078125;16084.6904296875;16084.6904296875;5430840000
2026-09-04;Nasdaq 100;2023-12-11;16069.6201171875;16232.259765625;16061.8701171875;16221.73046875;16221.73046875;5607820000
2026-09-04;Nasdaq 100;2023-12-12;16209.6103515625;16354.25;16175.4599609375;16354.25;16354.25;4950100000
2026-09-04;Nasdaq 100;2023-12-13;16392.1796875;16581.0390625;16357.2099609375;16562.369140625;16562.369140625;6732040000
2026-09-04;Nasdaq 100;2023-12-14;16603.5390625;16660.7109375;16419.259765625;16537.830078125;16537.830078125;8033170000
2026-09-04;Nasdaq 100;2023-12-15;16587.0;16669.76953125;16557.009765625;16623.44921875;16623.44921875;8377630000
2026-09-04;Nasdaq 100;2023-12-18;16631.109375;16764.3203125;16629.2890625;16729.80078125;16729.80078125;5866080000
2026-09-04;Nasdaq 100;2023-12-19;16734.25;16813.009765625;16733.380859375;16811.849609375;16811.849609375;5757180000
2026-09-04;Nasdaq 100;2023-12-20;16763.640625;16860.6796875;16552.060546875;16554.16015625;16554.16015625;6294700000
2026-09-04;Nasdaq 100;2023-12-21;16719.609375;16768.01953125;16621.51953125;16757.41015625;16757.41015625;5465640000
2026-09-04;Nasdaq 100;2023-12-22;16799.01953125;16839.25;16703.5703125;16777.400390625;16777.400390625;4796600000
2026-09-04;Nasdaq 100;2023-12-26;16816.779296875;16907.509765625;16813.5703125;16878.4609375;16878.4609375;6120600000
2026-09-04;Nasdaq 100;2023-12-27;16896.140625;16922.009765625;16859.55078125;16906.80078125;16906.80078125;7480170000
2026-09-04;Nasdaq 100;2023-12-28;16963.51953125;16969.169921875;16891.3203125;16898.470703125;16898.470703125;5090570000
2026-09-04;Nasdaq 100;2023-12-29;16902.439453125;16919.509765625;16757.890625;16825.9296875;16825.9296875;5441060000
2026-09-04;Nasdaq 100;2024-01-02;16667.30078125;16686.599609375;16453.150390625;16543.939453125;16543.939453125;5791170000
2026-09-04;Nasdaq 100;2024-01-03;16413.259765625;16471.080078125;16352.1396484375;16368.490234375;16368.490234375;5449950000
2026-09-04;Nasdaq 100;2024-01-04;16290.7802734375;16419.439453125;16276.4296875;16282.009765625;16282.009765625;5289220000
2026-09-04;Nasdaq 100;2024-01-05;16281.740234375;16415.390625;16249.1904296875;16305.98046875;16305.98046875;5232820000
2026-09-04;Nasdaq 100;2024-01-08;16354.2197265625;16655.23046875;16349.3896484375;16649.869140625;16649.869140625;6337770000
2026-09-04;Nasdaq 100;2024-01-09;16531.9609375;16710.880859375;16513.73046875;16678.69921875;16678.69921875;5068410000
2026-09-04;Nasdaq 100;2024-01-10;16702.55078125;16827.369140625;16654.740234375;16793.05078125;16793.05078125;4404590000
2026-09-04;Nasdaq 100;2024-01-11;16852.189453125;16898.16015625;16618.859375;16820.900390625;16820.900390625;5044690000
2026-09-04;Nasdaq 100;2024-01-12;16855.0;16900.369140625;16776.919921875;16832.919921875;16832.919921875;4958940000
2026-09-04;Nasdaq 100;2024-01-16;16775.099609375;16895.330078125;16726.58984375;16830.7109375;16830.7109375;6386180000
2026-09-04;Nasdaq 100;2024-01-17;16705.509765625;16749.109375;16561.490234375;16736.279296875;16736.279296875;5181740000
2026-09-04;Nasdaq 100;2024-01-18;16894.330078125;16996.98046875;16818.130859375;16982.2890625;16982.2890625;5587440000
2026-09-04;Nasdaq 100;2024-01-19;17060.140625;17317.2109375;17041.849609375;17314.0;17314.0;5604950000
2026-09-04;Nasdaq 100;2024-01-22;17403.619140625;17450.30078125;17309.869140625;17330.380859375;17330.380859375;5456240000
2026-09-04;Nasdaq 100;2024-01-23;17346.94921875;17410.859375;17286.01953125;17404.2109375;17404.2109375;5207680000
2026-09-04;Nasdaq 100;2024-01-24;17562.3203125;17665.259765625;17481.970703125;17499.30078125;17499.30078125;4983210000
2026-09-04;Nasdaq 100;2024-01-25;17589.26953125;17631.33984375;17430.369140625;17516.990234375;17516.990234375;5281570000
2026-09-04;Nasdaq 100;2024-01-26;17432.869140625;17514.759765625;17395.5390625;17421.009765625;17421.009765625;4510530000
2026-09-04;Nasdaq 100;2024-01-29;17438.029296875;17603.94921875;17414.619140625;17596.26953125;17596.26953125;4979310000
2026-09-04;Nasdaq 100;2024-01-30;17556.490234375;17578.4609375;17443.76953125;17476.7109375;17476.7109375;4719240000
2026-09-04;Nasdaq 100;2024-01-31;17269.98046875;17375.3203125;17128.740234375;17137.240234375;17137.240234375;5875610000
2026-09-04;Nasdaq 100;2024-02-01;17216.990234375;17356.759765625;17175.830078125;17344.7109375;17344.7109375;5046920000
2026-09-04;Nasdaq 100;2024-02-02;17415.939453125;17682.2890625;17378.369140625;17642.73046875;17642.73046875;4800690000
2026-09-04;Nasdaq 100;2024-02-05;17634.689453125;17655.76953125;17469.619140625;17613.0390625;17613.0390625;4831020000
2026-09-04;Nasdaq 100;2024-02-06;17664.439453125;17680.619140625;17475.4296875;17572.73046875;17572.73046875;4759640000
2026-09-04;Nasdaq 100;2024-02-07;17674.58984375;17784.169921875;17637.73046875;17755.0703125;17755.0703125;4567580000
2026-09-04;Nasdaq 100;2024-02-08;17757.599609375;17814.119140625;17728.55078125;17783.169921875;17783.169921875;5675850000
2026-09-04;Nasdaq 100;2024-02-09;17820.98046875;17987.900390625;17798.810546875;17962.41015625;17962.41015625;5797260000
2026-09-04;Nasdaq 100;2024-02-12;17942.279296875;18041.44921875;17859.66015625;17882.66015625;17882.66015625;5458490000
2026-09-04;Nasdaq 100;2024-02-13;17519.80078125;17717.669921875;17478.23046875;17600.419921875;17600.419921875;5599860000
2026-09-04;Nasdaq 100;2024-02-14;17728.900390625;17815.1796875;17619.919921875;17807.630859375;17807.630859375;5092660000
2026-09-04;Nasdaq 100;2024-02-15;17815.3203125;17864.58984375;17722.310546875;17845.720703125;17845.720703125;6049100000
2026-09-04;Nasdaq 100;2024-02-16;17853.58984375;17864.16015625;17663.400390625;17685.98046875;17685.98046875;5223800000
2026-09-04;Nasdaq 100;2024-02-20;17591.169921875;17657.080078125;17399.41015625;17546.099609375;17546.099609375;5595700000
2026-09-04;Nasdaq 100;2024-02-21;17412.7890625;17482.130859375;17319.439453125;17478.91015625;17478.91015625;4845740000
2026-09-04;Nasdaq 100;2024-02-22;17857.759765625;18034.80078125;17808.259765625;18004.69921875;18004.69921875;5653930000
2026-09-04;Nasdaq 100;2024-02-23;18052.58984375;18091.619140625;17902.779296875;17937.609375;17937.609375;5077910000
2026-09-04;Nasdaq 100;2024-02-26;17970.2109375;18014.109375;17926.66015625;17933.330078125;17933.330078125;5417630000
2026-09-04;Nasdaq 100;2024-02-27;17962.580078125;17987.5390625;17871.060546875;17971.05078125;17971.05078125;5423020000
2026-09-04;Nasdaq 100;2024-02-28;17895.029296875;17931.009765625;17840.359375;17874.5;17874.5;5581690000
2026-09-04;Nasdaq 100;2024-02-29;17991.669921875;18068.51953125;17866.259765625;18043.849609375;18043.849609375;6265340000
2026-09-04;Nasdaq 100;2024-03-01;18069.2890625;18333.259765625;18064.439453125;18302.91015625;18302.91015625;5457910000
2026-09-04;Nasdaq 100;2024-03-04;18290.099609375;18313.4296875;18218.25;18226.48046875;18226.48046875;5725470000
2026-09-04;Nasdaq 100;2024-03-05;18088.7109375;18097.5;17804.5;17897.869140625;17897.869140625;6356800000
2026-09-04;Nasdaq 100;2024-03-06;18083.509765625;18142.880859375;17941.640625;18017.5703125;18017.5703125;5511370000
2026-09-04;Nasdaq 100;2024-03-07;18161.73046875;18337.94921875;18101.4296875;18297.990234375;18297.990234375;5072790000
2026-09-04;Nasdaq 100;2024-03-08;18312.7890625;18416.73046875;17995.380859375;18018.44921875;18018.44921875;5411790000
2026-09-04;Nasdaq 100;2024-03-11;17959.6796875;18003.05078125;17873.330078125;17951.689453125;17951.689453125;4917620000
2026-09-04;Nasdaq 100;2024-03-12;18063.01953125;18228.369140625;17919.330078125;18219.109375;18219.109375;5100330000
2026-09-04;Nasdaq 100;2024-03-13;18151.759765625;18163.740234375;18030.400390625;18068.470703125;18068.470703125;4839000000
2026-09-04;Nasdaq 100;2024-03-14;18114.689453125;18142.900390625;17913.630859375;18014.810546875;18014.810546875;5450980000
2026-09-04;Nasdaq 100;2024-03-15;17926.919921875;17930.470703125;17764.990234375;17808.25;17808.25;8261950000
2026-09-04;Nasdaq 100;2024-03-18;18024.240234375;18124.3203125;17973.08984375;17985.009765625;17985.009765625;5025040000
2026-09-04;Nasdaq 100;2024-03-19;17902.51953125;18039.8203125;17809.150390625;18032.19921875;18032.19921875;4758740000
2026-09-04;Nasdaq 100;2024-03-20;18067.69921875;18249.119140625;18003.240234375;18240.109375;18240.109375;5298380000
2026-09-04;Nasdaq 100;2024-03-21;18438.240234375;18464.69921875;18317.099609375;18320.380859375;18320.380859375;5134740000
2026-09-04;Nasdaq 100;2024-03-22;18293.150390625;18386.25;18267.490234375;18339.439453125;18339.439453125;4339930000
2026-09-04;Nasdaq 100;2024-03-25;18215.5390625;18337.349609375;18189.279296875;18277.060546875;18277.060546875;4636940000
2026-09-04;Nasdaq 100;2024-03-26;18329.2890625;18378.69921875;18207.880859375;18210.5390625;18210.5390625;5144260000
2026-09-04;Nasdaq 100;2024-03-27;18338.189453125;18344.08984375;18168.19921875;18280.83984375;18280.83984375;4768930000
2026-09-04;Nasdaq 100;2024-03-28;18263.41015625;18308.3203125;18231.380859375;18254.689453125;18254.689453125;5174450000
2026-09-04;Nasdaq 100;2024-04-01;18280.8203125;18391.580078125;18211.279296875;18293.19921875;18293.19921875;4798390000
2026-09-04;Nasdaq 100;2024-04-02;18076.4296875;18135.5703125;18002.26953125;18121.779296875;18121.779296875;4710280000
2026-09-04;Nasdaq 100;2024-04-03;18054.439453125;18238.669921875;18045.419921875;18160.189453125;18160.189453125;5151500000
2026-09-04;Nasdaq 100;2024-04-04;18331.01953125;18362.2890625;17875.75;17878.779296875;17878.779296875;5368700000
2026-09-04;Nasdaq 100;2024-04-05;17940.279296875;18202.9609375;17912.859375;18108.4609375;18108.4609375;4578130000
2026-09-04;Nasdaq 100;2024-04-08;18130.439453125;18178.66015625;18050.689453125;18100.189453125;18100.189453125;4386700000
2026-09-04;Nasdaq 100;2024-04-09;18188.869140625;18210.01953125;17973.0703125;18169.900390625;18169.900390625;4869190000
2026-09-04;Nasdaq 100;2024-04-10;17957.9609375;18040.830078125;17932.419921875;18011.66015625;18011.66015625;5308250000
2026-09-04;Nasdaq 100;2024-04-11;18085.109375;18337.150390625;17998.25;18307.98046875;18307.98046875;4714750000
2026-09-04;Nasdaq 100;2024-04-12;18117.669921875;18166.490234375;17952.08984375;18003.490234375;18003.490234375;4552740000
2026-09-04;Nasdaq 100;2024-04-15;18143.25;18152.080078125;17676.349609375;17706.830078125;17706.830078125;4910550000
2026-09-04;Nasdaq 100;2024-04-16;17691.44921875;17817.73046875;17660.890625;17713.66015625;17713.66015625;5001860000
2026-09-04;Nasdaq 100;2024-04-17;17785.8203125;17788.5390625;17459.5703125;17493.619140625;17493.619140625;4991470000
2026-09-04;Nasdaq 100;2024-04-18;17514.76953125;17590.810546875;17376.490234375;17394.310546875;17394.310546875;4932540000
2026-09-04;Nasdaq 100;2024-04-19;17334.7109375;17362.279296875;16973.939453125;17037.650390625;17037.650390625;5316010000
2026-09-04;Nasdaq 100;2024-04-22;17161.109375;17305.150390625;17010.25;17210.890625;17210.890625;4616730000
2026-09-04;Nasdaq 100;2024-04-23;17297.240234375;17513.310546875;17277.25;17471.470703125;17471.470703125;4951670000
2026-09-04;Nasdaq 100;2024-04-24;17613.66015625;17653.66015625;17435.330078125;17526.80078125;17526.80078125;4735870000
2026-09-04;Nasdaq 100;2024-04-25;17205.279296875;17474.4609375;17172.419921875;17430.5;17430.5;4743640000
2026-09-04;Nasdaq 100;2024-04-26;17566.220703125;17772.779296875;17533.080078125;17718.30078125;17718.30078125;4694400000
2026-09-04;Nasdaq 100;2024-04-29;17801.140625;17820.0;17671.029296875;17782.720703125;17782.720703125;4972520000
2026-09-04;Nasdaq 100;2024-04-30;17720.349609375;17768.869140625;17440.689453125;17440.689453125;17440.689453125;5229400000
2026-09-04;Nasdaq 100;2024-05-01;17382.779296875;17667.859375;17284.369140625;17318.55078125;17318.55078125;5277790000
2026-09-04;Nasdaq 100;2024-05-02;17474.919921875;17575.80078125;17290.640625;17541.5390625;17541.5390625;4901610000
2026-09-04;Nasdaq 100;2024-05-03;17848.66015625;17926.98046875;17784.779296875;17890.80078125;17890.80078125;4887310000
2026-09-04;Nasdaq 100;2024-05-06;17950.98046875;18094.4609375;17937.279296875;18093.5703125;18093.5703125;4460130000
2026-09-04;Nasdaq 100;2024-05-07;18106.330078125;18156.3203125;18061.609375;18091.44921875;18091.44921875;5041870000
2026-09-04;Nasdaq 100;2024-05-08;17987.69921875;18135.33984375;17987.69921875;18085.009765625;18085.009765625;4530190000
2026-09-04;Nasdaq 100;2024-05-09;18095.80078125;18138.01953125;18012.619140625;18113.4609375;18113.4609375;4505120000
2026-09-04;Nasdaq 100;2024-05-10;18171.150390625;18247.609375;18099.73046875;18161.1796875;18161.1796875;4402110000
2026-09-04;Nasdaq 100;2024-05-13;18228.400390625;18233.5;18147.5703125;18198.609375;18198.609375;4452750000
2026-09-04;Nasdaq 100;2024-05-14;18187.509765625;18339.580078125;18175.30078125;18322.76953125;18322.76953125;7270240000
2026-09-04;Nasdaq 100;2024-05-15;18412.810546875;18607.529296875;18359.3203125;18596.650390625;18596.650390625;8538990000
2026-09-04;Nasdaq 100;2024-05-16;18589.98046875;18669.5;18553.30078125;18557.9609375;18557.9609375;11932600000
2026-09-04;Nasdaq 100;2024-05-17;18571.8203125;18590.369140625;18462.25;18546.23046875;18546.23046875;9587280000
2026-09-04;Nasdaq 100;2024-05-20;18559.220703125;18703.830078125;18549.83984375;18674.189453125;18674.189453125;6861320000
2026-09-04;Nasdaq 100;2024-05-21;18603.990234375;18721.1796875;18589.91015625;18713.80078125;18713.80078125;6245090000
2026-09-04;Nasdaq 100;2024-05-22;18733.5390625;18756.689453125;18606.16015625;18705.19921875;18705.19921875;7277340000
2026-09-04;Nasdaq 100;2024-05-23;18907.140625;18907.5390625;18554.890625;18623.390625;18623.390625;7752800000
2026-09-04;Nasdaq 100;2024-05-24;18669.359375;18851.990234375;18664.7890625;18808.349609375;18808.349609375;5836040000
2026-09-04;Nasdaq 100;2024-05-28;18855.150390625;18875.19921875;18755.939453125;18869.439453125;18869.439453125;6293380000
2026-09-04;Nasdaq 100;2024-05-29;18708.0703125;18814.8203125;18706.619140625;18736.75;18736.75;6652480000
2026-09-04;Nasdaq 100;2024-05-30;18683.25;18705.259765625;18487.759765625;18538.66015625;18538.66015625;6659290000
2026-09-04;Nasdaq 100;2024-05-31;18550.80078125;18574.560546875;18189.779296875;18536.650390625;18536.650390625;6674090000
2026-09-04;Nasdaq 100;2024-06-03;18666.720703125;18707.220703125;18392.5703125;18600.970703125;18600.970703125;5422040000
2026-09-04;Nasdaq 100;2024-06-04;18598.0;18697.94921875;18521.849609375;18654.83984375;18654.83984375;4917350000
2026-09-04;Nasdaq 100;2024-06-05;18791.279296875;19035.869140625;18768.25;19035.05078125;19035.05078125;5325000000
2026-09-04;Nasdaq 100;2024-06-06;19053.009765625;19071.7890625;18978.859375;19021.189453125;19021.189453125;4960580000
2026-09-04;Nasdaq 100;2024-06-07;18992.580078125;19113.880859375;18958.6796875;19000.94921875;19000.94921875;4755650000
2026-09-04;Nasdaq 100;2024-06-10;18945.310546875;19089.830078125;18940.7109375;19074.669921875;19074.669921875;5207110000
2026-09-04;Nasdaq 100;2024-06-11;19031.400390625;19212.630859375;18966.560546875;19210.1796875;19210.1796875;5009220000
2026-09-04;Nasdaq 100;2024-06-12;19358.259765625;19556.900390625;19347.279296875;19465.1796875;19465.1796875;5560630000
2026-09-04;Nasdaq 100;2024-06-13;19609.05078125;19639.44921875;19473.7109375;19576.919921875;19576.919921875;4916020000
2026-09-04;Nasdaq 100;2024-06-14;19557.220703125;19664.58984375;19534.619140625;19659.80078125;19659.80078125;4973820000
2026-09-04;Nasdaq 100;2024-06-17;19681.859375;19977.83984375;19623.7109375;19902.75;19902.75;6061200000
2026-09-04;Nasdaq 100;2024-06-18;19904.4296875;19940.5;19837.859375;19908.859375;19908.859375;5796180000
2026-09-04;Nasdaq 100;2024-06-20;19962.970703125;19979.9296875;19685.029296875;19752.30078125;19752.30078125;6289300000
2026-09-04;Nasdaq 100;2024-06-21;19722.369140625;19801.970703125;19643.51953125;19700.4296875;19700.4296875;8589160000
2026-09-04;Nasdaq 100;2024-06-24;19648.23046875;19723.19921875;19472.529296875;19474.619140625;19474.619140625;5503210000
2026-09-04;Nasdaq 100;2024-06-25;19555.83984375;19712.419921875;19523.509765625;19701.130859375;19701.130859375;4848280000
2026-09-04;Nasdaq 100;2024-06-26;19671.0703125;19763.55078125;19654.1796875;19751.05078125;19751.05078125;5294310000
2026-09-04;Nasdaq 100;2024-06-27;19740.51953125;19850.810546875;19701.33984375;19789.029296875;19789.029296875;5382060000
2026-09-04;Nasdaq 100;2024-06-28;19817.0;20017.7109375;19665.849609375;19682.869140625;19682.869140625;8960940000
2026-09-04;Nasdaq 100;2024-07-01;19720.109375;19827.75;19577.5390625;19812.220703125;19812.220703125;5189990000
2026-09-04;Nasdaq 100;2024-07-02;19746.220703125;20014.919921875;19741.810546875;20011.890625;20011.890625;4526550000
2026-09-04;Nasdaq 100;2024-07-03;19995.279296875;20186.630859375;19995.279296875;20186.630859375;20186.630859375;3713960000
2026-09-04;Nasdaq 100;2024-07-05;20224.130859375;20407.0;20201.5;20391.970703125;20391.970703125;4851000000
2026-09-04;Nasdaq 100;2024-07-08;20393.890625;20455.380859375;20363.369140625;20439.5390625;20439.5390625;5286260000
2026-09-04;Nasdaq 100;2024-07-09;20504.169921875;20543.900390625;20395.5703125;20453.01953125;20453.01953125;4839140000
2026-09-04;Nasdaq 100;2024-07-10;20533.26953125;20690.970703125;20479.939453125;20675.380859375;20675.380859375;5228240000
2026-09-04;Nasdaq 100;2024-07-11;20661.41015625;20672.099609375;20165.0;20211.359375;20211.359375;6366620000
2026-09-04;Nasdaq 100;2024-07-12;20226.23046875;20526.080078125;20217.990234375;20331.490234375;20331.490234375;5845930000
2026-09-04;Nasdaq 100;2024-07-15;20401.01953125;20585.169921875;20304.529296875;20386.880859375;20386.880859375;5450350000
2026-09-04;Nasdaq 100;2024-07-16;20441.529296875;20477.0;20266.509765625;20398.619140625;20398.619140625;5812930000
2026-09-04;Nasdaq 100;2024-07-17;20041.310546875;20080.26953125;19793.75;19799.140625;19799.140625;6007280000
2026-09-04;Nasdaq 100;2024-07-18;19936.240234375;19947.98046875;19575.7890625;19705.08984375;19705.08984375;5977260000
2026-09-04;Nasdaq 100;2024-07-19;19687.80078125;19784.48046875;19479.380859375;19522.619140625;19522.619140625;4992930000
2026-09-04;Nasdaq 100;2024-07-22;19751.01953125;19861.720703125;19638.369140625;19822.869140625;19822.869140625;5093620000
2026-09-04;Nasdaq 100;2024-07-23;19783.330078125;19904.599609375;19736.220703125;19754.33984375;19754.33984375;4938000000
2026-09-04;Nasdaq 100;2024-07-24;19475.66015625;19482.55078125;19005.470703125;19032.390625;19032.390625;6735560000
2026-09-04;Nasdaq 100;2024-07-25;19041.150390625;19227.19921875;18721.7109375;18830.580078125;18830.580078125;6114350000
2026-09-04;Nasdaq 100;2024-07-26;18990.19921875;19142.6796875;18899.310546875;19023.66015625;19023.66015625;5281560000
2026-09-04;Nasdaq 100;2024-07-29;19122.4296875;19224.58984375;18974.509765625;19059.490234375;19059.490234375;4897230000
2026-09-04;Nasdaq 100;2024-07-30;19129.560546875;19165.419921875;18667.220703125;18796.26953125;18796.26953125;5564310000
2026-09-04;Nasdaq 100;2024-07-31;19222.849609375;19426.619140625;19162.91015625;19362.4296875;19362.4296875;6292560000
2026-09-04;Nasdaq 100;2024-08-01;19375.970703125;19538.970703125;18737.08984375;18890.390625;18890.390625;6664550000
2026-09-04;Nasdaq 100;2024-08-02;18494.240234375;18628.779296875;18263.5;18440.849609375;18440.849609375;6313870000
2026-09-04;Nasdaq 100;2024-08-05;17444.400390625;18169.490234375;17435.390625;17895.16015625;17895.16015625;6852190000
2026-09-04;Nasdaq 100;2024-08-06;17961.44921875;18368.6796875;17858.8203125;18077.919921875;18077.919921875;5908930000
2026-09-04;Nasdaq 100;2024-08-07;18345.44921875;18445.75;17851.080078125;17867.369140625;17867.369140625;5913620000
2026-09-04;Nasdaq 100;2024-08-08;18102.05078125;18445.41015625;17965.0703125;18413.8203125;18413.8203125;5815880000
2026-09-04;Nasdaq 100;2024-08-09;18373.890625;18567.630859375;18313.779296875;18513.099609375;18513.099609375;5783410000
2026-09-04;Nasdaq 100;2024-08-12;18548.23046875;18665.75;18433.609375;18542.029296875;18542.029296875;4890850000
2026-09-04;Nasdaq 100;2024-08-13;18724.83984375;19013.009765625;18723.740234375;19006.4296875;19006.4296875;5469160000
2026-09-04;Nasdaq 100;2024-08-14;19043.759765625;19103.0;18837.099609375;19022.6796875;19022.6796875;4985480000
2026-09-04;Nasdaq 100;2024-08-15;19251.859375;19502.919921875;19239.939453125;19490.150390625;19490.150390625;5478170000
2026-09-04;Nasdaq 100;2024-08-16;19393.73046875;19561.240234375;19376.720703125;19508.51953125;19508.51953125;5138150000
2026-09-04;Nasdaq 100;2024-08-19;19521.9296875;19767.4296875;19445.099609375;19766.490234375;19766.490234375;5564300000
2026-09-04;Nasdaq 100;2024-08-20;19736.349609375;19835.380859375;19652.1796875;19719.8203125;19719.8203125;5305260000
2026-09-04;Nasdaq 100;2024-08-21;19758.470703125;19885.33984375;19690.640625;19824.83984375;19824.83984375;4765150000
2026-09-04;Nasdaq 100;2024-08-22;19911.279296875;19938.890625;19459.859375;19491.83984375;19491.83984375;5065360000
2026-09-04;Nasdaq 100;2024-08-23;19669.779296875;19818.400390625;19526.630859375;19720.869140625;19720.869140625;5380810000
2026-09-04;Nasdaq 100;2024-08-26;19679.240234375;19726.900390625;19437.33984375;19516.439453125;19516.439453125;5110940000
2026-09-04;Nasdaq 100;2024-08-27;19450.5703125;19617.919921875;19369.529296875;19581.51953125;19581.51953125;4362380000
2026-09-04;Nasdaq 100;2024-08-28;19567.44921875;19587.0390625;19221.48046875;19350.779296875;19350.779296875;5211920000
2026-09-04;Nasdaq 100;2024-08-29;19425.279296875;19622.73046875;19281.650390625;19325.44921875;19325.44921875;5727780000
2026-09-04;Nasdaq 100;2024-08-30;19506.26953125;19582.169921875;19326.619140625;19574.640625;19574.640625;5531150000
2026-09-04;Nasdaq 100;2024-09-03;19438.109375;19438.109375;18869.80078125;18958.740234375;18958.740234375;5813970000
2026-09-04;Nasdaq 100;2024-09-04;18832.640625;19070.8203125;18808.759765625;18921.400390625;18921.400390625;5011820000
2026-09-04;Nasdaq 100;2024-09-05;18864.419921875;19102.359375;18806.830078125;18930.330078125;18930.330078125;4983030000
2026-09-04;Nasdaq 100;2024-09-06;18903.029296875;18930.76953125;18400.970703125;18421.310546875;18421.310546875;5549030000
2026-09-04;Nasdaq 100;2024-09-09;18579.80078125;18693.859375;18469.400390625;18660.779296875;18660.779296875;5132150000
2026-09-04;Nasdaq 100;2024-09-10;18722.150390625;18845.740234375;18570.669921875;18829.140625;18829.140625;4963740000
2026-09-04;Nasdaq 100;2024-09-11;18866.0;19266.390625;18531.580078125;19237.30078125;19237.30078125;6086930000
2026-09-04;Nasdaq 100;2024-09-12;19236.419921875;19456.41015625;19166.80078125;19423.0703125;19423.0703125;4983120000
2026-09-04;Nasdaq 100;2024-09-13;19396.099609375;19556.80078125;19384.689453125;19514.58984375;19514.58984375;4802880000
2026-09-04;Nasdaq 100;2024-09-16;19412.7890625;19446.060546875;19294.1796875;19423.060546875;19423.060546875;4675530000
2026-09-04;Nasdaq 100;2024-09-17;19539.75;19596.33984375;19337.119140625;19432.400390625;19432.400390625;4959520000
2026-09-04;Nasdaq 100;2024-09-18;19478.509765625;19643.509765625;19330.810546875;19344.490234375;19344.490234375;5611630000
2026-09-04;Nasdaq 100;2024-09-19;19798.7109375;19951.7890625;19723.939453125;19839.830078125;19839.830078125;5574650000
2026-09-04;Nasdaq 100;2024-09-20;19816.2890625;19845.69921875;19632.73046875;19791.490234375;19791.490234375;9914480000
2026-09-04;Nasdaq 100;2024-09-23;19848.7109375;19892.779296875;19797.8203125;19852.19921875;19852.19921875;5237310000
2026-09-04;Nasdaq 100;2024-09-24;19917.560546875;19984.470703125;19739.669921875;19944.83984375;19944.83984375;5347580000
2026-09-04;Nasdaq 100;2024-09-25;19922.279296875;20043.4296875;19921.220703125;19972.609375;19972.609375;4858060000
2026-09-04;Nasdaq 100;2024-09-26;20273.30078125;20273.30078125;19966.990234375;20115.5390625;20115.5390625;5669210000
2026-09-04;Nasdaq 100;2024-09-27;20147.279296875;20152.529296875;19964.130859375;20008.619140625;20008.619140625;5367890000
2026-09-04;Nasdaq 100;2024-09-30;19959.259765625;20072.4296875;19852.849609375;20060.689453125;20060.689453125;5846150000
2026-09-04;Nasdaq 100;2024-10-01;20046.060546875;20056.19921875;19622.2890625;19773.30078125;19773.30078125;5879980000
2026-09-04;Nasdaq 100;2024-10-02;19725.94921875;19876.69921875;19630.91015625;19802.58984375;19802.58984375;5489040000
2026-09-04;Nasdaq 100;2024-10-03;19712.330078125;19902.69921875;19688.220703125;19793.33984375;19793.33984375;5208990000
2026-09-04;Nasdaq 100;2024-10-04;20025.16015625;20045.689453125;19829.490234375;20035.01953125;20035.01953125;5136070000
2026-09-04;Nasdaq 100;2024-10-07;19954.66015625;19990.119140625;19763.0390625;19800.740234375;19800.740234375;5240320000
2026-09-04;Nasdaq 100;2024-10-08;19902.2109375;20132.669921875;19881.080078125;20107.779296875;20107.779296875;5566510000
2026-09-04;Nasdaq 100;2024-10-09;20097.560546875;20284.419921875;20047.859375;20268.859375;20268.859375;5228670000
2026-09-04;Nasdaq 100;2024-10-10;20165.25;20314.240234375;20117.19921875;20241.759765625;20241.759765625;5855390000
2026-09-04;Nasdaq 100;2024-10-11;20154.83984375;20313.19921875;20142.1796875;20271.970703125;20271.970703125;5140440000
2026-09-04;Nasdaq 100;2024-10-14;20366.060546875;20493.900390625;20355.060546875;20439.05078125;20439.05078125;4894710000
2026-09-04;Nasdaq 100;2024-10-15;20442.76953125;20484.310546875;20083.560546875;20159.830078125;20159.830078125;6522700000
2026-09-04;Nasdaq 100;2024-10-16;20172.869140625;20200.58984375;20036.73046875;20174.05078125;20174.05078125;5257570000
2026-09-04;Nasdaq 100;2024-10-17;20375.2890625;20377.650390625;20186.4296875;20190.419921875;20190.419921875;5806860000
2026-09-04;Nasdaq 100;2024-10-18;20288.48046875;20360.2890625;20273.55078125;20324.0390625;20324.0390625;5090190000
2026-09-04;Nasdaq 100;2024-10-21;20280.490234375;20386.6796875;20193.029296875;20361.470703125;20361.470703125;6092180000
2026-09-04;Nasdaq 100;2024-10-22;20256.970703125;20437.9296875;20218.849609375;20390.4609375;20390.4609375;6407180000
2026-09-04;Nasdaq 100;2024-10-23;20303.55078125;20312.779296875;19934.919921875;20066.9609375;20066.9609375;6245610000
2026-09-04;Nasdaq 100;2024-10-24;20197.619140625;20256.380859375;20116.880859375;20232.869140625;20232.869140625;5761280000
2026-09-04;Nasdaq 100;2024-10-25;20354.91015625;20552.8203125;20322.25;20352.01953125;20352.01953125;6100040000
2026-09-04;Nasdaq 100;2024-10-28;20455.009765625;20470.4296875;20344.8203125;20351.0703125;20351.0703125;5641660000
2026-09-04;Nasdaq 100;2024-10-29;20369.080078125;20600.099609375;20294.580078125;20550.650390625;20550.650390625;6881170000
2026-09-04;Nasdaq 100;2024-10-30;20510.919921875;20559.51953125;20378.75;20387.69921875;20387.69921875;6514690000
2026-09-04;Nasdaq 100;2024-10-31;20227.189453125;20227.189453125;19880.259765625;19890.419921875;19890.419921875;6411940000
2026-09-04;Nasdaq 100;2024-11-01;19955.830078125;20162.5390625;19950.990234375;20033.140625;20033.140625;5896470000
2026-09-04;Nasdaq 100;2024-11-04;20011.55078125;20106.990234375;19898.5703125;19963.599609375;19963.599609375;5762320000
2026-09-04;Nasdaq 100;2024-11-05;20042.9296875;20249.2109375;20042.9296875;20227.4609375;20227.4609375;7060340000
2026-09-04;Nasdaq 100;2024-11-06;20571.2890625;20807.029296875;20526.640625;20781.330078125;20781.330078125;8138050000
2026-09-04;Nasdaq 100;2024-11-07;20896.41015625;21132.80078125;20896.41015625;21101.5703125;21101.5703125;9232670000
2026-09-04;Nasdaq 100;2024-11-08;21083.580078125;21155.0;21050.3203125;21117.1796875;21117.1796875;7316010000
2026-09-04;Nasdaq 100;2024-11-11;21171.240234375;21182.029296875;20993.48046875;21106.58984375;21106.58984375;8087930000
2026-09-04;Nasdaq 100;2024-11-12;21105.490234375;21144.669921875;20946.740234375;21070.7890625;21070.7890625;7816410000
2026-09-04;Nasdaq 100;2024-11-13;21049.66015625;21154.939453125;20955.240234375;21036.16015625;21036.16015625;9623670000
2026-09-04;Nasdaq 100;2024-11-14;21052.0703125;21067.66015625;20864.01953125;20896.669921875;20896.669921875;8680480000
2026-09-04;Nasdaq 100;2024-11-15;20679.98046875;20684.560546875;20315.080078125;20394.130859375;20394.130859375;8002270000
2026-09-04;Nasdaq 100;2024-11-18;20450.2109375;20622.279296875;20401.259765625;20539.189453125;20539.189453125;8455360000
2026-09-04;Nasdaq 100;2024-11-19;20435.6796875;20696.470703125;20423.30078125;20684.58984375;20684.58984375;7246610000
2026-09-04;Nasdaq 100;2024-11-20;20660.83984375;20676.5703125;20402.5390625;20667.099609375;20667.099609375;7121670000
2026-09-04;Nasdaq 100;2024-11-21;20775.26953125;20814.9296875;20436.80078125;20740.779296875;20740.779296875;7492540000
2026-09-04;Nasdaq 100;2024-11-22;20737.490234375;20797.240234375;20655.720703125;20776.23046875;20776.23046875;6575820000
2026-09-04;Nasdaq 100;2024-11-25;20918.759765625;20998.490234375;20712.380859375;20804.890625;20804.890625;7932980000
2026-09-04;Nasdaq 100;2024-11-26;20871.55078125;20944.900390625;20832.400390625;20922.900390625;20922.900390625;6411770000
2026-09-04;Nasdaq 100;2024-11-27;20852.4296875;20853.080078125;20615.419921875;20744.490234375;20744.490234375;5619090000
2026-09-04;Nasdaq 100;2024-11-29;20771.01953125;20956.310546875;20751.9609375;20930.369140625;20930.369140625;4042550000
2026-09-04;Nasdaq 100;2024-12-02;20971.759765625;21201.029296875;20971.759765625;21164.599609375;21164.599609375;6370530000
2026-09-04;Nasdaq 100;2024-12-03;21106.509765625;21235.7890625;21081.810546875;21229.3203125;21229.3203125;6005160000
2026-09-04;Nasdaq 100;2024-12-04;21361.810546875;21498.439453125;21340.83984375;21492.359375;21492.359375;7870030000
2026-09-04;Nasdaq 100;2024-12-05;21488.51953125;21517.490234375;21411.529296875;21425.220703125;21425.220703125;7229510000
2026-09-04;Nasdaq 100;2024-12-06;21458.580078125;21626.310546875;21449.619140625;21622.25;21622.25;6787610000
2026-09-04;Nasdaq 100;2024-12-09;21573.759765625;21609.990234375;21400.76953125;21440.8203125;21440.8203125;7884620000
2026-09-04;Nasdaq 100;2024-12-10;21492.509765625;21567.01953125;21313.26953125;21368.1796875;21368.1796875;6843850000
2026-09-04;Nasdaq 100;2024-12-11;21540.380859375;21784.7109375;21533.890625;21763.98046875;21763.98046875;6639720000
2026-09-04;Nasdaq 100;2024-12-12;21652.849609375;21715.830078125;21596.669921875;21615.26953125;21615.26953125;7047550000
2026-09-04;Nasdaq 100;2024-12-13;21789.650390625;21886.740234375;21646.08984375;21780.25;21780.25;6028250000
2026-09-04;Nasdaq 100;2024-12-16;21891.359375;22133.220703125;21879.740234375;22096.66015625;22096.66015625;8855040000
2026-09-04;Nasdaq 100;2024-12-17;22003.640625;22062.0;21921.2109375;22001.080078125;22001.080078125;9534350000
2026-09-04;Nasdaq 100;2024-12-18;21979.529296875;22038.080078125;21146.830078125;21209.3203125;21209.3203125;9996120000
2026-09-04;Nasdaq 100;2024-12-19;21358.7890625;21413.740234375;21093.4609375;21110.509765625;21110.509765625;8029590000
2026-09-04;Nasdaq 100;2024-12-20;20939.640625;21540.3203125;20913.720703125;21289.150390625;21289.150390625;10962450000
2026-09-04;Nasdaq 100;2024-12-23;21364.259765625;21510.08984375;21224.26953125;21503.169921875;21503.169921875;6820720000
2026-09-04;Nasdaq 100;2024-12-24;21564.369140625;21797.650390625;21558.970703125;21797.650390625;21797.650390625;4739190000
2026-09-04;Nasdaq 100;2024-12-26;21733.98046875;21837.69921875;21645.619140625;21768.310546875;21768.310546875;6467910000
2026-09-04;Nasdaq 100;2024-12-27;21633.099609375;21642.259765625;21292.189453125;21473.01953125;21473.01953125;7765120000
2026-09-04;Nasdaq 100;2024-12-30;21189.099609375;21346.060546875;21046.630859375;21197.08984375;21197.08984375;8384090000
2026-09-04;Nasdaq 100;2024-12-31;21256.01953125;21276.140625;20979.51953125;21012.169921875;21012.169921875;8873030000
2026-09-04;Nasdaq 100;2025-01-02;21120.05078125;21236.58984375;20800.5;20975.619140625;20975.619140625;8737550000
2026-09-04;Nasdaq 100;2025-01-03;21096.7890625;21359.630859375;21075.890625;21326.16015625;21326.16015625;8214050000
2026-09-04;Nasdaq 100;2025-01-06;21551.1796875;21703.490234375;21462.51953125;21559.5;21559.5;9586840000
2026-09-04;Nasdaq 100;2025-01-07;21619.890625;21621.25;21101.08984375;21173.0390625;21173.0390625;13371130000
2026-09-04;Nasdaq 100;2025-01-08;21156.759765625;21242.609375;20992.080078125;21180.970703125;21180.970703125;8851720000
2026-09-04;Nasdaq 100;2025-01-10;21012.2890625;21015.509765625;20718.779296875;20847.580078125;20847.580078125;8608880000
2026-09-04;Nasdaq 100;2025-01-13;20593.650390625;20797.099609375;20538.330078125;20784.720703125;20784.720703125;7830760000
2026-09-04;Nasdaq 100;2025-01-14;20896.359375;20969.51953125;20622.720703125;20757.41015625;20757.41015625;7168110000
2026-09-04;Nasdaq 100;2025-01-15;21067.810546875;21286.009765625;21024.26953125;21237.849609375;21237.849609375;7260250000
2026-09-04;Nasdaq 100;2025-01-16;21324.98046875;21330.58984375;21087.849609375;21091.25;21091.25;7085990000
2026-09-04;Nasdaq 100;2025-01-17;21461.900390625;21515.759765625;21334.630859375;21441.16015625;21441.16015625;7996360000
2026-09-04;Nasdaq 100;2025-01-21;21557.8203125;21620.23046875;21379.060546875;21566.509765625;21566.509765625;8015780000
2026-09-04;Nasdaq 100;2025-01-22;21756.23046875;21943.0390625;21756.23046875;21853.0;21853.0;7219060000
2026-09-04;Nasdaq 100;2025-01-23;21737.240234375;21900.9296875;21722.0390625;21900.9296875;21900.9296875;6837700000
2026-09-04;Nasdaq 100;2025-01-24;21915.48046875;21945.48046875;21709.060546875;21774.009765625;21774.009765625;7708150000
2026-09-04;Nasdaq 100;2025-01-27;21000.169921875;21292.5390625;20974.900390625;21127.279296875;21127.279296875;8870200000
2026-09-04;Nasdaq 100;2025-01-28;21186.080078125;21500.73046875;21043.130859375;21463.0390625;21463.0390625;7121740000
2026-09-04;Nasdaq 100;2025-01-29;21473.009765625;21477.880859375;21251.80078125;21411.4609375;21411.4609375;6497710000
2026-09-04;Nasdaq 100;2025-01-30;21519.810546875;21623.44921875;21308.689453125;21508.119140625;21508.119140625;6679500000
2026-09-04;Nasdaq 100;2025-01-31;21661.560546875;21846.009765625;21425.7890625;21478.05078125;21478.05078125;7947370000
2026-09-04;Nasdaq 100;2025-02-03;21084.640625;21406.580078125;21004.349609375;21297.580078125;21297.580078125;8272460000
2026-09-04;Nasdaq 100;2025-02-04;21319.580078125;21582.400390625;21308.240234375;21566.919921875;21566.919921875;6477050000
2026-09-04;Nasdaq 100;2025-02-05;21453.869140625;21662.98046875;21408.640625;21658.16015625;21658.16015625;6712220000
2026-09-04;Nasdaq 100;2025-02-06;21674.169921875;21776.080078125;21618.25;21774.0703125;21774.0703125;6642100000
2026-09-04;Nasdaq 100;2025-02-07;21776.279296875;21869.3203125;21465.4609375;21491.310546875;21491.310546875;7748940000
2026-09-04;Nasdaq 100;2025-02-10;21670.060546875;21793.130859375;21645.169921875;21756.73046875;21756.73046875;9535440000
2026-09-04;Nasdaq 100;2025-02-11;21629.109375;21776.25;21625.509765625;21693.51953125;21693.51953125;9269380000
2026-09-04;Nasdaq 100;2025-02-12;21475.41015625;21745.66015625;21454.189453125;21719.259765625;21719.259765625;7946550000
2026-09-04;Nasdaq 100;2025-02-13;21786.16015625;22038.150390625;21758.0390625;22030.7109375;22030.7109375;8414510000
2026-09-04;Nasdaq 100;2025-02-14;22038.609375;22139.4296875;22010.349609375;22114.689453125;22114.689453125;7995720000
2026-09-04;Nasdaq 100;2025-02-18;22176.009765625;22191.369140625;22029.580078125;22164.609375;22164.609375;8683170000
2026-09-04;Nasdaq 100;2025-02-19;22121.73046875;22222.609375;22045.75;22175.599609375;22175.599609375;8171530000
2026-09-04;Nasdaq 100;2025-02-20;22132.7109375;22148.439453125;21878.75;22068.060546875;22068.060546875;7329270000
2026-09-04;Nasdaq 100;2025-02-21;22110.5390625;22115.2109375;21597.16015625;21614.080078125;21614.080078125;8461020000
2026-09-04;Nasdaq 100;2025-02-24;21669.359375;21727.580078125;21341.9609375;21352.080078125;21352.080078125;7414760000
2026-09-04;Nasdaq 100;2025-02-25;21318.76953125;21326.810546875;20930.580078125;21087.25;21087.25;7991440000
2026-09-04;Nasdaq 100;2025-02-26;21170.509765625;21350.51953125;21012.619140625;21132.919921875;21132.919921875;7034450000
2026-09-04;Nasdaq 100;2025-02-27;21281.359375;21323.91015625;20540.6796875;20550.94921875;20550.94921875;7700290000
2026-09-04;Nasdaq 100;2025-02-28;20518.650390625;20900.76953125;20407.44921875;20884.41015625;20884.41015625;8247520000
2026-09-04;Nasdaq 100;2025-03-03;20989.580078125;21073.80078125;20279.5;20425.580078125;20425.580078125;8170140000
2026-09-04;Nasdaq 100;2025-03-04;20281.880859375;20688.4609375;20034.6796875;20352.529296875;20352.529296875;8469180000
2026-09-04;Nasdaq 100;2025-03-05;20363.220703125;20688.720703125;20182.5703125;20628.4609375;20628.4609375;7048430000
2026-09-04;Nasdaq 100;2025-03-06;20231.740234375;20473.41015625;19968.560546875;20052.630859375;20052.630859375;7686200000
2026-09-04;Nasdaq 100;2025-03-07;20015.619140625;20253.220703125;19736.810546875;20201.369140625;20201.369140625;8135420000
2026-09-04;Nasdaq 100;2025-03-10;19826.9609375;19867.080078125;19243.310546875;19430.94921875;19430.94921875;8636040000
2026-09-04;Nasdaq 100;2025-03-11;19405.51953125;19659.4296875;19180.560546875;19376.9609375;19376.9609375;9177320000
2026-09-04;Nasdaq 100;2025-03-12;19663.390625;19756.08984375;19375.25;19596.01953125;19596.01953125;7746430000
2026-09-04;Nasdaq 100;2025-03-13;19534.369140625;19558.560546875;19152.5703125;19225.48046875;19225.48046875;7147050000
2026-09-04;Nasdaq 100;2025-03-14;19458.890625;19729.2109375;19436.0390625;19704.640625;19704.640625;7093850000
2026-09-04;Nasdaq 100;2025-03-17;19670.689453125;19943.810546875;19622.470703125;19812.240234375;19812.240234375;6306340000
2026-09-04;Nasdaq 100;2025-03-18;19657.099609375;19676.05078125;19397.080078125;19483.359375;19483.359375;6450530000
2026-09-04;Nasdaq 100;2025-03-19;19576.3203125;19921.619140625;19497.7890625;19736.66015625;19736.66015625;6302310000
2026-09-04;Nasdaq 100;2025-03-20;19558.279296875;19888.849609375;19549.310546875;19677.609375;19677.609375;6098330000
2026-09-04;Nasdaq 100;2025-03-21;19466.439453125;19767.98046875;19409.1796875;19753.970703125;19753.970703125;8837930000
2026-09-04;Nasdaq 100;2025-03-24;20041.2109375;20208.83984375;20024.970703125;20180.44921875;20180.44921875;6787790000
2026-09-04;Nasdaq 100;2025-03-25;20196.5;20292.189453125;20164.0703125;20287.830078125;20287.830078125;6475790000
2026-09-04;Nasdaq 100;2025-03-26;20239.0390625;20270.189453125;19848.490234375;19916.990234375;19916.990234375;9091510000
2026-09-04;Nasdaq 100;2025-03-27;19814.609375;20003.359375;19740.220703125;19798.619140625;19798.619140625;8002470000
2026-09-04;Nasdaq 100;2025-03-28;19718.4609375;19752.44921875;19241.5390625;19281.400390625;19281.400390625;7015410000
2026-09-04;Nasdaq 100;2025-03-31;18998.5390625;19316.060546875;18799.19921875;19278.44921875;19278.44921875;8122180000
2026-09-04;Nasdaq 100;2025-04-01;19192.76953125;19468.619140625;19095.169921875;19436.419921875;19436.419921875;7756540000
2026-09-04;Nasdaq 100;2025-04-02;19182.390625;19707.33984375;19157.19921875;19581.779296875;19581.779296875;9126630000
2026-09-04;Nasdaq 100;2025-04-03;18774.150390625;18902.0703125;18502.970703125;18521.470703125;18521.470703125;9461330000
2026-09-04;Nasdaq 100;2025-04-04;18022.16015625;18089.25;17387.830078125;17397.69921875;17397.69921875;11038180000
2026-09-04;Nasdaq 100;2025-04-07;16771.76953125;18191.5;16542.19921875;17430.6796875;17430.6796875;12483580000
2026-09-04;Nasdaq 100;2025-04-08;18034.4609375;18207.009765625;16850.1796875;17090.400390625;17090.400390625;10496650000
2026-09-04;Nasdaq 100;2025-04-09;17116.529296875;19234.01953125;17082.359375;19145.060546875;19145.060546875;13479740000
2026-09-04;Nasdaq 100;2025-04-10;18626.109375;18710.580078125;17794.5;18343.5703125;18343.5703125;11861670000
2026-09-04;Nasdaq 100;2025-04-11;18309.2890625;18728.94921875;18153.3203125;18690.05078125;18690.05078125;9444890000
2026-09-04;Nasdaq 100;2025-04-14;19095.490234375;19115.150390625;18614.759765625;18796.01953125;18796.01953125;9667260000
2026-09-04;Nasdaq 100;2025-04-15;18831.98046875;19004.169921875;18754.869140625;18830.23046875;18830.23046875;7483050000
2026-09-04;Nasdaq 100;2025-04-16;18475.759765625;18597.3203125;17995.9609375;18257.640625;18257.640625;7909190000
2026-09-04;Nasdaq 100;2025-04-17;18369.900390625;18401.05078125;18144.4609375;18258.08984375;18258.08984375;7046290000
2026-09-04;Nasdaq 100;2025-04-21;18023.009765625;18043.080078125;17592.919921875;17808.30078125;17808.30078125;6678730000
2026-09-04;Nasdaq 100;2025-04-22;18033.900390625;18396.390625;17993.240234375;18276.41015625;18276.41015625;6981900000
2026-09-04;Nasdaq 100;2025-04-23;18870.630859375;19043.009765625;18618.890625;18693.259765625;18693.259765625;8564870000
2026-09-04;Nasdaq 100;2025-04-24;18756.529296875;19224.80078125;18744.470703125;19214.400390625;19214.400390625;7607400000
2026-09-04;Nasdaq 100;2025-04-25;19209.720703125;19447.560546875;19133.23046875;19432.560546875;19432.560546875;7412930000
2026-09-04;Nasdaq 100;2025-04-28;19432.720703125;19519.330078125;19162.4609375;19427.2890625;19427.2890625;10313290000
2026-09-04;Nasdaq 100;2025-04-29;19315.94921875;19582.76953125;19304.830078125;19544.94921875;19544.94921875;13001930000
2026-09-04;Nasdaq 100;2025-04-30;19168.08984375;19612.759765625;19011.98046875;19571.01953125;19571.01953125;8595330000
2026-09-04;Nasdaq 100;2025-05-01;19866.830078125;20024.48046875;19763.140625;19786.7109375;19786.7109375;8409690000
2026-09-04;Nasdaq 100;2025-05-02;19986.609375;20176.599609375;19936.669921875;20102.609375;20102.609375;8180190000
2026-09-04;Nasdaq 100;2025-05-05;19928.8203125;20100.609375;19899.279296875;19967.939453125;19967.939453125;7075320000
2026-09-04;Nasdaq 100;2025-05-06;19709.640625;19927.23046875;19659.3203125;19791.349609375;19791.349609375;6958220000
2026-09-04;Nasdaq 100;2025-05-07;19804.5;19960.859375;19605.0703125;19867.970703125;19867.970703125;7977870000
2026-09-04;Nasdaq 100;2025-05-08;20067.4296875;20249.759765625;19907.669921875;20063.560546875;20063.560546875;8500390000
2026-09-04;Nasdaq 100;2025-05-09;20170.369140625;20203.580078125;19984.529296875;20061.44921875;20061.44921875;8835140000
2026-09-04;Nasdaq 100;2025-05-12;20818.779296875;20870.119140625;20613.26953125;20868.150390625;20868.150390625;10717670000
2026-09-04;Nasdaq 100;2025-05-13;20906.919921875;21259.390625;20891.1796875;21197.69921875;21197.69921875;9242230000
2026-09-04;Nasdaq 100;2025-05-14;21254.470703125;21336.48046875;21199.849609375;21319.2109375;21319.2109375;11744820000
2026-09-04;Nasdaq 100;2025-05-15;21206.73046875;21443.880859375;21168.169921875;21335.8203125;21335.8203125;10546350000
2026-09-04;Nasdaq 100;2025-05-16;21375.630859375;21428.7890625;21246.419921875;21427.939453125;21427.939453125;10509820000
2026-09-04;Nasdaq 100;2025-05-19;21138.130859375;21464.560546875;21138.130859375;21447.05078125;21447.05078125;13080030000
2026-09-04;Nasdaq 100;2025-05-20;21347.630859375;21399.990234375;21226.66015625;21367.369140625;21367.369140625;9047100000
2026-09-04;Nasdaq 100;2025-05-21;21217.310546875;21482.98046875;21002.099609375;21080.359375;21080.359375;11112460000
2026-09-04;Nasdaq 100;2025-05-22;21097.4609375;21263.1796875;21046.220703125;21112.470703125;21112.470703125;8289710000
2026-09-04;Nasdaq 100;2025-05-23;20806.369140625;21025.580078125;20777.970703125;20915.66015625;20915.66015625;8730370000
2026-09-04;Nasdaq 100;2025-05-27;21201.44921875;21429.3203125;21145.130859375;21414.990234375;21414.990234375;8927760000
2026-09-04;Nasdaq 100;2025-05-28;21451.689453125;21508.080078125;21296.509765625;21318.169921875;21318.169921875;8087530000
2026-09-04;Nasdaq 100;2025-05-29;21611.5390625;21611.5390625;21260.73046875;21363.94921875;21363.94921875;11016850000
2026-09-04;Nasdaq 100;2025-05-30;21330.849609375;21386.2890625;21032.560546875;21340.990234375;21340.990234375;9042260000
2026-09-04;Nasdaq 100;2025-06-02;21270.5703125;21500.359375;21199.369140625;21491.75;21491.75;7779940000
2026-09-04;Nasdaq 100;2025-06-03;21529.98046875;21715.9609375;21474.509765625;21662.580078125;21662.580078125;7990230000
2026-09-04;Nasdaq 100;2025-06-04;21689.01953125;21761.369140625;21607.330078125;21721.919921875;21721.919921875;7695660000
2026-09-04;Nasdaq 100;2025-06-05;21782.33984375;21891.890625;21472.76953125;21547.4296875;21547.4296875;8782360000
2026-09-04;Nasdaq 100;2025-06-06;21777.5;21836.5703125;21696.689453125;21761.7890625;21761.7890625;7291590000
2026-09-04;Nasdaq 100;2025-06-09;21779.1796875;21855.150390625;21729.30078125;21797.869140625;21797.869140625;9538700000
2026-09-04;Nasdaq 100;2025-06-10;21819.7890625;21961.419921875;21727.33984375;21941.919921875;21941.919921875;11221560000
2026-09-04;Nasdaq 100;2025-06-11;21994.16015625;22041.830078125;21775.26953125;21860.80078125;21860.80078125;10214190000
2026-09-04;Nasdaq 100;2025-06-12;21826.7890625;21952.0;21807.0;21913.3203125;21913.3203125;16308730000
2026-09-04;Nasdaq 100;2025-06-13;21675.939453125;21838.470703125;21591.109375;21631.0390625;21631.0390625;9001850000
2026-09-04;Nasdaq 100;2025-06-16;21783.080078125;21979.76953125;21783.080078125;21937.5703125;21937.5703125;9619130000
2026-09-04;Nasdaq 100;2025-06-17;21858.890625;21896.419921875;21680.1796875;21719.080078125;21719.080078125;8519930000
2026-09-04;Nasdaq 100;2025-06-18;21745.5;21863.0;21660.51953125;21719.689453125;21719.689453125;7818790000
2026-09-04;Nasdaq 100;2025-06-20;21834.490234375;21902.990234375;21552.810546875;21626.390625;21626.390625;9969140000
2026-09-04;Nasdaq 100;2025-06-23;21632.779296875;21871.869140625;21532.3203125;21856.330078125;21856.330078125;9088000000
2026-09-04;Nasdaq 100;2025-06-24;22053.330078125;22220.640625;22045.630859375;22190.51953125;22190.51953125;8330090000
2026-09-04;Nasdaq 100;2025-06-25;22279.689453125;22329.23046875;22175.080078125;22237.740234375;22237.740234375;8256120000
2026-09-04;Nasdaq 100;2025-06-26;22328.240234375;22466.990234375;22255.26953125;22447.2890625;22447.2890625;8383380000
2026-09-04;Nasdaq 100;2025-06-27;22484.869140625;22603.220703125;22382.7890625;22534.19921875;22534.19921875;10951070000
2026-09-04;Nasdaq 100;2025-06-30;22632.919921875;22721.5;22565.109375;22679.009765625;22679.009765625;8220420000
2026-09-04;Nasdaq 100;2025-07-01;22594.48046875;22631.259765625;22388.08984375;22478.130859375;22478.130859375;8631710000
2026-09-04;Nasdaq 100;2025-07-02;22451.810546875;22644.720703125;22448.0703125;22641.890625;22641.890625;8378750000
2026-09-04;Nasdaq 100;2025-07-03;22751.640625;22896.009765625;22736.080078125;22866.970703125;22866.970703125;6177910000
2026-09-04;Nasdaq 100;2025-07-07;22754.380859375;22776.2109375;22587.470703125;22685.5703125;22685.5703125;8345710000
2026-09-04;Nasdaq 100;2025-07-08;22735.259765625;22761.80078125;22652.439453125;22702.25;22702.25;8437480000
2026-09-04;Nasdaq 100;2025-07-09;22800.359375;22915.330078125;22733.650390625;22864.91015625;22864.91015625;9978310000
2026-09-04;Nasdaq 100;2025-07-10;22890.4296875;22907.0390625;22716.41015625;22829.259765625;22829.259765625;9781380000
2026-09-04;Nasdaq 100;2025-07-11;22757.990234375;22837.380859375;22692.80078125;22780.599609375;22780.599609375;8135800000
2026-09-04;Nasdaq 100;2025-07-14;22780.189453125;22886.939453125;22675.279296875;22855.630859375;22855.630859375;8010060000
2026-09-04;Nasdaq 100;2025-07-15;23036.859375;23051.869140625;22876.470703125;22884.58984375;22884.58984375;8399060000
2026-09-04;Nasdaq 100;2025-07-16;22895.30078125;22928.55078125;22669.369140625;22907.970703125;22907.970703125;9056640000
2026-09-04;Nasdaq 100;2025-07-17;22931.01953125;23104.720703125;22905.509765625;23081.05078125;23081.05078125;9994550000
2026-09-04;Nasdaq 100;2025-07-18;23135.08984375;23153.2109375;23018.359375;23065.470703125;23065.470703125;9354580000
2026-09-04;Nasdaq 100;2025-07-21;23124.970703125;23264.44921875;23122.9296875;23180.060546875;23180.060546875;12046970000
2026-09-04;Nasdaq 100;2025-07-22;23182.01953125;23186.359375;22953.849609375;23063.580078125;23063.580078125;10583710000
2026-09-04;Nasdaq 100;2025-07-23;23100.25;23168.490234375;23000.4609375;23162.41015625;23162.41015625;10972770000
2026-09-04;Nasdaq 100;2025-07-24;23228.7890625;23268.490234375;23150.26953125;23219.869140625;23219.869140625;12741070000
2026-09-04;Nasdaq 100;2025-07-25;23204.66015625;23326.30078125;23193.990234375;23272.25;23272.25;11028310000
2026-09-04;Nasdaq 100;2025-07-28;23343.130859375;23386.759765625;23299.810546875;23356.26953125;23356.26953125;10612580000
2026-09-04;Nasdaq 100;2025-07-29;23477.83984375;23510.919921875;23283.400390625;23308.30078125;23308.30078125;10040610000
2026-09-04;Nasdaq 100;2025-07-30;23337.330078125;23447.150390625;23226.919921875;23345.41015625;23345.41015625;9311770000
2026-09-04;Nasdaq 100;2025-07-31;23589.369140625;23589.369140625;23176.119140625;23218.119140625;23218.119140625;9917220000
2026-09-04;Nasdaq 100;2025-08-01;22941.060546875;22972.470703125;22673.880859375;22763.310546875;22763.310546875;9667420000
2026-09-04;Nasdaq 100;2025-08-04;22986.76953125;23191.0390625;22973.599609375;23188.609375;23188.609375;7355970000
2026-09-04;Nasdaq 100;2025-08-05;23235.310546875;23286.05078125;23008.140625;23018.560546875;23018.560546875;7982940000
2026-09-04;Nasdaq 100;2025-08-06;23070.94921875;23330.490234375;23042.26953125;23315.0390625;23315.0390625;8580020000
2026-09-04;Nasdaq 100;2025-08-07;23483.419921875;23560.73046875;23225.720703125;23389.529296875;23389.529296875;8979190000
2026-09-04;Nasdaq 100;2025-08-08;23458.130859375;23619.240234375;23437.609375;23611.26953125;23611.26953125;8669200000
2026-09-04;Nasdaq 100;2025-08-11;23629.01953125;23698.0;23484.25;23526.630859375;23526.630859375;9099730000
2026-09-04;Nasdaq 100;2025-08-12;23651.609375;23849.5;23524.279296875;23839.19921875;23839.19921875;8382820000
2026-09-04;Nasdaq 100;2025-08-13;23935.060546875;23969.279296875;23789.119140625;23849.0390625;23849.0390625;8763080000
2026-09-04;Nasdaq 100;2025-08-14;23775.009765625;23908.259765625;23748.98046875;23832.439453125;23832.439453125;9110860000
2026-09-04;Nasdaq 100;2025-08-15;23809.0;23813.990234375;23651.2109375;23712.0703125;23712.0703125;8158830000
2026-09-04;Nasdaq 100;2025-08-18;23692.130859375;23733.5;23637.41015625;23713.759765625;23713.759765625;8260970000
2026-09-04;Nasdaq 100;2025-08-19;23689.01953125;23695.640625;23346.33984375;23384.76953125;23384.76953125;8461660000
2026-09-04;Nasdaq 100;2025-08-20;23343.41015625;23343.41015625;22959.69921875;23249.5703125;23249.5703125;7810310000
2026-09-04;Nasdaq 100;2025-08-21;23182.759765625;23264.26953125;23046.390625;23142.580078125;23142.580078125;6530580000
2026-09-04;Nasdaq 100;2025-08-22;23184.990234375;23575.359375;23140.0390625;23498.119140625;23498.119140625;9401300000
2026-09-04;Nasdaq 100;2025-08-25;23454.279296875;23546.44921875;23382.189453125;23425.609375;23425.609375;8443200000
2026-09-04;Nasdaq 100;2025-08-26;23420.849609375;23532.509765625;23369.0390625;23525.2890625;23525.2890625;9087930000
2026-09-04;Nasdaq 100;2025-08-27;23499.669921875;23591.05078125;23434.310546875;23565.849609375;23565.849609375;8040510000
2026-09-04;Nasdaq 100;2025-08-28;23601.349609375;23741.23046875;23514.69921875;23703.44921875;23703.44921875;7807080000
2026-09-04;Nasdaq 100;2025-08-29;23607.5390625;23607.5390625;23353.9609375;23415.419921875;23415.419921875;7715430000
2026-09-04;Nasdaq 100;2025-09-02;23020.470703125;23242.279296875;22977.880859375;23231.109375;23231.109375;8183410000
2026-09-04;Nasdaq 100;2025-09-03;23388.279296875;23478.009765625;23279.119140625;23414.83984375;23414.83984375;7488290000
2026-09-04;Nasdaq 100;2025-09-04;23442.189453125;23639.0390625;23371.330078125;23633.009765625;23633.009765625;7282150000
2026-09-04;Nasdaq 100;2025-09-05;23841.98046875;23860.25;23475.330078125;23652.439453125;23652.439453125;8413730000
2026-09-04;Nasdaq 100;2025-09-08;23759.619140625;23851.810546875;23725.0390625;23762.30078125;23762.30078125;8435850000
2026-09-04;Nasdaq 100;2025-09-09;23824.330078125;23852.419921875;23698.0;23839.80078125;23839.80078125;7877410000
2026-09-04;Nasdaq 100;2025-09-10;23931.3203125;23958.5390625;23760.099609375;23849.26953125;23849.26953125;9090550000
2026-09-04;Nasdaq 100;2025-09-11;23956.5703125;24016.529296875;23883.009765625;23992.560546875;23992.560546875;10025020000
2026-09-04;Nasdaq 100;2025-09-12;24030.76953125;24137.060546875;23983.630859375;24092.189453125;24092.189453125;9023140000
2026-09-04;Nasdaq 100;2025-09-15;24178.599609375;24297.33984375;24173.140625;24293.779296875;24293.779296875;8904030000
2026-09-04;Nasdaq 100;2025-09-16;24342.75;24343.349609375;24244.2109375;24274.25;24274.25;8592240000
2026-09-04;Nasdaq 100;2025-09-17;24286.4296875;24292.060546875;23999.75;24223.689453125;24223.689453125;9325980000
2026-09-04;Nasdaq 100;2025-09-18;24421.2109375;24554.51953125;24347.5390625;24454.890625;24454.890625;10478450000
2026-09-04;Nasdaq 100;2025-09-19;24528.439453125;24641.9296875;24469.279296875;24626.25;24626.25;14632360000
2026-09-04;Nasdaq 100;2025-09-22;24588.1796875;24781.73046875;24578.08984375;24761.0703125;24761.0703125;9736270000
2026-09-04;Nasdaq 100;2025-09-23;24752.740234375;24764.30078125;24536.5;24580.169921875;24580.169921875;9822620000
2026-09-04;Nasdaq 100;2025-09-24;24648.970703125;24650.419921875;24388.58984375;24503.5703125;24503.5703125;9184030000
2026-09-04;Nasdaq 100;2025-09-25;24321.73046875;24460.66015625;24186.369140625;24397.310546875;24397.310546875;9960330000
2026-09-04;Nasdaq 100;2025-09-26;24410.94921875;24510.369140625;24297.69921875;24503.849609375;24503.849609375;8488400000
2026-09-04;Nasdaq 100;2025-09-29;24629.01953125;24741.76953125;24560.220703125;24611.349609375;24611.349609375;9046720000
2026-09-04;Nasdaq 100;2025-09-30;24597.400390625;24691.23046875;24505.140625;24679.990234375;24679.990234375;8928070000
2026-09-04;Nasdaq 100;2025-10-01;24539.25;24816.669921875;24517.759765625;24800.859375;24800.859375;10043980000
2026-09-04;Nasdaq 100;2025-10-02;24933.490234375;24944.75;24780.109375;24892.759765625;24892.759765625;9633200000
2026-09-04;Nasdaq 100;2025-10-03;24931.419921875;24958.259765625;24713.580078125;24785.51953125;24785.51953125;10515730000
2026-09-04;Nasdaq 100;2025-10-06;24986.259765625;25044.259765625;24907.599609375;24978.560546875;24978.560546875;10468830000
2026-09-04;Nasdaq 100;2025-10-07;25031.779296875;25062.9609375;24783.94921875;24840.23046875;24840.23046875;10375920000
2026-09-04;Nasdaq 100;2025-10-08;24887.3203125;25142.189453125;24882.349609375;25136.619140625;25136.619140625;10925520000
2026-09-04;Nasdaq 100;2025-10-09;25124.7890625;25139.349609375;24966.810546875;25098.1796875;25098.1796875;10713200000
2026-09-04;Nasdaq 100;2025-10-10;25116.830078125;25195.279296875;24207.150390625;24221.740234375;24221.740234375;10713200000
2026-09-04;Nasdaq 100;2025-10-13;24625.740234375;24779.650390625;24540.419921875;24750.25;24750.25;9018770000
2026-09-04;Nasdaq 100;2025-10-14;24442.9296875;24766.369140625;24256.279296875;24579.3203125;24579.3203125;9776720000
2026-09-04;Nasdaq 100;2025-10-15;24807.33984375;24933.23046875;24496.0703125;24745.359375;24745.359375;11374850000
2026-09-04;Nasdaq 100;2025-10-16;24882.220703125;24998.30078125;24481.169921875;24657.240234375;24657.240234375;11343620000
2026-09-04;Nasdaq 100;2025-10-17;24600.55078125;24881.470703125;24511.58984375;24817.94921875;24817.94921875;9552150000
2026-09-04;Nasdaq 100;2025-10-20;24991.099609375;25183.810546875;24988.669921875;25141.01953125;25141.01953125;9440620000
2026-09-04;Nasdaq 100;2025-10-21;25139.80078125;25178.23046875;25043.060546875;25127.130859375;25127.130859375;10845130000
2026-09-04;Nasdaq 100;2025-10-22;25093.640625;25127.060546875;24652.109375;24879.009765625;24879.009765625;14361150000
2026-09-04;Nasdaq 100;2025-10-23;24869.599609375;25126.779296875;24856.33984375;25097.41015625;25097.41015625;10363600000
2026-09-04;Nasdaq 100;2025-10-24;25307.75;25418.640625;25288.7109375;25358.16015625;25358.16015625;10308620000
2026-09-04;Nasdaq 100;2025-10-27;25701.94921875;25839.029296875;25656.380859375;25821.55078125;25821.55078125;10757830000
2026-09-04;Nasdaq 100;2025-10-28;25932.640625;26087.48046875;25864.490234375;26012.150390625;26012.150390625;10640830000
2026-09-04;Nasdaq 100;2025-10-29;26147.720703125;26182.099609375;25907.44921875;26119.849609375;26119.849609375;10089540000
2026-09-04;Nasdaq 100;2025-10-30;25953.779296875;26031.6796875;25732.390625;25734.810546875;25734.810546875;10564160000
2026-09-04;Nasdaq 100;2025-10-31;26055.970703125;26063.490234375;25761.279296875;25858.130859375;25858.130859375;10909250000
2026-09-04;Nasdaq 100;2025-11-03;26114.109375;26132.869140625;25887.880859375;25972.939453125;25972.939453125;10360170000
2026-09-04;Nasdaq 100;2025-11-04;25580.33984375;25762.23046875;25415.619140625;25435.69921875;25435.69921875;10227700000
2026-09-04;Nasdaq 100;2025-11-05;25433.220703125;25750.880859375;25364.900390625;25620.029296875;25620.029296875;10026890000
2026-09-04;Nasdaq 100;2025-11-06;25568.240234375;25568.240234375;25083.240234375;25130.0390625;25130.0390625;11085130000
2026-09-04;Nasdaq 100;2025-11-07;24977.73046875;25065.140625;24603.779296875;25059.810546875;25059.810546875;10141910000
2026-09-04;Nasdaq 100;2025-11-10;25418.169921875;25655.509765625;25354.439453125;25611.740234375;25611.740234375;9297320000
2026-09-04;Nasdaq 100;2025-11-11;25500.9296875;25588.259765625;25380.859375;25533.490234375;25533.490234375;7756810000
2026-09-04;Nasdaq 100;2025-11-12;25662.189453125;25663.169921875;25389.73046875;25517.330078125;25517.330078125;8449920000
2026-09-04;Nasdaq 100;2025-11-13;25386.94921875;25396.009765625;24908.599609375;24993.4609375;24993.4609375;11351410000
2026-09-04;Nasdaq 100;2025-11-14;24658.55078125;25198.9296875;24534.900390625;25008.240234375;25008.240234375;10841540000
2026-09-04;Nasdaq 100;2025-11-17;24890.099609375;25166.150390625;24649.359375;24799.919921875;24799.919921875;9744800000
2026-09-04;Nasdaq 100;2025-11-18;24651.779296875;24735.119140625;24299.2890625;24503.099609375;24503.099609375;8606260000
2026-09-04;Nasdaq 100;2025-11-19;24517.26953125;24904.66015625;24432.189453125;24640.51953125;24640.51953125;8434200000
2026-09-04;Nasdaq 100;2025-11-20;25131.490234375;25222.94921875;24021.439453125;24054.380859375;24054.380859375;10548620000
2026-09-04;Nasdaq 100;2025-11-21;24137.66015625;24521.83984375;23854.029296875;24239.5703125;24239.5703125;9931240000
2026-09-04;Nasdaq 100;2025-11-24;24462.869140625;24923.58984375;24455.650390625;24873.849609375;24873.849609375;9232160000
2026-09-04;Nasdaq 100;2025-11-25;24790.0703125;25069.5390625;24542.7109375;25018.359375;25018.359375;8498500000
2026-09-04;Nasdaq 100;2025-11-26;25168.310546875;25309.150390625;25077.859375;25236.939453125;25236.939453125;7291400000
2026-09-04;Nasdaq 100;2025-11-28;25310.279296875;25435.76953125;25280.9609375;25434.890625;25434.890625;4541070000
2026-09-04;Nasdaq 100;2025-12-01;25232.75;25443.2109375;25158.630859375;25342.849609375;25342.849609375;7859560000
2026-09-04;Nasdaq 100;2025-12-02;25449.869140625;25622.580078125;25369.359375;25555.859375;25555.859375;7588580000
2026-09-04;Nasdaq 100;2025-12-03;25443.7109375;25639.990234375;25388.439453125;25606.5390625;25606.5390625;7962730000
2026-09-04;Nasdaq 100;2025-12-04;25658.140625;25658.26953125;25450.380859375;25581.69921875;25581.69921875;7456860000
2026-09-04;Nasdaq 100;2025-12-05;25657.779296875;25827.080078125;25617.349609375;25692.05078125;25692.05078125;8248280000
2026-09-04;Nasdaq 100;2025-12-08;25758.8203125;25828.16015625;25531.75;25627.94921875;25627.94921875;8533670000
2026-09-04;Nasdaq 100;2025-12-09;25593.669921875;25698.259765625;25532.33984375;25668.689453125;25668.689453125;7192600000
2026-09-04;Nasdaq 100;2025-12-10;25631.58984375;25835.029296875;25504.30078125;25776.439453125;25776.439453125;7987900000
2026-09-04;Nasdaq 100;2025-12-11;25598.390625;25696.2890625;25372.1796875;25686.689453125;25686.689453125;8337770000
2026-09-04;Nasdaq 100;2025-12-12;25531.55078125;25605.880859375;25104.6796875;25196.73046875;25196.73046875;8724070000
2026-09-04;Nasdaq 100;2025-12-15;25352.869140625;25377.619140625;25022.810546875;25067.26953125;25067.26953125;8649240000
2026-09-04;Nasdaq 100;2025-12-16;24991.490234375;25188.759765625;24922.939453125;25132.939453125;25132.939453125;7759960000
2026-09-04;Nasdaq 100;2025-12-17;25167.859375;25193.41015625;24647.609375;24647.609375;24647.609375;8616140000
2026-09-04;Nasdaq 100;2025-12-18;25031.490234375;25164.1796875;24921.44921875;25019.369140625;25019.369140625;7977920000
2026-09-04;Nasdaq 100;2025-12-19;25147.30078125;25354.8203125;25134.259765625;25346.1796875;25346.1796875;12874560000
2026-09-04;Nasdaq 100;2025-12-22;25527.6796875;25554.029296875;25401.58984375;25461.69921875;25461.69921875;7244910000
2026-09-04;Nasdaq 100;2025-12-23;25441.419921875;25590.029296875;25403.259765625;25587.830078125;25587.830078125;7518190000
2026-09-04;Nasdaq 100;2025-12-24;25582.33984375;25665.279296875;25556.849609375;25656.150390625;25656.150390625;3885190000
2026-09-04;Nasdaq 100;2025-12-26;25692.6796875;25716.7109375;25620.3203125;25644.390625;25644.390625;5170300000
2026-09-04;Nasdaq 100;2025-12-29;25462.25;25598.140625;25440.970703125;25525.560546875;25525.560546875;6527530000
2026-09-04;Nasdaq 100;2025-12-30;25509.880859375;25577.580078125;25456.9296875;25462.560546875;25462.560546875;6769300000
2026-09-04;Nasdaq 100;2025-12-31;25464.7109375;25483.76953125;25244.859375;25249.849609375;25249.849609375;5895130000
2026-09-04;Nasdaq 100;2026-01-02;25524.26953125;25597.650390625;25086.359375;25206.169921875;25206.169921875;7331460000
2026-09-04;Nasdaq 100;2026-01-05;25471.7890625;25520.51953125;25354.66015625;25401.3203125;25401.3203125;8737320000
2026-09-04;Nasdaq 100;2026-01-06;25462.060546875;25655.119140625;25428.080078125;25639.7109375;25639.7109375;9012640000
2026-09-04;Nasdaq 100;2026-01-07;25617.80078125;25813.169921875;25592.400390625;25653.900390625;25653.900390625;8396920000
2026-09-04;Nasdaq 100;2026-01-08;25615.349609375;25622.310546875;25400.16015625;25507.099609375;25507.099609375;7723140000
2026-09-04;Nasdaq 100;2026-01-09;25518.8203125;25811.44921875;25455.970703125;25766.259765625;25766.259765625;8124420000
2026-09-04;Nasdaq 100;2026-01-12;25616.810546875;25850.859375;25602.560546875;25787.66015625;25787.66015625;8707170000
2026-09-04;Nasdaq 100;2026-01-13;25779.279296875;25873.1796875;25642.109375;25741.94921875;25741.94921875;9416400000
2026-09-04;Nasdaq 100;2026-01-14;25575.5703125;25624.189453125;25266.19921875;25465.939453125;25465.939453125;12165220000
2026-09-04;Nasdaq 100;2026-01-15;25767.30078125;25781.029296875;25520.19921875;25547.0703125;25547.0703125;9740630000
2026-09-04;Nasdaq 100;2026-01-16;25710.599609375;25735.48046875;25444.279296875;25529.259765625;25529.259765625;9514500000
2026-09-04;Nasdaq 100;2026-01-20;25155.029296875;25279.779296875;24954.1796875;24987.5703125;24987.5703125;9469480000
2026-09-04;Nasdaq 100;2026-01-21;25048.55078125;25498.810546875;24993.98046875;25326.580078125;25326.580078125;9162740000
2026-09-04;Nasdaq 100;2026-01-22;25548.380859375;25576.51953125;25399.490234375;25518.349609375;25518.349609375;9034850000
2026-09-04;Nasdaq 100;2026-01-23;25501.91015625;25709.740234375;25435.01953125;25605.470703125;25605.470703125;8228760000
2026-09-04;Nasdaq 100;2026-01-26;25631.009765625;25797.099609375;25578.76953125;25713.2109375;25713.2109375;7505250000
2026-09-04;Nasdaq 100;2026-01-27;25852.0390625;25982.58984375;25791.75;25939.740234375;25939.740234375;8026050000
2026-09-04;Nasdaq 100;2026-01-28;26121.740234375;26165.080078125;25974.66015625;26022.7890625;26022.7890625;8151580000
2026-09-04;Nasdaq 100;2026-01-29;26030.080078125;26046.33984375;25418.5390625;25884.30078125;25884.30078125;8782210000
2026-09-04;Nasdaq 100;2026-01-30;25740.189453125;25823.2890625;25456.1796875;25552.390625;25552.390625;9255930000
2026-09-04;Nasdaq 100;2026-02-02;25491.640625;25833.119140625;25478.5;25738.609375;25738.609375;8882530000
2026-09-04;Nasdaq 100;2026-02-03;25811.05078125;25840.0390625;25112.4609375;25338.619140625;25338.619140625;10306320000
2026-09-04;Nasdaq 100;2026-02-04;25240.380859375;25275.259765625;24681.26953125;24891.240234375;24891.240234375;10862000000
2026-09-04;Nasdaq 100;2026-02-05;24614.859375;24854.560546875;24455.400390625;24548.689453125;24548.689453125;10109230000
2026-09-04;Nasdaq 100;2026-02-06;24655.25;25131.33984375;24622.330078125;25075.76953125;25075.76953125;9054400000
2026-09-04;Nasdaq 100;2026-02-09;24953.6796875;25337.5390625;24876.279296875;25268.140625;25268.140625;8174050000
2026-09-04;Nasdaq 100;2026-02-10;25314.23046875;25363.119140625;25113.4296875;25127.640625;25127.640625;8513440000
2026-09-04;Nasdaq 100;2026-02-11;25335.91015625;25382.83984375;24980.2890625;25201.259765625;25201.259765625;9927010000
2026-09-04;Nasdaq 100;2026-02-12;25261.330078125;25310.560546875;24643.73046875;24687.609375;24687.609375;8855290000
2026-09-04;Nasdaq 100;2026-02-13;24662.94921875;24921.470703125;24514.9609375;24732.73046875;24732.73046875;7964830000
2026-09-04;Nasdaq 100;2026-02-17;24567.5390625;24818.30078125;24387.470703125;24701.599609375;24701.599609375;7654300000
2026-09-04;Nasdaq 100;2026-02-18;24744.880859375;25057.2109375;24696.830078125;24898.869140625;24898.869140625;7705590000
2026-09-04;Nasdaq 100;2026-02-19;24771.650390625;24890.119140625;24690.869140625;24797.33984375;24797.33984375;6984780000
2026-09-04;Nasdaq 100;2026-02-20;24637.3203125;25077.560546875;24633.599609375;25012.619140625;25012.619140625;8063070000
2026-09-04;Nasdaq 100;2026-02-23;24935.51953125;24984.8203125;24618.23046875;24708.939453125;24708.939453125;8263920000
2026-09-04;Nasdaq 100;2026-02-24;24763.83984375;25022.919921875;24643.689453125;24977.0390625;24977.0390625;7932270000
2026-09-04;Nasdaq 100;2026-02-25;25137.720703125;25343.970703125;25137.619140625;25329.0390625;25329.0390625;8427450000
2026-09-04;Nasdaq 100;2026-02-26;25278.25;25288.23046875;24820.55078125;25034.369140625;25034.369140625;9033470000
2026-09-04;Nasdaq 100;2026-02-27;24808.0;24987.9609375;24747.25;24960.0390625;24960.0390625;9552610000
2026-09-04;Nasdaq 100;2026-03-02;24599.41015625;25059.169921875;24575.5390625;24992.599609375;24992.599609375;8303030000
2026-09-04;Nasdaq 100;2026-03-03;24497.380859375;24810.25;24315.83984375;24720.080078125;24720.080078125;9705500000
2026-09-04;Nasdaq 100;2026-03-04;24850.939453125;25179.359375;24795.529296875;25093.6796875;25093.6796875;10918410000
2026-09-04;Nasdaq 100;2026-03-05;24992.73046875;25174.310546875;24744.560546875;25020.41015625;25020.41015625;10994660000
2026-09-04;Nasdaq 100;2026-03-06;24663.740234375;24886.69921875;24579.859375;24643.01953125;24643.01953125;9300220000
2026-09-04;Nasdaq 100;2026-03-09;24429.669921875;25019.16015625;24289.220703125;24967.25;24967.25;9797740000
2026-09-04;Nasdaq 100;2026-03-10;25002.609375;25189.169921875;24871.439453125;24956.470703125;24956.470703125;8800580000
2026-09-04;Nasdaq 100;2026-03-11;25053.240234375;25152.119140625;24856.599609375;24965.009765625;24965.009765625;8348570000
2026-09-04;Nasdaq 100;2026-03-12;24771.3203125;24809.26953125;24522.240234375;24533.580078125;24533.580078125;8490850000
2026-09-04;Nasdaq 100;2026-03-13;24660.189453125;24786.650390625;24336.529296875;24380.73046875;24380.73046875;8278740000
2026-09-04;Nasdaq 100;2026-03-16;24646.1796875;24794.2890625;24606.4609375;24655.33984375;24655.33984375;8208800000
2026-09-04;Nasdaq 100;2026-03-17;24760.26953125;24884.6796875;24721.560546875;24780.419921875;24780.419921875;8505210000
2026-09-04;Nasdaq 100;2026-03-18;24727.0703125;24763.580078125;24417.380859375;24425.08984375;24425.08984375;9325170000
2026-09-04;Nasdaq 100;2026-03-19;24119.369140625;24462.150390625;24100.880859375;24355.279296875;24355.279296875;8547870000
2026-09-04;Nasdaq 100;2026-03-20;24257.560546875;24267.33984375;23759.970703125;23898.150390625;23898.150390625;11743490000
2026-09-04;Nasdaq 100;2026-03-23;24270.76953125;24465.16015625;24097.6796875;24188.58984375;24188.58984375;8895880000
2026-09-04;Nasdaq 100;2026-03-24;24042.23046875;24170.830078125;23927.689453125;24002.44921875;24002.44921875;8488380000
2026-09-04;Nasdaq 100;2026-03-25;24236.400390625;24314.25;24081.380859375;24162.98046875;24162.98046875;8056920000
2026-09-04;Nasdaq 100;2026-03-26;23913.189453125;24029.509765625;23574.720703125;23586.990234375;23586.990234375;7726590000
2026-09-04;Nasdaq 100;2026-03-27;23463.740234375;23472.890625;23088.990234375;23132.76953125;23132.76953125;8713310000
2026-09-04;Nasdaq 100;2026-03-30;23307.75;23356.75;22841.419921875;22953.380859375;22953.380859375;9234380000
2026-09-04;Nasdaq 100;2026-03-31;23208.0;23789.599609375;23198.640625;23740.189453125;23740.189453125;10645070000
2026-09-04;Nasdaq 100;2026-04-01;23883.2890625;24162.6796875;23871.609375;24019.990234375;24019.990234375;8801740000
2026-09-04;Nasdaq 100;2026-04-02;23621.73046875;24076.349609375;23512.599609375;24045.529296875;24045.529296875;8134780000
2026-09-04;Nasdaq 100;2026-04-06;24143.01953125;24265.140625;24039.029296875;24192.169921875;24192.169921875;7907270000
2026-09-04;Nasdaq 100;2026-04-07;24109.5703125;24209.279296875;23779.849609375;24202.369140625;24202.369140625;10796020000
2026-09-04;Nasdaq 100;2026-04-08;25045.359375;25045.359375;24756.9296875;24903.169921875;24903.169921875;10411670000
2026-09-04;Nasdaq 100;2026-04-09;24918.279296875;25097.44921875;24788.919921875;25082.08984375;25082.08984375;8662470000
2026-09-04;Nasdaq 100;2026-04-10;25165.060546875;25226.060546875;25057.650390625;25116.33984375;25116.33984375;8700640000
2026-09-04;Nasdaq 100;2026-04-13;25069.0703125;25387.689453125;24999.19921875;25383.720703125;25383.720703125;7925320000
2026-09-04;Nasdaq 100;2026-04-14;25514.55078125;25842.0;25514.55078125;25842.0;25842.0;9105660000
2026-09-04;Nasdaq 100;2026-04-15;25859.189453125;26214.5703125;25828.759765625;26204.580078125;26204.580078125;10206480000
2026-09-04;Nasdaq 100;2026-04-16;26256.880859375;26400.51953125;26113.650390625;26333.0;26333.0;9963610000
2026-09-04;Nasdaq 100;2026-04-17;26551.16015625;26719.560546875;26481.240234375;26672.4296875;26672.4296875;10159120000
2026-09-04;Nasdaq 100;2026-04-20;26662.3203125;26670.119140625;26412.51953125;26590.33984375;26590.33984375;8379940000
2026-09-04;Nasdaq 100;2026-04-21;26658.849609375;26730.640625;26405.30078125;26479.470703125;26479.470703125;9309940000
2026-09-04;Nasdaq 100;2026-04-22;26715.919921875;26942.130859375;26662.880859375;26937.279296875;26937.279296875;8080930000
2026-09-04;Nasdaq 100;2026-04-23;26844.609375;27007.869140625;26540.3203125;26782.630859375;26782.630859375;7956600000
2026-09-04;Nasdaq 100;2026-04-24;27082.419921875;27314.2109375;26986.390625;27303.669921875;27303.669921875;10203070000
2026-09-04;Nasdaq 100;2026-04-27;27278.279296875;27315.23046875;27158.880859375;27305.6796875;27305.6796875;8126500000
2026-09-04;Nasdaq 100;2026-04-28;26988.76953125;27115.76953125;26877.58984375;27029.009765625;27029.009765625;7441950000
2026-09-04;Nasdaq 100;2026-04-29;27069.359375;27199.720703125;26995.380859375;27186.98046875;27186.98046875;8147470000
2026-09-04;Nasdaq 100;2026-04-30;27328.98046875;27488.029296875;27029.41015625;27452.119140625;27452.119140625;8139190000
2026-09-04;Nasdaq 100;2026-05-01;27508.5703125;27787.119140625;27501.4296875;27710.359375;27710.359375;7534290000
2026-09-04;Nasdaq 100;2026-05-04;27731.33984375;27822.369140625;27504.08984375;27651.8203125;27651.8203125;7849180000
2026-09-04;Nasdaq 100;2026-05-05;27895.05078125;28065.630859375;27844.23046875;28015.060546875;28015.060546875;8090030000
2026-09-04;Nasdaq 100;2026-05-06;28234.01953125;28608.6796875;28208.23046875;28599.169921875;28599.169921875;8864150000
2026-09-04;Nasdaq 100;2026-05-07;28612.5390625;28825.51953125;28440.05078125;28563.94921875;28563.94921875;9118880000
2026-09-04;Nasdaq 100;2026-05-08;28768.119140625;29234.990234375;28751.2109375;29234.990234375;29234.990234375;9577150000
2026-09-04;Nasdaq 100;2026-05-11;29185.830078125;29372.4296875;29143.19921875;29320.66015625;29320.66015625;11989910000
2026-09-04;Nasdaq 100;2026-05-12;29067.359375;29188.0703125;28628.640625;29064.80078125;29064.80078125;9631840000
2026-09-04;Nasdaq 100;2026-05-13;29159.94921875;29452.259765625;28968.55078125;29366.939453125;29366.939453125;9734720000
2026-09-04;Nasdaq 100;2026-05-14;29372.650390625;29678.890625;29350.099609375;29580.30078125;29580.30078125;9860060000
2026-09-04;Nasdaq 100;2026-05-15;29191.359375;29387.439453125;28991.419921875;29125.19921875;29125.19921875;9584430000
2026-09-04;Nasdaq 100;2026-05-18;29246.19921875;29250.150390625;28717.5703125;28994.369140625;28994.369140625;10327940000
2026-09-04;Nasdaq 100;2026-05-19;28795.01953125;29031.919921875;28567.16015625;28818.83984375;28818.83984375;9895620000
2026-09-04;Nasdaq 100;2026-05-20;29006.5703125;29301.279296875;28919.439453125;29297.69921875;29297.69921875;9268370000
2026-09-04;Nasdaq 100;2026-05-21;29150.130859375;29463.490234375;29040.0390625;29357.26953125;29357.26953125;8627780000
2026-09-04;Nasdaq 100;2026-05-22;29476.2890625;29663.890625;29423.630859375;29481.640625;29481.640625;9265090000
2026-09-04;Nasdaq 100;2026-05-26;29854.580078125;30044.490234375;29753.08984375;30001.3203125;30001.3203125;9718120000
2026-09-04;Nasdaq 100;2026-05-27;30081.279296875;30099.7890625;29808.890625;29973.5703125;29973.5703125;9240640000
2026-09-04;Nasdaq 100;2026-05-28;30030.630859375;30263.189453125;29848.759765625;30223.890625;30223.890625;9224620000
2026-09-04;Nasdaq 100;2026-05-29;30333.859375;30470.029296875;30210.009765625;30333.1796875;30333.1796875;11906000000
2026-09-04;Nasdaq 100;2026-06-01;30295.25;30633.55078125;30241.19921875;30513.859375;30513.859375;10199240000
2026-09-04;Nasdaq 100;2026-06-02;30471.609375;30670.109375;30372.9609375;30660.599609375;30660.599609375;9675650000
2026-09-04;Nasdaq 100;2026-06-03;30730.109375;30762.19921875;30441.80078125;30571.240234375;30571.240234375;9267670000
2026-09-04;Nasdaq 100;2026-06-04;30174.58984375;30541.4296875;30092.23046875;30407.810546875;30407.810546875;8999970000
2026-09-04;Nasdaq 100;2026-06-05;29992.369140625;30051.080078125;28929.880859375;28957.599609375;28957.599609375;11550140000
2026-09-04;Nasdaq 100;2026-06-08;29482.189453125;29697.900390625;29294.01953125;29414.259765625;29414.259765625;10077650000
2026-09-04;Nasdaq 100;2026-06-09;29647.349609375;29805.30078125;28196.900390625;29084.5;29084.5;12106940000
2026-09-04;Nasdaq 100;2026-06-10;28893.8203125;29212.380859375;28462.919921875;28508.029296875;28508.029296875;9519620000
2026-09-04;Nasdaq 100;2026-06-11;28731.16015625;29506.669921875;28548.5;29446.1796875;29446.1796875;10101910000
2026-09-04;Nasdaq 100;2026-06-12;29380.6796875;29733.890625;29220.830078125;29635.94921875;29635.94921875;10337400000
2026-09-04;Nasdaq 100;2026-06-15;30289.970703125;30587.16015625;30285.630859375;30543.919921875;30543.919921875;10590270000
2026-09-04;Nasdaq 100;2026-06-16;30455.490234375;30560.080078125;29962.869140625;29968.130859375;29968.130859375;11132830000
2026-09-04;Nasdaq 100;2026-06-17;30160.740234375;30208.939453125;29604.9296875;29670.94921875;29670.94921875;11443600000
2026-09-04;Nasdaq 100;2026-06-18;30261.599609375;30463.76953125;30089.349609375;30406.189453125;30406.189453125;18286150000
2026-09-04;Nasdaq 100;2026-06-22;30529.990234375;30642.5703125;30194.25;30347.080078125;30347.080078125;12844290000
2026-09-04;Nasdaq 100;2026-06-23;29369.25;29748.720703125;29276.98046875;29347.26953125;29347.26953125;14631520000
2026-09-04;Nasdaq 100;2026-06-24;29328.400390625;29592.900390625;28963.099609375;29220.060546875;29220.060546875;14936190000
2026-09-04;Nasdaq 100;2026-06-25;29843.890625;29843.890625;29000.55078125;29440.3203125;29440.3203125;9870860000
2026-09-04;Nasdaq 100;2026-06-26;29040.119140625;29413.80078125;28890.740234375;29118.240234375;29118.240234375;16594580000
2026-09-04;Nasdaq 100;2026-06-29;29310.259765625;29792.630859375;28991.51953125;29774.75;29774.75;9776230000
2026-09-04;Nasdaq 100;2026-06-30;29792.9296875;30328.7890625;29767.759765625;30276.349609375;30276.349609375;9809990000
2026-09-04;Nasdaq 100;2026-07-01;29914.279296875;30084.779296875;29787.41015625;29809.130859375;29809.130859375;9094410000
2026-09-04;Nasdaq 100;2026-07-02;29778.69921875;30044.5;29087.330078125;29329.2109375;29329.2109375;9529580000
2026-09-04;Nasdaq 100;2026-07-06;29575.5703125;29847.740234375;29553.619140625;29697.869140625;29697.869140625;7827050000
2026-09-04;Nasdaq 100;2026-07-07;29362.19921875;29426.44921875;28974.470703125;29173.01953125;29173.01953125;8244680000
2026-09-04;Nasdaq 100;2026-07-08;29030.330078125;29280.580078125;28814.5703125;29252.560546875;29252.560546875;7935740000
2026-09-04;Nasdaq 100;2026-07-09;29486.609375;29773.740234375;29398.470703125;29727.099609375;29727.099609375;7312220000
2026-09-04;Nasdaq 100;2026-07-10;29618.33984375;29856.939453125;29484.490234375;29825.109375;29825.109375;7094480000
2026-09-04;Nasdaq 100;2026-07-13;29471.01953125;29541.0;29189.2109375;29264.099609375;29264.099609375;7231310000
2026-09-04;Nasdaq 100;2026-07-14;29561.349609375;29693.76953125;29368.869140625;29586.2890625;29586.2890625;7397960000
2026-09-04;Nasdaq 100;2026-07-15;29759.80078125;29771.890625;29192.890625;29502.599609375;29502.599609375;7379560000
2026-09-04;Nasdaq 100;2026-07-16;29318.30078125;29333.060546875;28881.23046875;29025.76953125;29025.76953125;8294880000
2026-09-04;Nasdaq 100;2026-07-17;28457.330078125;28867.400390625;28231.3203125;28592.66015625;28592.66015625;7820470000
2026-09-04;Nasdaq 100;2026-07-20;28871.16015625;29017.23046875;28590.400390625;28604.23046875;28604.23046875;7184070000
2026-09-04;Nasdaq 100;2026-07-21;29059.439453125;29192.2890625;28891.0703125;29155.1796875;29155.1796875;8001540000
2026-09-04;Nasdaq 100;2026-07-22;28949.810546875;29176.91015625;28934.51953125;28998.099609375;28998.099609375;7473050000
2026-09-04;Nasdaq 100;2026-07-23;28545.98046875;28726.619140625;28274.51953125;28454.810546875;28454.810546875;7655810000
2026-09-04;Nasdaq 100;2026-07-24;28362.150390625;28471.48046875;28053.080078125;28128.33984375;28128.33984375;7266300000
2026-09-04;Nasdaq 100;2026-07-27;28412.310546875;28460.19921875;27786.5390625;28039.2109375;28039.2109375;7797890000
2026-09-04;Nasdaq 100;2026-07-28;27810.390625;27926.529296875;27452.94921875;27763.130859375;27763.130859375;8584960000
2026-09-04;Nasdaq 100;2026-07-29;27780.4609375;27954.91015625;27176.029296875;27192.310546875;27192.310546875;8276280000
2026-09-04;Nasdaq 100;2026-07-30;27755.4609375;28168.419921875;27686.369140625;28106.349609375;28106.349609375;9048570000
2026-09-04;Nasdaq 100;2026-07-31;28446.990234375;28606.779296875;27954.240234375;28274.19921875;28274.19921875;11942500000
2026-09-04;Nasdaq 100;2026-08-03;28278.58984375;28842.359375;28196.880859375;28776.80078125;28776.80078125;11118460000
2026-09-04;Nasdaq 100;2026-08-04;29109.259765625;29831.400390625;29109.259765625;29733.16015625;29733.16015625;9717920000
2026-09-04;Nasdaq 100;2026-08-05;29863.26953125;29946.939453125;29468.330078125;29487.7890625;29487.7890625;9116070000
2026-09-04;Nasdaq 100;2026-08-06;29224.380859375;29569.759765625;29123.380859375;29373.330078125;29373.330078125;8936850000
2026-09-04;Nasdaq 100;2026-08-07;29596.44921875;29747.150390625;29452.7109375;29722.30078125;29722.30078125;8183970000
2026-09-04;Nasdaq 100;2026-08-10;29709.490234375;29784.2109375;29606.470703125;29621.80078125;29621.80078125;7675200000
2026-09-04;Nasdaq 100;2026-08-11;29694.69921875;29705.80078125;29427.609375;29525.48046875;29525.48046875;7684920000
2026-09-04;Nasdaq 100;2026-08-12;29875.1796875;29881.5;29715.880859375;29742.599609375;29742.599609375;7873190000
2026-09-04;Nasdaq 100;2026-08-13;29784.060546875;30168.05078125;29757.619140625;30084.5;30084.5;8380820000
2026-09-04;Nasdaq 100;2026-08-14;30167.130859375;30179.8203125;29934.66015625;30046.140625;30046.140625;7212180000
2026-09-04;Nasdaq 100;2026-08-17;30150.779296875;30195.720703125;29971.919921875;29995.380859375;29995.380859375;7644090000
2026-09-04;Nasdaq 100;2026-08-18;29594.890625;29677.2890625;29425.08984375;29490.9609375;29490.9609375;7360790000
2026-09-04;Nasdaq 100;2026-08-19;29580.849609375;29652.30078125;29288.75;29426.01953125;29426.01953125;8173140000
2026-09-04;Nasdaq 100;2026-08-20;29295.150390625;29378.80078125;29118.0703125;29213.16015625;29213.16015625;8244680000
2026-09-04;Nasdaq 100;2026-08-21;29359.599609375;29405.119140625;29142.439453125;29308.859375;29308.859375;7410100000
2026-09-04;Nasdaq 100;2026-08-24;29094.720703125;29151.970703125;28875.9609375;29023.1796875;29023.1796875;7318150000
2026-09-04;Nasdaq 100;2026-08-25;29231.1796875;29338.76953125;29077.720703125;29209.23046875;29209.23046875;7483990000
2026-09-04;Nasdaq 100;2026-08-26;29130.76953125;29296.76953125;29096.83984375;29224.51953125;29224.51953125;7065320000
2026-09-04;Nasdaq 100;2026-08-27;29480.990234375;29643.529296875;29366.419921875;29641.560546875;29641.560546875;7448410000
2026-09-04;Nasdaq 100;2026-08-28;29545.900390625;29752.779296875;29383.919921875;29433.4296875;29433.4296875;8457870000
2026-09-04;Nasdaq 100;2026-08-31;29404.2890625;29483.900390625;29304.490234375;29456.970703125;29456.970703125;7679730000
2026-09-04;Nasdaq 100;2026-09-01;29056.580078125;29267.419921875;28953.259765625;29077.220703125;29077.220703125;6750660000
2026-09-04;Nasdaq 100;2026-09-02;29016.0;29165.619140625;28971.900390625;29143.330078125;29143.330078125;7442550000
2026-09-04;Nasdaq 100;2026-09-03;29234.41796875;29538.759765625;29160.962890625;29482.3203125;29482.3203125;1218380000
